#node	identifier	category	term ID	term description
ACO2	9606.ENSP00000216254	GO Process	GO:0001889	Liver development
ACO2	9606.ENSP00000216254	GO Process	GO:0006066	Alcohol metabolic process
ACO2	9606.ENSP00000216254	GO Process	GO:0006082	Organic acid metabolic process
ACO2	9606.ENSP00000216254	GO Process	GO:0006091	Generation of precursor metabolites and energy
ACO2	9606.ENSP00000216254	GO Process	GO:0006099	Tricarboxylic acid cycle
ACO2	9606.ENSP00000216254	GO Process	GO:0006101	Citrate metabolic process
ACO2	9606.ENSP00000216254	GO Process	GO:0006102	Isocitrate metabolic process
ACO2	9606.ENSP00000216254	GO Process	GO:0006950	Response to stress
ACO2	9606.ENSP00000216254	GO Process	GO:0007275	Multicellular organism development
ACO2	9606.ENSP00000216254	GO Process	GO:0008152	Metabolic process
ACO2	9606.ENSP00000216254	GO Process	GO:0009060	Aerobic respiration
ACO2	9606.ENSP00000216254	GO Process	GO:0009987	Cellular process
ACO2	9606.ENSP00000216254	GO Process	GO:0015980	Energy derivation by oxidation of organic compounds
ACO2	9606.ENSP00000216254	GO Process	GO:0019752	Carboxylic acid metabolic process
ACO2	9606.ENSP00000216254	GO Process	GO:0032501	Multicellular organismal process
ACO2	9606.ENSP00000216254	GO Process	GO:0032502	Developmental process
ACO2	9606.ENSP00000216254	GO Process	GO:0035900	Response to isolation stress
ACO2	9606.ENSP00000216254	GO Process	GO:0043436	Oxoacid metabolic process
ACO2	9606.ENSP00000216254	GO Process	GO:0044237	Cellular metabolic process
ACO2	9606.ENSP00000216254	GO Process	GO:0044238	Primary metabolic process
ACO2	9606.ENSP00000216254	GO Process	GO:0044281	Small molecule metabolic process
ACO2	9606.ENSP00000216254	GO Process	GO:0045333	Cellular respiration
ACO2	9606.ENSP00000216254	GO Process	GO:0048513	Animal organ development
ACO2	9606.ENSP00000216254	GO Process	GO:0048731	System development
ACO2	9606.ENSP00000216254	GO Process	GO:0048732	Gland development
ACO2	9606.ENSP00000216254	GO Process	GO:0048856	Anatomical structure development
ACO2	9606.ENSP00000216254	GO Process	GO:0050896	Response to stimulus
ACO2	9606.ENSP00000216254	GO Process	GO:0061008	Hepaticobiliary system development
ACO2	9606.ENSP00000216254	GO Process	GO:0071704	Organic substance metabolic process
ACO2	9606.ENSP00000216254	GO Process	GO:0072350	Tricarboxylic acid metabolic process
ACO2	9606.ENSP00000216254	GO Process	GO:1901615	Organic hydroxy compound metabolic process
ACO2	9606.ENSP00000216254	GO Process	GO:1902652	Secondary alcohol metabolic process
ACO2	9606.ENSP00000216254	GO Function	GO:0003824	Catalytic activity
ACO2	9606.ENSP00000216254	GO Function	GO:0003994	Aconitate hydratase activity
ACO2	9606.ENSP00000216254	GO Function	GO:0005488	Binding
ACO2	9606.ENSP00000216254	GO Function	GO:0005506	Iron ion binding
ACO2	9606.ENSP00000216254	GO Function	GO:0016829	Lyase activity
ACO2	9606.ENSP00000216254	GO Function	GO:0016835	Carbon-oxygen lyase activity
ACO2	9606.ENSP00000216254	GO Function	GO:0016836	Hydro-lyase activity
ACO2	9606.ENSP00000216254	GO Function	GO:0043167	Ion binding
ACO2	9606.ENSP00000216254	GO Function	GO:0043169	Cation binding
ACO2	9606.ENSP00000216254	GO Function	GO:0046872	Metal ion binding
ACO2	9606.ENSP00000216254	GO Function	GO:0046914	Transition metal ion binding
ACO2	9606.ENSP00000216254	GO Function	GO:0047780	Citrate dehydratase activity
ACO2	9606.ENSP00000216254	GO Function	GO:0051536	Iron-sulfur cluster binding
ACO2	9606.ENSP00000216254	GO Function	GO:0051538	3 iron, 4 sulfur cluster binding
ACO2	9606.ENSP00000216254	GO Function	GO:0051539	4 iron, 4 sulfur cluster binding
ACO2	9606.ENSP00000216254	GO Function	GO:0051540	Metal cluster binding
ACO2	9606.ENSP00000216254	GO Component	GO:0005622	Intracellular anatomical structure
ACO2	9606.ENSP00000216254	GO Component	GO:0005737	Cytoplasm
ACO2	9606.ENSP00000216254	GO Component	GO:0005739	Mitochondrion
ACO2	9606.ENSP00000216254	GO Component	GO:0005759	Mitochondrial matrix
ACO2	9606.ENSP00000216254	GO Component	GO:0005829	Cytosol
ACO2	9606.ENSP00000216254	GO Component	GO:0031974	Membrane-enclosed lumen
ACO2	9606.ENSP00000216254	GO Component	GO:0043226	Organelle
ACO2	9606.ENSP00000216254	GO Component	GO:0043227	Membrane-bounded organelle
ACO2	9606.ENSP00000216254	GO Component	GO:0043229	Intracellular organelle
ACO2	9606.ENSP00000216254	GO Component	GO:0043231	Intracellular membrane-bounded organelle
ACO2	9606.ENSP00000216254	GO Component	GO:0043233	Organelle lumen
ACO2	9606.ENSP00000216254	GO Component	GO:0070013	Intracellular organelle lumen
ACO2	9606.ENSP00000216254	GO Component	GO:0110165	Cellular anatomical entity
ACO2	9606.ENSP00000216254	STRING clusters	CL:8463	Carbon metabolism, and Pyruvate metabolism
ACO2	9606.ENSP00000216254	STRING clusters	CL:8464	Carbon metabolism, and Pyruvate metabolism
ACO2	9606.ENSP00000216254	STRING clusters	CL:8465	Carbon metabolism, and Pyruvate metabolism
ACO2	9606.ENSP00000216254	STRING clusters	CL:8466	Citrate cycle (TCA cycle), and Pyruvate metabolism
ACO2	9606.ENSP00000216254	STRING clusters	CL:8467	Citrate cycle (TCA cycle), and Lactate dehydrogenase activity
ACO2	9606.ENSP00000216254	STRING clusters	CL:8469	Citrate cycle (TCA cycle)
ACO2	9606.ENSP00000216254	STRING clusters	CL:8470	Tricarboxylic acid cycle
ACO2	9606.ENSP00000216254	KEGG	hsa00020	Citrate cycle (TCA cycle)
ACO2	9606.ENSP00000216254	KEGG	hsa00630	Glyoxylate and dicarboxylate metabolism
ACO2	9606.ENSP00000216254	KEGG	hsa01100	Metabolic pathways
ACO2	9606.ENSP00000216254	KEGG	hsa01200	Carbon metabolism
ACO2	9606.ENSP00000216254	KEGG	hsa01210	2-Oxocarboxylic acid metabolism
ACO2	9606.ENSP00000216254	KEGG	hsa01230	Biosynthesis of amino acids
ACO2	9606.ENSP00000216254	Reactome	HSA-1268020	Mitochondrial protein import
ACO2	9606.ENSP00000216254	Reactome	HSA-1428517	The citric acid (TCA) cycle and respiratory electron transport
ACO2	9606.ENSP00000216254	Reactome	HSA-1430728	Metabolism
ACO2	9606.ENSP00000216254	Reactome	HSA-71403	Citric acid cycle (TCA cycle)
ACO2	9606.ENSP00000216254	Reactome	HSA-71406	Pyruvate metabolism and Citric Acid (TCA) cycle
ACO2	9606.ENSP00000216254	Reactome	HSA-9609507	Protein localization
ACO2	9606.ENSP00000216254	WikiPathways	WP3925	Amino acid metabolism
ACO2	9606.ENSP00000216254	WikiPathways	WP4290	Metabolic reprogramming in colon cancer
ACO2	9606.ENSP00000216254	WikiPathways	WP4966	Fluoroacetic acid toxicity
ACO2	9606.ENSP00000216254	WikiPathways	WP78	TCA cycle (aka Krebs or citric acid cycle)
ACO2	9606.ENSP00000216254	DISEASES	DOID:0050177	Monogenic disease
ACO2	9606.ENSP00000216254	DISEASES	DOID:0050737	Autosomal recessive disease
ACO2	9606.ENSP00000216254	DISEASES	DOID:0050739	Autosomal genetic disease
ACO2	9606.ENSP00000216254	DISEASES	DOID:0050753	Cerebellar ataxia
ACO2	9606.ENSP00000216254	DISEASES	DOID:0050883	Infantile cerebellar-retinal degeneration
ACO2	9606.ENSP00000216254	DISEASES	DOID:0050950	Autosomal recessive cerebellar ataxia
ACO2	9606.ENSP00000216254	DISEASES	DOID:0050951	Hereditary ataxia
ACO2	9606.ENSP00000216254	DISEASES	DOID:0111442	Optic atrophy 9
ACO2	9606.ENSP00000216254	DISEASES	DOID:12705	Friedreich ataxia
ACO2	9606.ENSP00000216254	DISEASES	DOID:1289	Neurodegenerative disease
ACO2	9606.ENSP00000216254	DISEASES	DOID:1891	Optic nerve disease
ACO2	9606.ENSP00000216254	DISEASES	DOID:2786	Cerebellar disease
ACO2	9606.ENSP00000216254	DISEASES	DOID:331	Central nervous system disease
ACO2	9606.ENSP00000216254	DISEASES	DOID:4	Disease
ACO2	9606.ENSP00000216254	DISEASES	DOID:5656	Cranial nerve disease
ACO2	9606.ENSP00000216254	DISEASES	DOID:5723	Optic atrophy
ACO2	9606.ENSP00000216254	DISEASES	DOID:574	Peripheral nervous system disease
ACO2	9606.ENSP00000216254	DISEASES	DOID:630	Genetic disease
ACO2	9606.ENSP00000216254	DISEASES	DOID:7	Disease of anatomical entity
ACO2	9606.ENSP00000216254	DISEASES	DOID:863	Nervous system disease
ACO2	9606.ENSP00000216254	DISEASES	DOID:870	Neuropathy
ACO2	9606.ENSP00000216254	DISEASES	DOID:936	Brain disease
ACO2	9606.ENSP00000216254	TISSUES	BTO:0000000	Tissues, cell types and enzyme sources
ACO2	9606.ENSP00000216254	TISSUES	BTO:0000042	Animal
ACO2	9606.ENSP00000216254	TISSUES	BTO:0000058	Alimentary canal
ACO2	9606.ENSP00000216254	TISSUES	BTO:0000081	Reproductive system
ACO2	9606.ENSP00000216254	TISSUES	BTO:0000083	Female reproductive system
ACO2	9606.ENSP00000216254	TISSUES	BTO:0000088	Cardiovascular system
ACO2	9606.ENSP00000216254	TISSUES	BTO:0000142	Brain
ACO2	9606.ENSP00000216254	TISSUES	BTO:0000227	Central nervous system
ACO2	9606.ENSP00000216254	TISSUES	BTO:0000255	Brain cell line
ACO2	9606.ENSP00000216254	TISSUES	BTO:0000282	Head
ACO2	9606.ENSP00000216254	TISSUES	BTO:0000345	Digestive gland
ACO2	9606.ENSP00000216254	TISSUES	BTO:0000421	Connective tissue
ACO2	9606.ENSP00000216254	TISSUES	BTO:0000426	Erythroleukemia cell
ACO2	9606.ENSP00000216254	TISSUES	BTO:0000511	Gastrointestinal tract
ACO2	9606.ENSP00000216254	TISSUES	BTO:0000522	Gland
ACO2	9606.ENSP00000216254	TISSUES	BTO:0000562	Heart
ACO2	9606.ENSP00000216254	TISSUES	BTO:0000580	Blood cancer cell
ACO2	9606.ENSP00000216254	TISSUES	BTO:0000583	Bone marrow cancer cell
ACO2	9606.ENSP00000216254	TISSUES	BTO:0000759	Liver
ACO2	9606.ENSP00000216254	TISSUES	BTO:0000862	Heart ventricle
ACO2	9606.ENSP00000216254	TISSUES	BTO:0000887	Muscle
ACO2	9606.ENSP00000216254	TISSUES	BTO:0000903	Atrium
ACO2	9606.ENSP00000216254	TISSUES	BTO:0001103	Skeletal muscle
ACO2	9606.ENSP00000216254	TISSUES	BTO:0001271	Leukemia cell
ACO2	9606.ENSP00000216254	TISSUES	BTO:0001369	Vertebrate muscular system
ACO2	9606.ENSP00000216254	TISSUES	BTO:0001424	Uterus
ACO2	9606.ENSP00000216254	TISSUES	BTO:0001484	Nervous system
ACO2	9606.ENSP00000216254	TISSUES	BTO:0001485	Muscular system
ACO2	9606.ENSP00000216254	TISSUES	BTO:0001486	Skeletal system
ACO2	9606.ENSP00000216254	TISSUES	BTO:0001488	Endocrine gland
ACO2	9606.ENSP00000216254	TISSUES	BTO:0001489	Whole body
ACO2	9606.ENSP00000216254	TISSUES	BTO:0001491	Viscus
ACO2	9606.ENSP00000216254	TISSUES	BTO:0001629	Left ventricle
ACO2	9606.ENSP00000216254	TISSUES	BTO:0001702	Left atrium
ACO2	9606.ENSP00000216254	TISSUES	BTO:0001703	Right atrium
ACO2	9606.ENSP00000216254	TISSUES	BTO:0003091	Urogenital system
ACO2	9606.ENSP00000216254	TISSUES	BTO:0003099	Internal female genital organ
ACO2	9606.ENSP00000216254	TISSUES	BTO:0003914	Interstitial cell of Cajal
ACO2	9606.ENSP00000216254	TISSUES	BTO:0004238	Interstitial cell
ACO2	9606.ENSP00000216254	COMPARTMENTS	GOCC:0005622	Intracellular
ACO2	9606.ENSP00000216254	COMPARTMENTS	GOCC:0005737	Cytoplasm
ACO2	9606.ENSP00000216254	COMPARTMENTS	GOCC:0005739	Mitochondrion
ACO2	9606.ENSP00000216254	COMPARTMENTS	GOCC:0005759	Mitochondrial matrix
ACO2	9606.ENSP00000216254	COMPARTMENTS	GOCC:0005829	Cytosol
ACO2	9606.ENSP00000216254	COMPARTMENTS	GOCC:0009316	3-isopropylmalate dehydratase complex
ACO2	9606.ENSP00000216254	COMPARTMENTS	GOCC:0031974	Membrane-enclosed lumen
ACO2	9606.ENSP00000216254	COMPARTMENTS	GOCC:0032991	Protein-containing complex
ACO2	9606.ENSP00000216254	COMPARTMENTS	GOCC:0043226	Organelle
ACO2	9606.ENSP00000216254	COMPARTMENTS	GOCC:0043227	Membrane-bounded organelle
ACO2	9606.ENSP00000216254	COMPARTMENTS	GOCC:0043229	Intracellular organelle
ACO2	9606.ENSP00000216254	COMPARTMENTS	GOCC:0043231	Intracellular membrane-bounded organelle
ACO2	9606.ENSP00000216254	COMPARTMENTS	GOCC:0043233	Organelle lumen
ACO2	9606.ENSP00000216254	COMPARTMENTS	GOCC:0070013	Intracellular organelle lumen
ACO2	9606.ENSP00000216254	COMPARTMENTS	GOCC:0110165	Cellular anatomical entity
ACO2	9606.ENSP00000216254	COMPARTMENTS	GOCC:1902494	Catalytic complex
ACO2	9606.ENSP00000216254	Monarch	EFO:0003925	Cognition
ACO2	9606.ENSP00000216254	Monarch	EFO:0004298	Cardiovascular measurement
ACO2	9606.ENSP00000216254	Monarch	EFO:0004302	Anthropometric measurement
ACO2	9606.ENSP00000216254	Monarch	EFO:0004311	Heart function measurement
ACO2	9606.ENSP00000216254	Monarch	EFO:0004319	Smoking cessation
ACO2	9606.ENSP00000216254	Monarch	EFO:0004323	Mental process
ACO2	9606.ENSP00000216254	Monarch	EFO:0004324	Body weights and measures
ACO2	9606.ENSP00000216254	Monarch	EFO:0004327	Electrocardiography
ACO2	9606.ENSP00000216254	Monarch	EFO:0004339	Body height
ACO2	9606.ENSP00000216254	Monarch	EFO:0004462	PR interval
ACO2	9606.ENSP00000216254	Monarch	EFO:0004731	Eye measurement
ACO2	9606.ENSP00000216254	Monarch	EFO:0004784	Self reported educational attainment
ACO2	9606.ENSP00000216254	Monarch	EFO:0004870	Sleep measurement
ACO2	9606.ENSP00000216254	Monarch	EFO:0004875	Mathematical ability
ACO2	9606.ENSP00000216254	Monarch	EFO:0005278	Cardiovascular disease biomarker measurement
ACO2	9606.ENSP00000216254	Monarch	EFO:0006848	Mental or behavioural disorder biomarker
ACO2	9606.ENSP00000216254	Monarch	EFO:0007660	Neuroticism measurement
ACO2	9606.ENSP00000216254	Monarch	EFO:0007814	Refractive error measurement
ACO2	9606.ENSP00000216254	Monarch	EFO:0007911	Personality trait measurement
ACO2	9606.ENSP00000216254	Monarch	EFO:0008111	Diet measurement
ACO2	9606.ENSP00000216254	Monarch	EFO:0008328	Chronotype measurement
ACO2	9606.ENSP00000216254	Monarch	EFO:0008457	Cannabis dependence measurement
ACO2	9606.ENSP00000216254	Monarch	EFO:0011015	Educational attainment
ACO2	9606.ENSP00000216254	Monarch	HP:0000118	Phenotypic abnormality
ACO2	9606.ENSP00000216254	Monarch	HP:0000152	Abnormality of head or neck
ACO2	9606.ENSP00000216254	Monarch	HP:0000234	Abnormality of the head
ACO2	9606.ENSP00000216254	Monarch	HP:0000240	Abnormality of skull size
ACO2	9606.ENSP00000216254	Monarch	HP:0000252	Microcephaly
ACO2	9606.ENSP00000216254	Monarch	HP:0000253	Progressive microcephaly
ACO2	9606.ENSP00000216254	Monarch	HP:0000364	Hearing abnormality
ACO2	9606.ENSP00000216254	Monarch	HP:0000365	Hearing impairment
ACO2	9606.ENSP00000216254	Monarch	HP:0000407	Sensorineural hearing impairment
ACO2	9606.ENSP00000216254	Monarch	HP:0000478	Abnormality of the eye
ACO2	9606.ENSP00000216254	Monarch	HP:0000479	Abnormal retinal morphology
ACO2	9606.ENSP00000216254	Monarch	HP:0000486	Strabismus
ACO2	9606.ENSP00000216254	Monarch	HP:0000496	Abnormality of eye movement
ACO2	9606.ENSP00000216254	Monarch	HP:0000549	Abnormal conjugate eye movement
ACO2	9606.ENSP00000216254	Monarch	HP:0000556	Retinal dystrophy
ACO2	9606.ENSP00000216254	Monarch	HP:0000587	Abnormality of the optic nerve
ACO2	9606.ENSP00000216254	Monarch	HP:0000598	Abnormality of the ear
ACO2	9606.ENSP00000216254	Monarch	HP:0000639	Nystagmus
ACO2	9606.ENSP00000216254	Monarch	HP:0000648	Optic atrophy
ACO2	9606.ENSP00000216254	Monarch	HP:0000707	Abnormality of the nervous system
ACO2	9606.ENSP00000216254	Monarch	HP:0000924	Abnormality of the skeletal system
ACO2	9606.ENSP00000216254	Monarch	HP:0000929	Abnormal skull morphology
ACO2	9606.ENSP00000216254	Monarch	HP:0001098	Abnormal fundus morphology
ACO2	9606.ENSP00000216254	Monarch	HP:0001249	Intellectual disability
ACO2	9606.ENSP00000216254	Monarch	HP:0001250	Seizure
ACO2	9606.ENSP00000216254	Monarch	HP:0001251	Ataxia
ACO2	9606.ENSP00000216254	Monarch	HP:0001252	Hypotonia
ACO2	9606.ENSP00000216254	Monarch	HP:0001263	Global developmental delay
ACO2	9606.ENSP00000216254	Monarch	HP:0001265	Hyporeflexia
ACO2	9606.ENSP00000216254	Monarch	HP:0001272	Cerebellar atrophy
ACO2	9606.ENSP00000216254	Monarch	HP:0001273	Abnormal corpus callosum morphology
ACO2	9606.ENSP00000216254	Monarch	HP:0001284	Areflexia
ACO2	9606.ENSP00000216254	Monarch	HP:0001315	Reduced tendon reflexes
ACO2	9606.ENSP00000216254	Monarch	HP:0001317	Abnormal cerebellum morphology
ACO2	9606.ENSP00000216254	Monarch	HP:0001507	Growth abnormality
ACO2	9606.ENSP00000216254	Monarch	HP:0001508	Failure to thrive
ACO2	9606.ENSP00000216254	Monarch	HP:0002011	Morphological central nervous system abnormality
ACO2	9606.ENSP00000216254	Monarch	HP:0002059	Cerebral atrophy
ACO2	9606.ENSP00000216254	Monarch	HP:0002060	Abnormal cerebral morphology
ACO2	9606.ENSP00000216254	Monarch	HP:0002069	Bilateral tonic-clonic seizure
ACO2	9606.ENSP00000216254	Monarch	HP:0002079	Hypoplasia of the corpus callosum
ACO2	9606.ENSP00000216254	Monarch	HP:0002120	Cerebral cortical atrophy
ACO2	9606.ENSP00000216254	Monarch	HP:0002305	Athetosis
ACO2	9606.ENSP00000216254	Monarch	HP:0002500	Abnormal cerebral white matter morphology
ACO2	9606.ENSP00000216254	Monarch	HP:0002538	Abnormal cerebral cortex morphology
ACO2	9606.ENSP00000216254	Monarch	HP:0002977	Aplasia/Hypoplasia involving the central nervous system
ACO2	9606.ENSP00000216254	Monarch	HP:0003011	Abnormality of the musculature
ACO2	9606.ENSP00000216254	Monarch	HP:0003808	Abnormal muscle tone
ACO2	9606.ENSP00000216254	Monarch	HP:0004305	Involuntary movements
ACO2	9606.ENSP00000216254	Monarch	HP:0004323	Abnormality of body weight
ACO2	9606.ENSP00000216254	Monarch	HP:0004325	Decreased body weight
ACO2	9606.ENSP00000216254	Monarch	HP:0004329	Abnormal posterior eye segment morphology
ACO2	9606.ENSP00000216254	Monarch	HP:0005484	Secondary microcephaly
ACO2	9606.ENSP00000216254	Monarch	HP:0007108	Demyelinating peripheral neuropathy
ACO2	9606.ENSP00000216254	Monarch	HP:0007359	Focal-onset seizure
ACO2	9606.ENSP00000216254	Monarch	HP:0007364	Aplasia/Hypoplasia of the cerebrum
ACO2	9606.ENSP00000216254	Monarch	HP:0007367	Atrophy/Degeneration affecting the central nervous system
ACO2	9606.ENSP00000216254	Monarch	HP:0007369	Atrophy/Degeneration affecting the cerebrum
ACO2	9606.ENSP00000216254	Monarch	HP:0007370	Aplasia/Hypoplasia of the corpus callosum
ACO2	9606.ENSP00000216254	Monarch	HP:0009121	Abnormal axial skeleton morphology
ACO2	9606.ENSP00000216254	Monarch	HP:0009830	Peripheral neuropathy
ACO2	9606.ENSP00000216254	Monarch	HP:0010864	Intellectual disability, severe
ACO2	9606.ENSP00000216254	Monarch	HP:0010993	Abnormal cerebral subcortex morphology
ACO2	9606.ENSP00000216254	Monarch	HP:0011282	Abnormal hindbrain morphology
ACO2	9606.ENSP00000216254	Monarch	HP:0011283	Abnormal metencephalon morphology
ACO2	9606.ENSP00000216254	Monarch	HP:0011344	Severe global developmental delay
ACO2	9606.ENSP00000216254	Monarch	HP:0011389	Functional abnormality of the inner ear
ACO2	9606.ENSP00000216254	Monarch	HP:0011442	Abnormal central motor function
ACO2	9606.ENSP00000216254	Monarch	HP:0011443	Abnormality of coordination
ACO2	9606.ENSP00000216254	Monarch	HP:0011446	Abnormality of higher mental function
ACO2	9606.ENSP00000216254	Monarch	HP:0011804	Abnormal muscle physiology
ACO2	9606.ENSP00000216254	Monarch	HP:0011842	Abnormal skeletal morphology
ACO2	9606.ENSP00000216254	Monarch	HP:0012372	Abnormal eye morphology
ACO2	9606.ENSP00000216254	Monarch	HP:0012373	Abnormal eye physiology
ACO2	9606.ENSP00000216254	Monarch	HP:0012443	Abnormality of brain morphology
ACO2	9606.ENSP00000216254	Monarch	HP:0012444	Brain atrophy
ACO2	9606.ENSP00000216254	Monarch	HP:0012447	Abnormal myelination
ACO2	9606.ENSP00000216254	Monarch	HP:0012547	Abnormal involuntary eye movements
ACO2	9606.ENSP00000216254	Monarch	HP:0012638	Abnormal nervous system physiology
ACO2	9606.ENSP00000216254	Monarch	HP:0012639	Abnormal nervous system morphology
ACO2	9606.ENSP00000216254	Monarch	HP:0012758	Neurodevelopmental delay
ACO2	9606.ENSP00000216254	Monarch	HP:0012759	Neurodevelopmental abnormality
ACO2	9606.ENSP00000216254	Monarch	HP:0012795	Abnormal optic disc morphology
ACO2	9606.ENSP00000216254	Monarch	HP:0031704	Abnormal ear physiology
ACO2	9606.ENSP00000216254	Monarch	HP:0031826	Abnormal reflex
ACO2	9606.ENSP00000216254	Monarch	HP:0033127	Abnormality of the musculoskeletal system
ACO2	9606.ENSP00000216254	Monarch	HP:0033725	Thin corpus callosum
ACO2	9606.ENSP00000216254	Monarch	HP:0040195	Decreased head circumference
ACO2	9606.ENSP00000216254	Monarch	HP:0100022	Abnormality of movement
ACO2	9606.ENSP00000216254	Monarch	HP:0100543	Cognitive impairment
ACO2	9606.ENSP00000216254	Monarch	HP:0100547	Abnormal forebrain morphology
ACO2	9606.ENSP00000216254	UniProt Keywords	KW-0004	4Fe-4S
ACO2	9606.ENSP00000216254	UniProt Keywords	KW-0007	Acetylation
ACO2	9606.ENSP00000216254	UniProt Keywords	KW-0408	Iron
ACO2	9606.ENSP00000216254	UniProt Keywords	KW-0411	Iron-sulfur
ACO2	9606.ENSP00000216254	UniProt Keywords	KW-0456	Lyase
ACO2	9606.ENSP00000216254	UniProt Keywords	KW-0479	Metal-binding
ACO2	9606.ENSP00000216254	UniProt Keywords	KW-0496	Mitochondrion
ACO2	9606.ENSP00000216254	UniProt Keywords	KW-0523	Neurodegeneration
ACO2	9606.ENSP00000216254	UniProt Keywords	KW-0597	Phosphoprotein
ACO2	9606.ENSP00000216254	UniProt Keywords	KW-0809	Transit peptide
ACO2	9606.ENSP00000216254	UniProt Keywords	KW-0816	Tricarboxylic acid cycle
ACO2	9606.ENSP00000216254	Pfam	PF00330	Aconitase family (aconitate hydratase)
ACO2	9606.ENSP00000216254	Pfam	PF00694	Aconitase C-terminal domain
ACO2	9606.ENSP00000216254	InterPro	IPR000573	Aconitase A/isopropylmalate dehydratase small subunit, swivel domain
ACO2	9606.ENSP00000216254	InterPro	IPR001030	Aconitase/3-isopropylmalate dehydratase large subunit, alpha/beta/alpha domain
ACO2	9606.ENSP00000216254	InterPro	IPR006248	Aconitase, mitochondrial-like
ACO2	9606.ENSP00000216254	InterPro	IPR015928	Aconitase/3-isopropylmalate dehydratase, swivel
ACO2	9606.ENSP00000216254	InterPro	IPR015931	Aconitase/3-isopropylmalate dehydratase large subunit, alpha/beta/alpha, subdomain 1/3
ACO2	9606.ENSP00000216254	InterPro	IPR015932	Aconitase, domain 2
ACO2	9606.ENSP00000216254	InterPro	IPR018136	Aconitase family, 4Fe-4S cluster binding site
ACO2	9606.ENSP00000216254	InterPro	IPR036008	Aconitase, iron-sulfur domain
ANAPC16	9606.ENSP00000477760	GO Process	GO:0006508	Proteolysis
ANAPC16	9606.ENSP00000477760	GO Process	GO:0006511	Ubiquitin-dependent protein catabolic process
ANAPC16	9606.ENSP00000477760	GO Process	GO:0006807	Nitrogen compound metabolic process
ANAPC16	9606.ENSP00000477760	GO Process	GO:0007049	Cell cycle
ANAPC16	9606.ENSP00000477760	GO Process	GO:0007346	Regulation of mitotic cell cycle
ANAPC16	9606.ENSP00000477760	GO Process	GO:0008152	Metabolic process
ANAPC16	9606.ENSP00000477760	GO Process	GO:0009056	Catabolic process
ANAPC16	9606.ENSP00000477760	GO Process	GO:0009057	Macromolecule catabolic process
ANAPC16	9606.ENSP00000477760	GO Process	GO:0009987	Cellular process
ANAPC16	9606.ENSP00000477760	GO Process	GO:0010498	Proteasomal protein catabolic process
ANAPC16	9606.ENSP00000477760	GO Process	GO:0016567	Protein ubiquitination
ANAPC16	9606.ENSP00000477760	GO Process	GO:0019538	Protein metabolic process
ANAPC16	9606.ENSP00000477760	GO Process	GO:0019941	Modification-dependent protein catabolic process
ANAPC16	9606.ENSP00000477760	GO Process	GO:0030163	Protein catabolic process
ANAPC16	9606.ENSP00000477760	GO Process	GO:0031145	Anaphase-promoting complex-dependent catabolic process
ANAPC16	9606.ENSP00000477760	GO Process	GO:0032446	Protein modification by small protein conjugation
ANAPC16	9606.ENSP00000477760	GO Process	GO:0036211	Protein modification process
ANAPC16	9606.ENSP00000477760	GO Process	GO:0043161	Proteasome-mediated ubiquitin-dependent protein catabolic process
ANAPC16	9606.ENSP00000477760	GO Process	GO:0043170	Macromolecule metabolic process
ANAPC16	9606.ENSP00000477760	GO Process	GO:0043412	Macromolecule modification
ANAPC16	9606.ENSP00000477760	GO Process	GO:0043632	Modification-dependent macromolecule catabolic process
ANAPC16	9606.ENSP00000477760	GO Process	GO:0044237	Cellular metabolic process
ANAPC16	9606.ENSP00000477760	GO Process	GO:0044238	Primary metabolic process
ANAPC16	9606.ENSP00000477760	GO Process	GO:0044248	Cellular catabolic process
ANAPC16	9606.ENSP00000477760	GO Process	GO:0044260	Cellular macromolecule metabolic process
ANAPC16	9606.ENSP00000477760	GO Process	GO:0044265	Cellular macromolecule catabolic process
ANAPC16	9606.ENSP00000477760	GO Process	GO:0050789	Regulation of biological process
ANAPC16	9606.ENSP00000477760	GO Process	GO:0050794	Regulation of cellular process
ANAPC16	9606.ENSP00000477760	GO Process	GO:0051301	Cell division
ANAPC16	9606.ENSP00000477760	GO Process	GO:0051445	Regulation of meiotic cell cycle
ANAPC16	9606.ENSP00000477760	GO Process	GO:0051603	Proteolysis involved in protein catabolic process
ANAPC16	9606.ENSP00000477760	GO Process	GO:0051726	Regulation of cell cycle
ANAPC16	9606.ENSP00000477760	GO Process	GO:0065007	Biological regulation
ANAPC16	9606.ENSP00000477760	GO Process	GO:0070647	Protein modification by small protein conjugation or removal
ANAPC16	9606.ENSP00000477760	GO Process	GO:0071704	Organic substance metabolic process
ANAPC16	9606.ENSP00000477760	GO Process	GO:1901564	Organonitrogen compound metabolic process
ANAPC16	9606.ENSP00000477760	GO Process	GO:1901565	Organonitrogen compound catabolic process
ANAPC16	9606.ENSP00000477760	GO Process	GO:1901575	Organic substance catabolic process
ANAPC16	9606.ENSP00000477760	GO Process	GO:2000241	Regulation of reproductive process
ANAPC16	9606.ENSP00000477760	GO Component	GO:0000151	Ubiquitin ligase complex
ANAPC16	9606.ENSP00000477760	GO Component	GO:0000152	Nuclear ubiquitin ligase complex
ANAPC16	9606.ENSP00000477760	GO Component	GO:0000775	Chromosome, centromeric region
ANAPC16	9606.ENSP00000477760	GO Component	GO:0000776	Kinetochore
ANAPC16	9606.ENSP00000477760	GO Component	GO:0000779	Condensed chromosome, centromeric region
ANAPC16	9606.ENSP00000477760	GO Component	GO:0000793	Condensed chromosome
ANAPC16	9606.ENSP00000477760	GO Component	GO:0005622	Intracellular anatomical structure
ANAPC16	9606.ENSP00000477760	GO Component	GO:0005634	Nucleus
ANAPC16	9606.ENSP00000477760	GO Component	GO:0005654	Nucleoplasm
ANAPC16	9606.ENSP00000477760	GO Component	GO:0005680	Anaphase-promoting complex
ANAPC16	9606.ENSP00000477760	GO Component	GO:0005694	Chromosome
ANAPC16	9606.ENSP00000477760	GO Component	GO:0005737	Cytoplasm
ANAPC16	9606.ENSP00000477760	GO Component	GO:0005829	Cytosol
ANAPC16	9606.ENSP00000477760	GO Component	GO:0031461	cullin-RING ubiquitin ligase complex
ANAPC16	9606.ENSP00000477760	GO Component	GO:0031974	Membrane-enclosed lumen
ANAPC16	9606.ENSP00000477760	GO Component	GO:0031981	Nuclear lumen
ANAPC16	9606.ENSP00000477760	GO Component	GO:0032991	Protein-containing complex
ANAPC16	9606.ENSP00000477760	GO Component	GO:0043226	Organelle
ANAPC16	9606.ENSP00000477760	GO Component	GO:0043227	Membrane-bounded organelle
ANAPC16	9606.ENSP00000477760	GO Component	GO:0043228	Non-membrane-bounded organelle
ANAPC16	9606.ENSP00000477760	GO Component	GO:0043229	Intracellular organelle
ANAPC16	9606.ENSP00000477760	GO Component	GO:0043231	Intracellular membrane-bounded organelle
ANAPC16	9606.ENSP00000477760	GO Component	GO:0043232	Intracellular non-membrane-bounded organelle
ANAPC16	9606.ENSP00000477760	GO Component	GO:0043233	Organelle lumen
ANAPC16	9606.ENSP00000477760	GO Component	GO:0070013	Intracellular organelle lumen
ANAPC16	9606.ENSP00000477760	GO Component	GO:0098687	Chromosomal region
ANAPC16	9606.ENSP00000477760	GO Component	GO:0099080	Supramolecular complex
ANAPC16	9606.ENSP00000477760	GO Component	GO:0110165	Cellular anatomical entity
ANAPC16	9606.ENSP00000477760	GO Component	GO:0140513	Nuclear protein-containing complex
ANAPC16	9606.ENSP00000477760	GO Component	GO:0140535	Intracellular protein-containing complex
ANAPC16	9606.ENSP00000477760	GO Component	GO:1902494	Catalytic complex
ANAPC16	9606.ENSP00000477760	GO Component	GO:1990234	Transferase complex
ANAPC16	9606.ENSP00000477760	STRING clusters	CL:6596	Mixed, incl. Mitotic Spindle Checkpoint, and Mitotic sister chromatid segregation
ANAPC16	9606.ENSP00000477760	STRING clusters	CL:6839	Conversion from APC/C:Cdc20 to APC/C:Cdh1 in late anaphase, and Regulation of sister chromatid separation at the metaphase-anaphase transition
ANAPC16	9606.ENSP00000477760	STRING clusters	CL:6842	Anaphase-promoting complex, and Securin sister-chromatid separation inhibitor
ANAPC16	9606.ENSP00000477760	STRING clusters	CL:6844	Anaphase-promoting complex
ANAPC16	9606.ENSP00000477760	STRING clusters	CL:6846	Anaphase-promoting complex
ANAPC16	9606.ENSP00000477760	Reactome	HSA-141405	Inhibition of the proteolytic activity of APC/C required for the onset of anaphase by mitotic spindle checkpoint components
ANAPC16	9606.ENSP00000477760	Reactome	HSA-141430	Inactivation of APC/C via direct inhibition of the APC/C complex
ANAPC16	9606.ENSP00000477760	Reactome	HSA-1640170	Cell Cycle
ANAPC16	9606.ENSP00000477760	Reactome	HSA-1643685	Disease
ANAPC16	9606.ENSP00000477760	Reactome	HSA-174048	APC/C:Cdc20 mediated degradation of Cyclin B
ANAPC16	9606.ENSP00000477760	Reactome	HSA-174084	Autodegradation of Cdh1 by Cdh1:APC/C
ANAPC16	9606.ENSP00000477760	Reactome	HSA-174143	APC/C-mediated degradation of cell cycle proteins
ANAPC16	9606.ENSP00000477760	Reactome	HSA-174154	APC/C:Cdc20 mediated degradation of Securin
ANAPC16	9606.ENSP00000477760	Reactome	HSA-174178	APC/C:Cdh1 mediated degradation of Cdc20 and other APC/C:Cdh1 targeted proteins in late mitosis/early G1
ANAPC16	9606.ENSP00000477760	Reactome	HSA-174184	Cdc20:Phospho-APC/C mediated degradation of Cyclin A
ANAPC16	9606.ENSP00000477760	Reactome	HSA-176407	Conversion from APC/C:Cdc20 to APC/C:Cdh1 in late anaphase
ANAPC16	9606.ENSP00000477760	Reactome	HSA-176408	Regulation of APC/C activators between G1/S and early anaphase
ANAPC16	9606.ENSP00000477760	Reactome	HSA-176409	APC/C:Cdc20 mediated degradation of mitotic proteins
ANAPC16	9606.ENSP00000477760	Reactome	HSA-176412	Phosphorylation of the APC/C
ANAPC16	9606.ENSP00000477760	Reactome	HSA-176814	Activation of APC/C and APC/C:Cdc20 mediated degradation of mitotic proteins
ANAPC16	9606.ENSP00000477760	Reactome	HSA-179409	APC-Cdc20 mediated degradation of Nek2A
ANAPC16	9606.ENSP00000477760	Reactome	HSA-179419	APC:Cdc20 mediated degradation of cell cycle proteins prior to satisfation of the cell cycle checkpoint
ANAPC16	9606.ENSP00000477760	Reactome	HSA-212436	Generic Transcription Pathway
ANAPC16	9606.ENSP00000477760	Reactome	HSA-2262752	Cellular responses to stress
ANAPC16	9606.ENSP00000477760	Reactome	HSA-2467813	Separation of Sister Chromatids
ANAPC16	9606.ENSP00000477760	Reactome	HSA-2555396	Mitotic Metaphase and Anaphase
ANAPC16	9606.ENSP00000477760	Reactome	HSA-2559582	Senescence-Associated Secretory Phenotype (SASP)
ANAPC16	9606.ENSP00000477760	Reactome	HSA-2559583	Cellular Senescence
ANAPC16	9606.ENSP00000477760	Reactome	HSA-453276	Regulation of mitotic cell cycle
ANAPC16	9606.ENSP00000477760	Reactome	HSA-68867	Assembly of the pre-replicative complex
ANAPC16	9606.ENSP00000477760	Reactome	HSA-68882	Mitotic Anaphase
ANAPC16	9606.ENSP00000477760	Reactome	HSA-68886	M Phase
ANAPC16	9606.ENSP00000477760	Reactome	HSA-69002	DNA Replication Pre-Initiation
ANAPC16	9606.ENSP00000477760	Reactome	HSA-69017	CDK-mediated phosphorylation and removal of Cdc6
ANAPC16	9606.ENSP00000477760	Reactome	HSA-69052	Switching of origins to a post-replicative state
ANAPC16	9606.ENSP00000477760	Reactome	HSA-69239	Synthesis of DNA
ANAPC16	9606.ENSP00000477760	Reactome	HSA-69242	S Phase
ANAPC16	9606.ENSP00000477760	Reactome	HSA-69278	Cell Cycle, Mitotic
ANAPC16	9606.ENSP00000477760	Reactome	HSA-69306	DNA Replication
ANAPC16	9606.ENSP00000477760	Reactome	HSA-69618	Mitotic Spindle Checkpoint
ANAPC16	9606.ENSP00000477760	Reactome	HSA-69620	Cell Cycle Checkpoints
ANAPC16	9606.ENSP00000477760	Reactome	HSA-73857	RNA Polymerase II Transcription
ANAPC16	9606.ENSP00000477760	Reactome	HSA-74160	Gene expression (Transcription)
ANAPC16	9606.ENSP00000477760	Reactome	HSA-8853884	Transcriptional Regulation by VENTX
ANAPC16	9606.ENSP00000477760	Reactome	HSA-8953897	Cellular responses to stimuli
ANAPC16	9606.ENSP00000477760	Reactome	HSA-9675126	Diseases of mitotic cell cycle
ANAPC16	9606.ENSP00000477760	Reactome	HSA-9687136	Aberrant regulation of mitotic exit in cancer due to RB1 defects
ANAPC16	9606.ENSP00000477760	Reactome	HSA-9687139	Aberrant regulation of mitotic cell cycle due to RB1 defects
ANAPC16	9606.ENSP00000477760	TISSUES	BTO:0000000	Tissues, cell types and enzyme sources
ANAPC16	9606.ENSP00000477760	TISSUES	BTO:0000042	Animal
ANAPC16	9606.ENSP00000477760	TISSUES	BTO:0000203	Respiratory system
ANAPC16	9606.ENSP00000477760	TISSUES	BTO:0000763	Lung
ANAPC16	9606.ENSP00000477760	TISSUES	BTO:0001489	Whole body
ANAPC16	9606.ENSP00000477760	COMPARTMENTS	GOCC:0000151	Ubiquitin ligase complex
ANAPC16	9606.ENSP00000477760	COMPARTMENTS	GOCC:0000152	Nuclear ubiquitin ligase complex
ANAPC16	9606.ENSP00000477760	COMPARTMENTS	GOCC:0000775	Chromosome, centromeric region
ANAPC16	9606.ENSP00000477760	COMPARTMENTS	GOCC:0000776	Kinetochore
ANAPC16	9606.ENSP00000477760	COMPARTMENTS	GOCC:0000779	Condensed chromosome, centromeric region
ANAPC16	9606.ENSP00000477760	COMPARTMENTS	GOCC:0000793	Condensed chromosome
ANAPC16	9606.ENSP00000477760	COMPARTMENTS	GOCC:0005622	Intracellular
ANAPC16	9606.ENSP00000477760	COMPARTMENTS	GOCC:0005634	Nucleus
ANAPC16	9606.ENSP00000477760	COMPARTMENTS	GOCC:0005680	Anaphase-promoting complex
ANAPC16	9606.ENSP00000477760	COMPARTMENTS	GOCC:0005694	Chromosome
ANAPC16	9606.ENSP00000477760	COMPARTMENTS	GOCC:0031461	cullin-RING ubiquitin ligase complex
ANAPC16	9606.ENSP00000477760	COMPARTMENTS	GOCC:0032991	Protein-containing complex
ANAPC16	9606.ENSP00000477760	COMPARTMENTS	GOCC:0043226	Organelle
ANAPC16	9606.ENSP00000477760	COMPARTMENTS	GOCC:0043227	Membrane-bounded organelle
ANAPC16	9606.ENSP00000477760	COMPARTMENTS	GOCC:0043228	Non-membrane-bounded organelle
ANAPC16	9606.ENSP00000477760	COMPARTMENTS	GOCC:0043229	Intracellular organelle
ANAPC16	9606.ENSP00000477760	COMPARTMENTS	GOCC:0043231	Intracellular membrane-bounded organelle
ANAPC16	9606.ENSP00000477760	COMPARTMENTS	GOCC:0043232	Intracellular non-membrane-bounded organelle
ANAPC16	9606.ENSP00000477760	COMPARTMENTS	GOCC:0098687	Chromosomal region
ANAPC16	9606.ENSP00000477760	COMPARTMENTS	GOCC:0099080	Supramolecular complex
ANAPC16	9606.ENSP00000477760	COMPARTMENTS	GOCC:0110165	Cellular anatomical entity
ANAPC16	9606.ENSP00000477760	COMPARTMENTS	GOCC:1902494	Catalytic complex
ANAPC16	9606.ENSP00000477760	COMPARTMENTS	GOCC:1990234	Transferase complex
ANAPC16	9606.ENSP00000477760	Monarch	EFO:0004302	Anthropometric measurement
ANAPC16	9606.ENSP00000477760	Monarch	EFO:0004324	Body weights and measures
ANAPC16	9606.ENSP00000477760	Monarch	EFO:0004339	Body height
ANAPC16	9606.ENSP00000477760	UniProt Keywords	KW-0007	Acetylation
ANAPC16	9606.ENSP00000477760	UniProt Keywords	KW-0131	Cell cycle
ANAPC16	9606.ENSP00000477760	UniProt Keywords	KW-0132	Cell division
ANAPC16	9606.ENSP00000477760	UniProt Keywords	KW-0137	Centromere
ANAPC16	9606.ENSP00000477760	UniProt Keywords	KW-0158	Chromosome
ANAPC16	9606.ENSP00000477760	UniProt Keywords	KW-0498	Mitosis
ANAPC16	9606.ENSP00000477760	UniProt Keywords	KW-0539	Nucleus
ANAPC16	9606.ENSP00000477760	UniProt Keywords	KW-0833	Ubl conjugation pathway
ANAPC16	9606.ENSP00000477760	UniProt Keywords	KW-0963	Cytoplasm
ANAPC16	9606.ENSP00000477760	UniProt Keywords	KW-0995	Kinetochore
ANAPC16	9606.ENSP00000477760	Pfam	PF17256	Anaphase-promoting complex, subunit 16
ANAPC16	9606.ENSP00000477760	InterPro	IPR029641	Anaphase-promoting complex subunit 16
CABYR	9606.ENSP00000483621	GO Process	GO:0000003	Reproduction
CABYR	9606.ENSP00000483621	GO Process	GO:0003006	Developmental process involved in reproduction
CABYR	9606.ENSP00000483621	GO Process	GO:0003341	Cilium movement
CABYR	9606.ENSP00000483621	GO Process	GO:0003351	Epithelial cilium movement involved in extracellular fluid movement
CABYR	9606.ENSP00000483621	GO Process	GO:0006810	Transport
CABYR	9606.ENSP00000483621	GO Process	GO:0006858	Extracellular transport
CABYR	9606.ENSP00000483621	GO Process	GO:0007017	Microtubule-based process
CABYR	9606.ENSP00000483621	GO Process	GO:0007018	Microtubule-based movement
CABYR	9606.ENSP00000483621	GO Process	GO:0007276	Gamete generation
CABYR	9606.ENSP00000483621	GO Process	GO:0007281	Germ cell development
CABYR	9606.ENSP00000483621	GO Process	GO:0007283	Spermatogenesis
CABYR	9606.ENSP00000483621	GO Process	GO:0007286	Spermatid development
CABYR	9606.ENSP00000483621	GO Process	GO:0009987	Cellular process
CABYR	9606.ENSP00000483621	GO Process	GO:0019953	Sexual reproduction
CABYR	9606.ENSP00000483621	GO Process	GO:0021700	Developmental maturation
CABYR	9606.ENSP00000483621	GO Process	GO:0022412	Cellular process involved in reproduction in multicellular organism
CABYR	9606.ENSP00000483621	GO Process	GO:0022414	Reproductive process
CABYR	9606.ENSP00000483621	GO Process	GO:0030154	Cell differentiation
CABYR	9606.ENSP00000483621	GO Process	GO:0032501	Multicellular organismal process
CABYR	9606.ENSP00000483621	GO Process	GO:0032502	Developmental process
CABYR	9606.ENSP00000483621	GO Process	GO:0032504	Multicellular organism reproduction
CABYR	9606.ENSP00000483621	GO Process	GO:0048232	Male gamete generation
CABYR	9606.ENSP00000483621	GO Process	GO:0048240	Sperm capacitation
CABYR	9606.ENSP00000483621	GO Process	GO:0048468	Cell development
CABYR	9606.ENSP00000483621	GO Process	GO:0048469	Cell maturation
CABYR	9606.ENSP00000483621	GO Process	GO:0048515	Spermatid differentiation
CABYR	9606.ENSP00000483621	GO Process	GO:0048609	Multicellular organismal reproductive process
CABYR	9606.ENSP00000483621	GO Process	GO:0048856	Anatomical structure development
CABYR	9606.ENSP00000483621	GO Process	GO:0048869	Cellular developmental process
CABYR	9606.ENSP00000483621	GO Process	GO:0051179	Localization
CABYR	9606.ENSP00000483621	GO Process	GO:0051234	Establishment of localization
CABYR	9606.ENSP00000483621	GO Process	GO:0071695	Anatomical structure maturation
CABYR	9606.ENSP00000483621	GO Process	GO:0099111	Microtubule-based transport
CABYR	9606.ENSP00000483621	GO Function	GO:0005488	Binding
CABYR	9606.ENSP00000483621	GO Function	GO:0005509	Calcium ion binding
CABYR	9606.ENSP00000483621	GO Function	GO:0005515	Protein binding
CABYR	9606.ENSP00000483621	GO Function	GO:0017124	SH3 domain binding
CABYR	9606.ENSP00000483621	GO Function	GO:0019899	Enzyme binding
CABYR	9606.ENSP00000483621	GO Function	GO:0019904	Protein domain specific binding
CABYR	9606.ENSP00000483621	GO Function	GO:0043167	Ion binding
CABYR	9606.ENSP00000483621	GO Function	GO:0043169	Cation binding
CABYR	9606.ENSP00000483621	GO Function	GO:0046872	Metal ion binding
CABYR	9606.ENSP00000483621	GO Component	GO:0005576	Extracellular region
CABYR	9606.ENSP00000483621	GO Component	GO:0005622	Intracellular anatomical structure
CABYR	9606.ENSP00000483621	GO Component	GO:0005634	Nucleus
CABYR	9606.ENSP00000483621	GO Component	GO:0005654	Nucleoplasm
CABYR	9606.ENSP00000483621	GO Component	GO:0005737	Cytoplasm
CABYR	9606.ENSP00000483621	GO Component	GO:0005829	Cytosol
CABYR	9606.ENSP00000483621	GO Component	GO:0005856	Cytoskeleton
CABYR	9606.ENSP00000483621	GO Component	GO:0005929	Cilium
CABYR	9606.ENSP00000483621	GO Component	GO:0031514	Motile cilium
CABYR	9606.ENSP00000483621	GO Component	GO:0031974	Membrane-enclosed lumen
CABYR	9606.ENSP00000483621	GO Component	GO:0031981	Nuclear lumen
CABYR	9606.ENSP00000483621	GO Component	GO:0035686	Sperm fibrous sheath
CABYR	9606.ENSP00000483621	GO Component	GO:0036126	Sperm flagellum
CABYR	9606.ENSP00000483621	GO Component	GO:0042995	Cell projection
CABYR	9606.ENSP00000483621	GO Component	GO:0043226	Organelle
CABYR	9606.ENSP00000483621	GO Component	GO:0043227	Membrane-bounded organelle
CABYR	9606.ENSP00000483621	GO Component	GO:0043228	Non-membrane-bounded organelle
CABYR	9606.ENSP00000483621	GO Component	GO:0043229	Intracellular organelle
CABYR	9606.ENSP00000483621	GO Component	GO:0043231	Intracellular membrane-bounded organelle
CABYR	9606.ENSP00000483621	GO Component	GO:0043232	Intracellular non-membrane-bounded organelle
CABYR	9606.ENSP00000483621	GO Component	GO:0043233	Organelle lumen
CABYR	9606.ENSP00000483621	GO Component	GO:0070013	Intracellular organelle lumen
CABYR	9606.ENSP00000483621	GO Component	GO:0097729	9+2 motile cilium
CABYR	9606.ENSP00000483621	GO Component	GO:0110165	Cellular anatomical entity
CABYR	9606.ENSP00000483621	GO Component	GO:0120025	Plasma membrane bounded cell projection
CABYR	9606.ENSP00000483621	STRING clusters	CL:27285	Mixed, incl. Fertilization, and Spermatogenesis
CABYR	9606.ENSP00000483621	STRING clusters	CL:27286	Mixed, incl. Fertilization, and Spermatogenesis
CABYR	9606.ENSP00000483621	STRING clusters	CL:27287	Mixed, incl. Single fertilization, and Spermatogenesis
CABYR	9606.ENSP00000483621	STRING clusters	CL:27288	Mixed, incl. Single fertilization, and Spermatogenesis
CABYR	9606.ENSP00000483621	STRING clusters	CL:27289	Mixed, incl. Single fertilization, and Spermatogenesis
CABYR	9606.ENSP00000483621	STRING clusters	CL:27290	Mixed, incl. Single fertilization, and Spermatogenesis
CABYR	9606.ENSP00000483621	STRING clusters	CL:27291	Mixed, incl. Sperm-egg recognition, and Male infertility
CABYR	9606.ENSP00000483621	STRING clusters	CL:27292	Mixed, incl. Male infertility, and Spermatogenesis
CABYR	9606.ENSP00000483621	STRING clusters	CL:27293	Mixed, incl. Male infertility, and Acrosome reaction
CABYR	9606.ENSP00000483621	STRING clusters	CL:27294	Mixed, incl. Spermatogenic failure, and Sperm fibrous sheath
CABYR	9606.ENSP00000483621	STRING clusters	CL:27295	Mixed, incl. Spermatogenic failure 16, and Sperm fibrous sheath
CABYR	9606.ENSP00000483621	STRING clusters	CL:27320	Mixed, incl. CABYR/SP17, dimerization domain, and Rhophilin-1/2
CABYR	9606.ENSP00000483621	TISSUES	BTO:0000000	Tissues, cell types and enzyme sources
CABYR	9606.ENSP00000483621	TISSUES	BTO:0000042	Animal
CABYR	9606.ENSP00000483621	TISSUES	BTO:0000080	Male reproductive gland
CABYR	9606.ENSP00000483621	TISSUES	BTO:0000081	Reproductive system
CABYR	9606.ENSP00000483621	TISSUES	BTO:0000082	Male reproductive system
CABYR	9606.ENSP00000483621	TISSUES	BTO:0000083	Female reproductive system
CABYR	9606.ENSP00000483621	TISSUES	BTO:0000142	Brain
CABYR	9606.ENSP00000483621	TISSUES	BTO:0000227	Central nervous system
CABYR	9606.ENSP00000483621	TISSUES	BTO:0000254	Female reproductive gland
CABYR	9606.ENSP00000483621	TISSUES	BTO:0000282	Head
CABYR	9606.ENSP00000483621	TISSUES	BTO:0000522	Gland
CABYR	9606.ENSP00000483621	TISSUES	BTO:0000534	Gonad
CABYR	9606.ENSP00000483621	TISSUES	BTO:0001363	Testis
CABYR	9606.ENSP00000483621	TISSUES	BTO:0001484	Nervous system
CABYR	9606.ENSP00000483621	TISSUES	BTO:0001488	Endocrine gland
CABYR	9606.ENSP00000483621	TISSUES	BTO:0001489	Whole body
CABYR	9606.ENSP00000483621	TISSUES	BTO:0003091	Urogenital system
CABYR	9606.ENSP00000483621	TISSUES	BTO:0003096	Internal male genital organ
CABYR	9606.ENSP00000483621	COMPARTMENTS	GOCC:0005622	Intracellular
CABYR	9606.ENSP00000483621	COMPARTMENTS	GOCC:0005634	Nucleus
CABYR	9606.ENSP00000483621	COMPARTMENTS	GOCC:0005737	Cytoplasm
CABYR	9606.ENSP00000483621	COMPARTMENTS	GOCC:0005856	Cytoskeleton
CABYR	9606.ENSP00000483621	COMPARTMENTS	GOCC:0005929	Cilium
CABYR	9606.ENSP00000483621	COMPARTMENTS	GOCC:0031514	Motile cilium
CABYR	9606.ENSP00000483621	COMPARTMENTS	GOCC:0035686	Sperm fibrous sheath
CABYR	9606.ENSP00000483621	COMPARTMENTS	GOCC:0036126	Sperm flagellum
CABYR	9606.ENSP00000483621	COMPARTMENTS	GOCC:0042995	Cell projection
CABYR	9606.ENSP00000483621	COMPARTMENTS	GOCC:0043226	Organelle
CABYR	9606.ENSP00000483621	COMPARTMENTS	GOCC:0043227	Membrane-bounded organelle
CABYR	9606.ENSP00000483621	COMPARTMENTS	GOCC:0043228	Non-membrane-bounded organelle
CABYR	9606.ENSP00000483621	COMPARTMENTS	GOCC:0043229	Intracellular organelle
CABYR	9606.ENSP00000483621	COMPARTMENTS	GOCC:0043231	Intracellular membrane-bounded organelle
CABYR	9606.ENSP00000483621	COMPARTMENTS	GOCC:0043232	Intracellular non-membrane-bounded organelle
CABYR	9606.ENSP00000483621	COMPARTMENTS	GOCC:0097729	9+2 motile cilium
CABYR	9606.ENSP00000483621	COMPARTMENTS	GOCC:0110165	Cellular anatomical entity
CABYR	9606.ENSP00000483621	COMPARTMENTS	GOCC:0120025	Plasma membrane bounded cell projection
CABYR	9606.ENSP00000483621	UniProt Keywords	KW-0025	Alternative splicing
CABYR	9606.ENSP00000483621	UniProt Keywords	KW-0106	Calcium
CABYR	9606.ENSP00000483621	UniProt Keywords	KW-0206	Cytoskeleton
CABYR	9606.ENSP00000483621	UniProt Keywords	KW-0282	Flagellum
CABYR	9606.ENSP00000483621	UniProt Keywords	KW-0479	Metal-binding
CABYR	9606.ENSP00000483621	UniProt Keywords	KW-0539	Nucleus
CABYR	9606.ENSP00000483621	UniProt Keywords	KW-0597	Phosphoprotein
CABYR	9606.ENSP00000483621	UniProt Keywords	KW-0963	Cytoplasm
CABYR	9606.ENSP00000483621	UniProt Keywords	KW-0966	Cell projection
CABYR	9606.ENSP00000483621	UniProt Keywords	KW-0969	Cilium
CABYR	9606.ENSP00000483621	InterPro	IPR003117	cAMP-dependent protein kinase regulatory subunit, dimerization-anchoring domain
CABYR	9606.ENSP00000483621	InterPro	IPR038848	Calcium-binding tyrosine phosphorylation-regulated protein
CABYR	9606.ENSP00000483621	InterPro	IPR047579	CABYR/SP17, dimerization domain
CABYR	9606.ENSP00000483621	SMART	SM00394	RIIalpha, Regulatory subunit portion of type II PKA R-subunit
CRH	9606.ENSP00000276571	GO Process	GO:0000003	Reproduction
CRH	9606.ENSP00000276571	GO Process	GO:0001963	Synaptic transmission, dopaminergic
CRH	9606.ENSP00000276571	GO Process	GO:0002791	Regulation of peptide secretion
CRH	9606.ENSP00000276571	GO Process	GO:0002792	Negative regulation of peptide secretion
CRH	9606.ENSP00000276571	GO Process	GO:0002793	Positive regulation of peptide secretion
CRH	9606.ENSP00000276571	GO Process	GO:0003008	System process
CRH	9606.ENSP00000276571	GO Process	GO:0006629	Lipid metabolic process
CRH	9606.ENSP00000276571	GO Process	GO:0006694	Steroid biosynthetic process
CRH	9606.ENSP00000276571	GO Process	GO:0006704	Glucocorticoid biosynthetic process
CRH	9606.ENSP00000276571	GO Process	GO:0006950	Response to stress
CRH	9606.ENSP00000276571	GO Process	GO:0006952	Defense response
CRH	9606.ENSP00000276571	GO Process	GO:0006954	Inflammatory response
CRH	9606.ENSP00000276571	GO Process	GO:0007154	Cell communication
CRH	9606.ENSP00000276571	GO Process	GO:0007165	Signal transduction
CRH	9606.ENSP00000276571	GO Process	GO:0007267	Cell-cell signaling
CRH	9606.ENSP00000276571	GO Process	GO:0007268	Chemical synaptic transmission
CRH	9606.ENSP00000276571	GO Process	GO:0007275	Multicellular organism development
CRH	9606.ENSP00000276571	GO Process	GO:0007565	Female pregnancy
CRH	9606.ENSP00000276571	GO Process	GO:0007567	Parturition
CRH	9606.ENSP00000276571	GO Process	GO:0007610	Behavior
CRH	9606.ENSP00000276571	GO Process	GO:0007611	Learning or memory
CRH	9606.ENSP00000276571	GO Process	GO:0007626	Locomotory behavior
CRH	9606.ENSP00000276571	GO Process	GO:0008152	Metabolic process
CRH	9606.ENSP00000276571	GO Process	GO:0008202	Steroid metabolic process
CRH	9606.ENSP00000276571	GO Process	GO:0008211	Glucocorticoid metabolic process
CRH	9606.ENSP00000276571	GO Process	GO:0008610	Lipid biosynthetic process
CRH	9606.ENSP00000276571	GO Process	GO:0009058	Biosynthetic process
CRH	9606.ENSP00000276571	GO Process	GO:0009966	Regulation of signal transduction
CRH	9606.ENSP00000276571	GO Process	GO:0009987	Cellular process
CRH	9606.ENSP00000276571	GO Process	GO:0010469	Regulation of signaling receptor activity
CRH	9606.ENSP00000276571	GO Process	GO:0010646	Regulation of cell communication
CRH	9606.ENSP00000276571	GO Process	GO:0010647	Positive regulation of cell communication
CRH	9606.ENSP00000276571	GO Process	GO:0010648	Negative regulation of cell communication
CRH	9606.ENSP00000276571	GO Process	GO:0010817	Regulation of hormone levels
CRH	9606.ENSP00000276571	GO Process	GO:0010840	Regulation of circadian sleep/wake cycle, wakefulness
CRH	9606.ENSP00000276571	GO Process	GO:0010841	Positive regulation of circadian sleep/wake cycle, wakefulness
CRH	9606.ENSP00000276571	GO Process	GO:0014060	Regulation of epinephrine secretion
CRH	9606.ENSP00000276571	GO Process	GO:0022414	Reproductive process
CRH	9606.ENSP00000276571	GO Process	GO:0022898	Regulation of transmembrane transporter activity
CRH	9606.ENSP00000276571	GO Process	GO:0023051	Regulation of signaling
CRH	9606.ENSP00000276571	GO Process	GO:0023052	Signaling
CRH	9606.ENSP00000276571	GO Process	GO:0023056	Positive regulation of signaling
CRH	9606.ENSP00000276571	GO Process	GO:0023057	Negative regulation of signaling
CRH	9606.ENSP00000276571	GO Process	GO:0030323	Respiratory tube development
CRH	9606.ENSP00000276571	GO Process	GO:0030324	Lung development
CRH	9606.ENSP00000276571	GO Process	GO:0030325	Adrenal gland development
CRH	9606.ENSP00000276571	GO Process	GO:0032368	Regulation of lipid transport
CRH	9606.ENSP00000276571	GO Process	GO:0032370	Positive regulation of lipid transport
CRH	9606.ENSP00000276571	GO Process	GO:0032409	Regulation of transporter activity
CRH	9606.ENSP00000276571	GO Process	GO:0032412	Regulation of ion transmembrane transporter activity
CRH	9606.ENSP00000276571	GO Process	GO:0032501	Multicellular organismal process
CRH	9606.ENSP00000276571	GO Process	GO:0032502	Developmental process
CRH	9606.ENSP00000276571	GO Process	GO:0032811	Negative regulation of epinephrine secretion
CRH	9606.ENSP00000276571	GO Process	GO:0032879	Regulation of localization
CRH	9606.ENSP00000276571	GO Process	GO:0033604	Negative regulation of catecholamine secretion
CRH	9606.ENSP00000276571	GO Process	GO:0034762	Regulation of transmembrane transport
CRH	9606.ENSP00000276571	GO Process	GO:0034765	Regulation of ion transmembrane transport
CRH	9606.ENSP00000276571	GO Process	GO:0035270	Endocrine system development
CRH	9606.ENSP00000276571	GO Process	GO:0035295	Tube development
CRH	9606.ENSP00000276571	GO Process	GO:0035640	Exploration behavior
CRH	9606.ENSP00000276571	GO Process	GO:0035641	Locomotory exploration behavior
CRH	9606.ENSP00000276571	GO Process	GO:0042320	Regulation of circadian sleep/wake cycle, REM sleep
CRH	9606.ENSP00000276571	GO Process	GO:0042321	Negative regulation of circadian sleep/wake cycle, sleep
CRH	9606.ENSP00000276571	GO Process	GO:0042322	Negative regulation of circadian sleep/wake cycle, REM sleep
CRH	9606.ENSP00000276571	GO Process	GO:0042749	Regulation of circadian sleep/wake cycle
CRH	9606.ENSP00000276571	GO Process	GO:0042752	Regulation of circadian rhythm
CRH	9606.ENSP00000276571	GO Process	GO:0042753	Positive regulation of circadian rhythm
CRH	9606.ENSP00000276571	GO Process	GO:0042754	Negative regulation of circadian rhythm
CRH	9606.ENSP00000276571	GO Process	GO:0043269	Regulation of ion transport
CRH	9606.ENSP00000276571	GO Process	GO:0044057	Regulation of system process
CRH	9606.ENSP00000276571	GO Process	GO:0044060	Regulation of endocrine process
CRH	9606.ENSP00000276571	GO Process	GO:0044238	Primary metabolic process
CRH	9606.ENSP00000276571	GO Process	GO:0044703	Multi-organism reproductive process
CRH	9606.ENSP00000276571	GO Process	GO:0044706	Multi-multicellular organism process
CRH	9606.ENSP00000276571	GO Process	GO:0045187	Regulation of circadian sleep/wake cycle, sleep
CRH	9606.ENSP00000276571	GO Process	GO:0046883	Regulation of hormone secretion
CRH	9606.ENSP00000276571	GO Process	GO:0046887	Positive regulation of hormone secretion
CRH	9606.ENSP00000276571	GO Process	GO:0046888	Negative regulation of hormone secretion
CRH	9606.ENSP00000276571	GO Process	GO:0048513	Animal organ development
CRH	9606.ENSP00000276571	GO Process	GO:0048518	Positive regulation of biological process
CRH	9606.ENSP00000276571	GO Process	GO:0048519	Negative regulation of biological process
CRH	9606.ENSP00000276571	GO Process	GO:0048520	Positive regulation of behavior
CRH	9606.ENSP00000276571	GO Process	GO:0048521	Negative regulation of behavior
CRH	9606.ENSP00000276571	GO Process	GO:0048522	Positive regulation of cellular process
CRH	9606.ENSP00000276571	GO Process	GO:0048523	Negative regulation of cellular process
CRH	9606.ENSP00000276571	GO Process	GO:0048583	Regulation of response to stimulus
CRH	9606.ENSP00000276571	GO Process	GO:0048731	System development
CRH	9606.ENSP00000276571	GO Process	GO:0048732	Gland development
CRH	9606.ENSP00000276571	GO Process	GO:0048856	Anatomical structure development
CRH	9606.ENSP00000276571	GO Process	GO:0050433	Regulation of catecholamine secretion
CRH	9606.ENSP00000276571	GO Process	GO:0050789	Regulation of biological process
CRH	9606.ENSP00000276571	GO Process	GO:0050794	Regulation of cellular process
CRH	9606.ENSP00000276571	GO Process	GO:0050795	Regulation of behavior
CRH	9606.ENSP00000276571	GO Process	GO:0050877	Nervous system process
CRH	9606.ENSP00000276571	GO Process	GO:0050890	Cognition
CRH	9606.ENSP00000276571	GO Process	GO:0050896	Response to stimulus
CRH	9606.ENSP00000276571	GO Process	GO:0051046	Regulation of secretion
CRH	9606.ENSP00000276571	GO Process	GO:0051047	Positive regulation of secretion
CRH	9606.ENSP00000276571	GO Process	GO:0051048	Negative regulation of secretion
CRH	9606.ENSP00000276571	GO Process	GO:0051049	Regulation of transport
CRH	9606.ENSP00000276571	GO Process	GO:0051050	Positive regulation of transport
CRH	9606.ENSP00000276571	GO Process	GO:0051051	Negative regulation of transport
CRH	9606.ENSP00000276571	GO Process	GO:0051239	Regulation of multicellular organismal process
CRH	9606.ENSP00000276571	GO Process	GO:0051240	Positive regulation of multicellular organismal process
CRH	9606.ENSP00000276571	GO Process	GO:0051241	Negative regulation of multicellular organismal process
CRH	9606.ENSP00000276571	GO Process	GO:0051459	Regulation of corticotropin secretion
CRH	9606.ENSP00000276571	GO Process	GO:0051461	Positive regulation of corticotropin secretion
CRH	9606.ENSP00000276571	GO Process	GO:0051462	Regulation of cortisol secretion
CRH	9606.ENSP00000276571	GO Process	GO:0051464	Positive regulation of cortisol secretion
CRH	9606.ENSP00000276571	GO Process	GO:0051716	Cellular response to stimulus
CRH	9606.ENSP00000276571	GO Process	GO:0051952	Regulation of amine transport
CRH	9606.ENSP00000276571	GO Process	GO:0051953	Negative regulation of amine transport
CRH	9606.ENSP00000276571	GO Process	GO:0060541	Respiratory system development
CRH	9606.ENSP00000276571	GO Process	GO:0065007	Biological regulation
CRH	9606.ENSP00000276571	GO Process	GO:0065008	Regulation of biological quality
CRH	9606.ENSP00000276571	GO Process	GO:0065009	Regulation of molecular function
CRH	9606.ENSP00000276571	GO Process	GO:0070092	Regulation of glucagon secretion
CRH	9606.ENSP00000276571	GO Process	GO:0070093	Negative regulation of glucagon secretion
CRH	9606.ENSP00000276571	GO Process	GO:0071704	Organic substance metabolic process
CRH	9606.ENSP00000276571	GO Process	GO:0090087	Regulation of peptide transport
CRH	9606.ENSP00000276571	GO Process	GO:0090276	Regulation of peptide hormone secretion
CRH	9606.ENSP00000276571	GO Process	GO:0090277	Positive regulation of peptide hormone secretion
CRH	9606.ENSP00000276571	GO Process	GO:0090278	Negative regulation of peptide hormone secretion
CRH	9606.ENSP00000276571	GO Process	GO:0098916	Anterograde trans-synaptic signaling
CRH	9606.ENSP00000276571	GO Process	GO:0099536	Synaptic signaling
CRH	9606.ENSP00000276571	GO Process	GO:0099537	Trans-synaptic signaling
CRH	9606.ENSP00000276571	GO Process	GO:0099601	Regulation of neurotransmitter receptor activity
CRH	9606.ENSP00000276571	GO Process	GO:1901360	Organic cyclic compound metabolic process
CRH	9606.ENSP00000276571	GO Process	GO:1901362	Organic cyclic compound biosynthetic process
CRH	9606.ENSP00000276571	GO Process	GO:1901576	Organic substance biosynthetic process
CRH	9606.ENSP00000276571	GO Process	GO:1903530	Regulation of secretion by cell
CRH	9606.ENSP00000276571	GO Process	GO:1903531	Negative regulation of secretion by cell
CRH	9606.ENSP00000276571	GO Process	GO:1903532	Positive regulation of secretion by cell
CRH	9606.ENSP00000276571	GO Process	GO:1904062	Regulation of cation transmembrane transport
CRH	9606.ENSP00000276571	GO Process	GO:1905952	Regulation of lipid localization
CRH	9606.ENSP00000276571	GO Process	GO:1905954	Positive regulation of lipid localization
CRH	9606.ENSP00000276571	GO Process	GO:2000310	Regulation of NMDA receptor activity
CRH	9606.ENSP00000276571	GO Process	GO:2000831	Regulation of steroid hormone secretion
CRH	9606.ENSP00000276571	GO Process	GO:2000833	Positive regulation of steroid hormone secretion
CRH	9606.ENSP00000276571	GO Process	GO:2000846	Regulation of corticosteroid hormone secretion
CRH	9606.ENSP00000276571	GO Process	GO:2000848	Positive regulation of corticosteroid hormone secretion
CRH	9606.ENSP00000276571	GO Process	GO:2000849	Regulation of glucocorticoid secretion
CRH	9606.ENSP00000276571	GO Process	GO:2000851	Positive regulation of glucocorticoid secretion
CRH	9606.ENSP00000276571	GO Process	GO:2001257	Regulation of cation channel activity
CRH	9606.ENSP00000276571	GO Function	GO:0005102	Signaling receptor binding
CRH	9606.ENSP00000276571	GO Function	GO:0005179	Hormone activity
CRH	9606.ENSP00000276571	GO Function	GO:0005184	Neuropeptide hormone activity
CRH	9606.ENSP00000276571	GO Function	GO:0005488	Binding
CRH	9606.ENSP00000276571	GO Function	GO:0005515	Protein binding
CRH	9606.ENSP00000276571	GO Function	GO:0017045	Corticotropin-releasing hormone activity
CRH	9606.ENSP00000276571	GO Function	GO:0030545	Signaling receptor regulator activity
CRH	9606.ENSP00000276571	GO Function	GO:0030546	Signaling receptor activator activity
CRH	9606.ENSP00000276571	GO Function	GO:0048018	Receptor ligand activity
CRH	9606.ENSP00000276571	GO Function	GO:0098772	Molecular function regulator activity
CRH	9606.ENSP00000276571	GO Component	GO:0005576	Extracellular region
CRH	9606.ENSP00000276571	GO Component	GO:0005615	Extracellular space
CRH	9606.ENSP00000276571	GO Component	GO:0030054	Cell junction
CRH	9606.ENSP00000276571	GO Component	GO:0036477	Somatodendritic compartment
CRH	9606.ENSP00000276571	GO Component	GO:0043025	Neuronal cell body
CRH	9606.ENSP00000276571	GO Component	GO:0044297	Cell body
CRH	9606.ENSP00000276571	GO Component	GO:0045202	Synapse
CRH	9606.ENSP00000276571	GO Component	GO:0110165	Cellular anatomical entity
CRH	9606.ENSP00000276571	STRING clusters	CL:23867	Peptide ligand-binding receptors, and Class B/2 (Secretin family receptors)
CRH	9606.ENSP00000276571	STRING clusters	CL:23868	Peptide ligand-binding receptors, and Neuropeptide receptor binding
CRH	9606.ENSP00000276571	STRING clusters	CL:23869	Peptide ligand-binding receptors, and Neuropeptide receptor binding
CRH	9606.ENSP00000276571	STRING clusters	CL:24029	Mixed, incl. Vasopressin-like receptors, and Corticotropin-releasing factor
CRH	9606.ENSP00000276571	STRING clusters	CL:24030	Mixed, incl. Vasopressin-like receptors, and Corticotropin-releasing factor
CRH	9606.ENSP00000276571	STRING clusters	CL:24031	Vasopressin-like receptors, and Corticotropin-releasing factor
CRH	9606.ENSP00000276571	KEGG	hsa04080	Neuroactive ligand-receptor interaction
CRH	9606.ENSP00000276571	KEGG	hsa04730	Long-term depression
CRH	9606.ENSP00000276571	KEGG	hsa04934	Cushing syndrome
CRH	9606.ENSP00000276571	KEGG	hsa05034	Alcoholism
CRH	9606.ENSP00000276571	Reactome	HSA-162582	Signal Transduction
CRH	9606.ENSP00000276571	Reactome	HSA-212436	Generic Transcription Pathway
CRH	9606.ENSP00000276571	Reactome	HSA-372790	Signaling by GPCR
CRH	9606.ENSP00000276571	Reactome	HSA-373080	Class B/2 (Secretin family receptors)
CRH	9606.ENSP00000276571	Reactome	HSA-388396	GPCR downstream signalling
CRH	9606.ENSP00000276571	Reactome	HSA-418555	G alpha (s) signalling events
CRH	9606.ENSP00000276571	Reactome	HSA-500792	GPCR ligand binding
CRH	9606.ENSP00000276571	Reactome	HSA-73857	RNA Polymerase II Transcription
CRH	9606.ENSP00000276571	Reactome	HSA-74160	Gene expression (Transcription)
CRH	9606.ENSP00000276571	Reactome	HSA-8986944	Transcriptional Regulation by MECP2
CRH	9606.ENSP00000276571	Reactome	HSA-9022702	MECP2 regulates transcription of neuronal ligands
CRH	9606.ENSP00000276571	WikiPathways	WP2355	Corticotropin-releasing hormone signaling pathway
CRH	9606.ENSP00000276571	WikiPathways	WP289	Myometrial relaxation and contraction pathways
CRH	9606.ENSP00000276571	WikiPathways	WP3591	Sleep regulation
CRH	9606.ENSP00000276571	WikiPathways	WP3594	Circadian rhythm genes
CRH	9606.ENSP00000276571	WikiPathways	WP3944	Serotonin and anxiety-related events
CRH	9606.ENSP00000276571	WikiPathways	WP3947	Serotonin and anxiety
CRH	9606.ENSP00000276571	DISEASES	DOID:0060001	Withdrawal disorder
CRH	9606.ENSP00000276571	DISEASES	DOID:0060072	Benign neoplasm
CRH	9606.ENSP00000276571	DISEASES	DOID:0060084	Cell type benign neoplasm
CRH	9606.ENSP00000276571	DISEASES	DOID:0060085	Organ system benign neoplasm
CRH	9606.ENSP00000276571	DISEASES	DOID:0060089	Endocrine organ benign neoplasm
CRH	9606.ENSP00000276571	DISEASES	DOID:0060890	Ectopic Cushing syndrome
CRH	9606.ENSP00000276571	DISEASES	DOID:12294	Atypical depressive disorder
CRH	9606.ENSP00000276571	DISEASES	DOID:14566	Disease of cellular proliferation
CRH	9606.ENSP00000276571	DISEASES	DOID:1470	Major depressive disorder
CRH	9606.ENSP00000276571	DISEASES	DOID:150	Disease of mental health
CRH	9606.ENSP00000276571	DISEASES	DOID:1561	Cognitive disorder
CRH	9606.ENSP00000276571	DISEASES	DOID:1596	Mental depression
CRH	9606.ENSP00000276571	DISEASES	DOID:2030	Anxiety disorder
CRH	9606.ENSP00000276571	DISEASES	DOID:2055	Post-traumatic stress disorder
CRH	9606.ENSP00000276571	DISEASES	DOID:2444	Hyperpituitarism
CRH	9606.ENSP00000276571	DISEASES	DOID:28	Endocrine system disease
CRH	9606.ENSP00000276571	DISEASES	DOID:303	Substance-related disorder
CRH	9606.ENSP00000276571	DISEASES	DOID:3324	Mood disorder
CRH	9606.ENSP00000276571	DISEASES	DOID:3829	Pituitary adenoma
CRH	9606.ENSP00000276571	DISEASES	DOID:3946	Pituitary-dependent Cushings disease
CRH	9606.ENSP00000276571	DISEASES	DOID:3947	Adrenal gland hyperfunction
CRH	9606.ENSP00000276571	DISEASES	DOID:3952	Adrenal cortex disease
CRH	9606.ENSP00000276571	DISEASES	DOID:4	Disease
CRH	9606.ENSP00000276571	DISEASES	DOID:446	Primary hyperaldosteronism
CRH	9606.ENSP00000276571	DISEASES	DOID:4968	Nelson syndrome
CRH	9606.ENSP00000276571	DISEASES	DOID:5295	Intestinal disease
CRH	9606.ENSP00000276571	DISEASES	DOID:53	Pituitary gland disease
CRH	9606.ENSP00000276571	DISEASES	DOID:5395	Functioning pituitary adenoma
CRH	9606.ENSP00000276571	DISEASES	DOID:60009	Pituitary gland benign neoplasm
CRH	9606.ENSP00000276571	DISEASES	DOID:657	Adenoma
CRH	9606.ENSP00000276571	DISEASES	DOID:7	Disease of anatomical entity
CRH	9606.ENSP00000276571	DISEASES	DOID:7004	ACTH-secreting pituitary adenoma
CRH	9606.ENSP00000276571	DISEASES	DOID:77	Gastrointestinal system disease
CRH	9606.ENSP00000276571	DISEASES	DOID:9553	Adrenal gland disease
CRH	9606.ENSP00000276571	DISEASES	DOID:9778	Irritable bowel syndrome
CRH	9606.ENSP00000276571	TISSUES	BTO:0000000	Tissues, cell types and enzyme sources
CRH	9606.ENSP00000276571	TISSUES	BTO:0000040	Adenohypophysis
CRH	9606.ENSP00000276571	TISSUES	BTO:0000042	Animal
CRH	9606.ENSP00000276571	TISSUES	BTO:0000081	Reproductive system
CRH	9606.ENSP00000276571	TISSUES	BTO:0000083	Female reproductive system
CRH	9606.ENSP00000276571	TISSUES	BTO:0000142	Brain
CRH	9606.ENSP00000276571	TISSUES	BTO:0000146	Brain stem
CRH	9606.ENSP00000276571	TISSUES	BTO:0000174	Embryonic structure
CRH	9606.ENSP00000276571	TISSUES	BTO:0000227	Central nervous system
CRH	9606.ENSP00000276571	TISSUES	BTO:0000231	Cerebral hemisphere
CRH	9606.ENSP00000276571	TISSUES	BTO:0000232	Cerebellum
CRH	9606.ENSP00000276571	TISSUES	BTO:0000233	Cerebral cortex
CRH	9606.ENSP00000276571	TISSUES	BTO:0000235	Basal ganglion
CRH	9606.ENSP00000276571	TISSUES	BTO:0000239	Telencephalon
CRH	9606.ENSP00000276571	TISSUES	BTO:0000282	Head
CRH	9606.ENSP00000276571	TISSUES	BTO:0000284	Organism form
CRH	9606.ENSP00000276571	TISSUES	BTO:0000342	Diencephalon
CRH	9606.ENSP00000276571	TISSUES	BTO:0000427	Pituitary gland cell line
CRH	9606.ENSP00000276571	TISSUES	BTO:0000445	Cerebral lobe
CRH	9606.ENSP00000276571	TISSUES	BTO:0000449	Fetus
CRH	9606.ENSP00000276571	TISSUES	BTO:0000478	Forebrain
CRH	9606.ENSP00000276571	TISSUES	BTO:0000496	Anterior lobe
CRH	9606.ENSP00000276571	TISSUES	BTO:0000497	Ganglion
CRH	9606.ENSP00000276571	TISSUES	BTO:0000522	Gland
CRH	9606.ENSP00000276571	TISSUES	BTO:0000614	Hypothalamus
CRH	9606.ENSP00000276571	TISSUES	BTO:0000672	Hindbrain
CRH	9606.ENSP00000276571	TISSUES	BTO:0000673	Metencephalon
CRH	9606.ENSP00000276571	TISSUES	BTO:0000756	Pituitary gland tumor cell line
CRH	9606.ENSP00000276571	TISSUES	BTO:0000768	Infundibulum
CRH	9606.ENSP00000276571	TISSUES	BTO:0000928	Limbic system
CRH	9606.ENSP00000276571	TISSUES	BTO:0000937	Neurohypophysis
CRH	9606.ENSP00000276571	TISSUES	BTO:0001042	Amygdala
CRH	9606.ENSP00000276571	TISSUES	BTO:0001073	Hypophysis
CRH	9606.ENSP00000276571	TISSUES	BTO:0001077	AtT-20 cell
CRH	9606.ENSP00000276571	TISSUES	BTO:0001078	Placenta
CRH	9606.ENSP00000276571	TISSUES	BTO:0001355	Temporal lobe
CRH	9606.ENSP00000276571	TISSUES	BTO:0001365	Thalamus
CRH	9606.ENSP00000276571	TISSUES	BTO:0001408	Locus ceruleus
CRH	9606.ENSP00000276571	TISSUES	BTO:0001442	Brain ventricle
CRH	9606.ENSP00000276571	TISSUES	BTO:0001484	Nervous system
CRH	9606.ENSP00000276571	TISSUES	BTO:0001488	Endocrine gland
CRH	9606.ENSP00000276571	TISSUES	BTO:0001489	Whole body
CRH	9606.ENSP00000276571	TISSUES	BTO:0001954	Median eminence
CRH	9606.ENSP00000276571	TISSUES	BTO:0002444	Basal forebrain
CRH	9606.ENSP00000276571	TISSUES	BTO:0002449	Hypothalamic nucleus
CRH	9606.ENSP00000276571	TISSUES	BTO:0002452	Thalamic nucleus
CRH	9606.ENSP00000276571	TISSUES	BTO:0002454	Median nucleus of thalamus
CRH	9606.ENSP00000276571	TISSUES	BTO:0002460	Paraventricular nucleus
CRH	9606.ENSP00000276571	TISSUES	BTO:0002476	Paraventricular nucleus of hypothalamus
CRH	9606.ENSP00000276571	TISSUES	BTO:0002509	Corticotropic cell
CRH	9606.ENSP00000276571	TISSUES	BTO:0002697	Supraoptic nucleus
CRH	9606.ENSP00000276571	TISSUES	BTO:0002698	Bed nucleus of stria terminalis
CRH	9606.ENSP00000276571	TISSUES	BTO:0002906	NPLC/PRF/5 cell
CRH	9606.ENSP00000276571	TISSUES	BTO:0003091	Urogenital system
CRH	9606.ENSP00000276571	TISSUES	BTO:0003099	Internal female genital organ
CRH	9606.ENSP00000276571	TISSUES	BTO:0003399	Avian pallium
CRH	9606.ENSP00000276571	TISSUES	BTO:0004616	Stria terminalis
CRH	9606.ENSP00000276571	TISSUES	BTO:0006267	Circumventricular organ
CRH	9606.ENSP00000276571	COMPARTMENTS	GOCC:0005576	Extracellular region
CRH	9606.ENSP00000276571	COMPARTMENTS	GOCC:0005615	Extracellular space
CRH	9606.ENSP00000276571	COMPARTMENTS	GOCC:0110165	Cellular anatomical entity
CRH	9606.ENSP00000276571	Monarch	HP:0000009	Functional abnormality of the bladder
CRH	9606.ENSP00000276571	Monarch	HP:0000014	Abnormality of the bladder
CRH	9606.ENSP00000276571	Monarch	HP:0000020	Urinary incontinence
CRH	9606.ENSP00000276571	Monarch	HP:0000079	Abnormality of the urinary system
CRH	9606.ENSP00000276571	Monarch	HP:0000118	Phenotypic abnormality
CRH	9606.ENSP00000276571	Monarch	HP:0000119	Abnormality of the genitourinary system
CRH	9606.ENSP00000276571	Monarch	HP:0000707	Abnormality of the nervous system
CRH	9606.ENSP00000276571	Monarch	HP:0000708	Behavioral abnormality
CRH	9606.ENSP00000276571	Monarch	HP:0000709	Psychosis
CRH	9606.ENSP00000276571	Monarch	HP:0000716	Depression
CRH	9606.ENSP00000276571	Monarch	HP:0000733	Motor stereotypy
CRH	9606.ENSP00000276571	Monarch	HP:0000736	Short attention span
CRH	9606.ENSP00000276571	Monarch	HP:0000739	Anxiety
CRH	9606.ENSP00000276571	Monarch	HP:0000752	Hyperactivity
CRH	9606.ENSP00000276571	Monarch	HP:0001249	Intellectual disability
CRH	9606.ENSP00000276571	Monarch	HP:0001250	Seizure
CRH	9606.ENSP00000276571	Monarch	HP:0001256	Intellectual disability, mild
CRH	9606.ENSP00000276571	Monarch	HP:0001311	Abnormal nervous system electrophysiology
CRH	9606.ENSP00000276571	Monarch	HP:0001332	Dystonia
CRH	9606.ENSP00000276571	Monarch	HP:0001345	Psychotic mentation
CRH	9606.ENSP00000276571	Monarch	HP:0002069	Bilateral tonic-clonic seizure
CRH	9606.ENSP00000276571	Monarch	HP:0002086	Abnormality of the respiratory system
CRH	9606.ENSP00000276571	Monarch	HP:0002268	Paroxysmal dystonia
CRH	9606.ENSP00000276571	Monarch	HP:0002353	EEG abnormality
CRH	9606.ENSP00000276571	Monarch	HP:0002360	Sleep disturbance
CRH	9606.ENSP00000276571	Monarch	HP:0002793	Abnormal pattern of respiration
CRH	9606.ENSP00000276571	Monarch	HP:0002795	Abnormal respiratory system physiology
CRH	9606.ENSP00000276571	Monarch	HP:0002883	Hyperventilation
CRH	9606.ENSP00000276571	Monarch	HP:0004305	Involuntary movements
CRH	9606.ENSP00000276571	Monarch	HP:0007018	Attention deficit hyperactivity disorder
CRH	9606.ENSP00000276571	Monarch	HP:0007359	Focal-onset seizure
CRH	9606.ENSP00000276571	Monarch	HP:0010936	Abnormality of the lower urinary tract
CRH	9606.ENSP00000276571	Monarch	HP:0011153	Focal motor seizure
CRH	9606.ENSP00000276571	Monarch	HP:0011174	Focal hyperkinetic seizure
CRH	9606.ENSP00000276571	Monarch	HP:0011182	Interictal epileptiform activity
CRH	9606.ENSP00000276571	Monarch	HP:0011185	EEG with focal epileptiform discharges
CRH	9606.ENSP00000276571	Monarch	HP:0011193	EEG with focal spikes
CRH	9606.ENSP00000276571	Monarch	HP:0011442	Abnormal central motor function
CRH	9606.ENSP00000276571	Monarch	HP:0011446	Abnormality of higher mental function
CRH	9606.ENSP00000276571	Monarch	HP:0012638	Abnormal nervous system physiology
CRH	9606.ENSP00000276571	Monarch	HP:0012759	Neurodevelopmental abnormality
CRH	9606.ENSP00000276571	Monarch	HP:0020219	Motor seizure
CRH	9606.ENSP00000276571	Monarch	HP:0025142	Constitutional symptom
CRH	9606.ENSP00000276571	Monarch	HP:0025234	Parasomnia
CRH	9606.ENSP00000276571	Monarch	HP:0025235	Non-rapid eye movement parasomnia
CRH	9606.ENSP00000276571	Monarch	HP:0025236	Somnambulism
CRH	9606.ENSP00000276571	Monarch	HP:0025237	Confusional arousal
CRH	9606.ENSP00000276571	Monarch	HP:0025373	Interictal EEG abnormality
CRH	9606.ENSP00000276571	Monarch	HP:0030178	Abnormality of central nervous system electrophysiology
CRH	9606.ENSP00000276571	Monarch	HP:0031058	Impairment of activities of daily living
CRH	9606.ENSP00000276571	Monarch	HP:0031064	Impaired continence
CRH	9606.ENSP00000276571	Monarch	HP:0031466	Impairment in personality functioning
CRH	9606.ENSP00000276571	Monarch	HP:0031535	Increased theta frequency activity in EEG
CRH	9606.ENSP00000276571	Monarch	HP:0031589	Suicidal ideation
CRH	9606.ENSP00000276571	Monarch	HP:0031951	Nocturnal seizures
CRH	9606.ENSP00000276571	Monarch	HP:0100022	Abnormality of movement
CRH	9606.ENSP00000276571	Monarch	HP:0100543	Cognitive impairment
CRH	9606.ENSP00000276571	Monarch	HP:0100851	Abnormal emotion/affect behavior
CRH	9606.ENSP00000276571	Monarch	HP:0100852	Abnormal fear/anxiety-related behavior
CRH	9606.ENSP00000276571	UniProt Keywords	KW-0027	Amidation
CRH	9606.ENSP00000276571	UniProt Keywords	KW-0165	Cleavage on pair of basic residues
CRH	9606.ENSP00000276571	UniProt Keywords	KW-0372	Hormone
CRH	9606.ENSP00000276571	UniProt Keywords	KW-0732	Signal
CRH	9606.ENSP00000276571	UniProt Keywords	KW-0964	Secreted
CRH	9606.ENSP00000276571	InterPro	IPR000187	Corticotropin-releasing factor
CRH	9606.ENSP00000276571	InterPro	IPR003620	Urocortin/corticotropin-releasing factor
CRH	9606.ENSP00000276571	InterPro	IPR018446	Corticotropin-releasing factor conserved site
CRH	9606.ENSP00000276571	SMART	SM00039	Corticotropin-releasing factor
DHRS7B	9606.ENSP00000378887	GO Process	GO:0002376	Immune system process
DHRS7B	9606.ENSP00000378887	GO Process	GO:0002520	Immune system development
DHRS7B	9606.ENSP00000378887	GO Process	GO:0002521	Leukocyte differentiation
DHRS7B	9606.ENSP00000378887	GO Process	GO:0002573	Myeloid leukocyte differentiation
DHRS7B	9606.ENSP00000378887	GO Process	GO:0006355	Regulation of transcription, DNA-templated
DHRS7B	9606.ENSP00000378887	GO Process	GO:0006629	Lipid metabolic process
DHRS7B	9606.ENSP00000378887	GO Process	GO:0006644	Phospholipid metabolic process
DHRS7B	9606.ENSP00000378887	GO Process	GO:0006650	Glycerophospholipid metabolic process
DHRS7B	9606.ENSP00000378887	GO Process	GO:0006656	Phosphatidylcholine biosynthetic process
DHRS7B	9606.ENSP00000378887	GO Process	GO:0006662	Glycerol ether metabolic process
DHRS7B	9606.ENSP00000378887	GO Process	GO:0006793	Phosphorus metabolic process
DHRS7B	9606.ENSP00000378887	GO Process	GO:0006796	Phosphate-containing compound metabolic process
DHRS7B	9606.ENSP00000378887	GO Process	GO:0006807	Nitrogen compound metabolic process
DHRS7B	9606.ENSP00000378887	GO Process	GO:0006950	Response to stress
DHRS7B	9606.ENSP00000378887	GO Process	GO:0006952	Defense response
DHRS7B	9606.ENSP00000378887	GO Process	GO:0006954	Inflammatory response
DHRS7B	9606.ENSP00000378887	GO Process	GO:0007275	Multicellular organism development
DHRS7B	9606.ENSP00000378887	GO Process	GO:0008152	Metabolic process
DHRS7B	9606.ENSP00000378887	GO Process	GO:0008610	Lipid biosynthetic process
DHRS7B	9606.ENSP00000378887	GO Process	GO:0008611	Ether lipid biosynthetic process
DHRS7B	9606.ENSP00000378887	GO Process	GO:0008654	Phospholipid biosynthetic process
DHRS7B	9606.ENSP00000378887	GO Process	GO:0009058	Biosynthetic process
DHRS7B	9606.ENSP00000378887	GO Process	GO:0009888	Tissue development
DHRS7B	9606.ENSP00000378887	GO Process	GO:0009889	Regulation of biosynthetic process
DHRS7B	9606.ENSP00000378887	GO Process	GO:0009890	Negative regulation of biosynthetic process
DHRS7B	9606.ENSP00000378887	GO Process	GO:0009892	Negative regulation of metabolic process
DHRS7B	9606.ENSP00000378887	GO Process	GO:0009987	Cellular process
DHRS7B	9606.ENSP00000378887	GO Process	GO:0010468	Regulation of gene expression
DHRS7B	9606.ENSP00000378887	GO Process	GO:0010556	Regulation of macromolecule biosynthetic process
DHRS7B	9606.ENSP00000378887	GO Process	GO:0010558	Negative regulation of macromolecule biosynthetic process
DHRS7B	9606.ENSP00000378887	GO Process	GO:0010605	Negative regulation of macromolecule metabolic process
DHRS7B	9606.ENSP00000378887	GO Process	GO:0018904	Ether metabolic process
DHRS7B	9606.ENSP00000378887	GO Process	GO:0019219	Regulation of nucleobase-containing compound metabolic process
DHRS7B	9606.ENSP00000378887	GO Process	GO:0019222	Regulation of metabolic process
DHRS7B	9606.ENSP00000378887	GO Process	GO:0019637	Organophosphate metabolic process
DHRS7B	9606.ENSP00000378887	GO Process	GO:0030097	Hemopoiesis
DHRS7B	9606.ENSP00000378887	GO Process	GO:0030099	Myeloid cell differentiation
DHRS7B	9606.ENSP00000378887	GO Process	GO:0030154	Cell differentiation
DHRS7B	9606.ENSP00000378887	GO Process	GO:0030223	Neutrophil differentiation
DHRS7B	9606.ENSP00000378887	GO Process	GO:0030851	Granulocyte differentiation
DHRS7B	9606.ENSP00000378887	GO Process	GO:0031323	Regulation of cellular metabolic process
DHRS7B	9606.ENSP00000378887	GO Process	GO:0031324	Negative regulation of cellular metabolic process
DHRS7B	9606.ENSP00000378887	GO Process	GO:0031326	Regulation of cellular biosynthetic process
DHRS7B	9606.ENSP00000378887	GO Process	GO:0031327	Negative regulation of cellular biosynthetic process
DHRS7B	9606.ENSP00000378887	GO Process	GO:0032091	Negative regulation of protein binding
DHRS7B	9606.ENSP00000378887	GO Process	GO:0032501	Multicellular organismal process
DHRS7B	9606.ENSP00000378887	GO Process	GO:0032502	Developmental process
DHRS7B	9606.ENSP00000378887	GO Process	GO:0043393	Regulation of protein binding
DHRS7B	9606.ENSP00000378887	GO Process	GO:0044092	Negative regulation of molecular function
DHRS7B	9606.ENSP00000378887	GO Process	GO:0044237	Cellular metabolic process
DHRS7B	9606.ENSP00000378887	GO Process	GO:0044238	Primary metabolic process
DHRS7B	9606.ENSP00000378887	GO Process	GO:0044249	Cellular biosynthetic process
DHRS7B	9606.ENSP00000378887	GO Process	GO:0044255	Cellular lipid metabolic process
DHRS7B	9606.ENSP00000378887	GO Process	GO:0044281	Small molecule metabolic process
DHRS7B	9606.ENSP00000378887	GO Process	GO:0045017	Glycerolipid biosynthetic process
DHRS7B	9606.ENSP00000378887	GO Process	GO:0045444	Fat cell differentiation
DHRS7B	9606.ENSP00000378887	GO Process	GO:0045892	Negative regulation of transcription, DNA-templated
DHRS7B	9606.ENSP00000378887	GO Process	GO:0045934	Negative regulation of nucleobase-containing compound metabolic process
DHRS7B	9606.ENSP00000378887	GO Process	GO:0046470	Phosphatidylcholine metabolic process
DHRS7B	9606.ENSP00000378887	GO Process	GO:0046474	Glycerophospholipid biosynthetic process
DHRS7B	9606.ENSP00000378887	GO Process	GO:0046485	Ether lipid metabolic process
DHRS7B	9606.ENSP00000378887	GO Process	GO:0046486	Glycerolipid metabolic process
DHRS7B	9606.ENSP00000378887	GO Process	GO:0046504	Glycerol ether biosynthetic process
DHRS7B	9606.ENSP00000378887	GO Process	GO:0048513	Animal organ development
DHRS7B	9606.ENSP00000378887	GO Process	GO:0048519	Negative regulation of biological process
DHRS7B	9606.ENSP00000378887	GO Process	GO:0048523	Negative regulation of cellular process
DHRS7B	9606.ENSP00000378887	GO Process	GO:0048534	Hematopoietic or lymphoid organ development
DHRS7B	9606.ENSP00000378887	GO Process	GO:0048731	System development
DHRS7B	9606.ENSP00000378887	GO Process	GO:0048856	Anatomical structure development
DHRS7B	9606.ENSP00000378887	GO Process	GO:0048869	Cellular developmental process
DHRS7B	9606.ENSP00000378887	GO Process	GO:0050789	Regulation of biological process
DHRS7B	9606.ENSP00000378887	GO Process	GO:0050794	Regulation of cellular process
DHRS7B	9606.ENSP00000378887	GO Process	GO:0050873	Brown fat cell differentiation
DHRS7B	9606.ENSP00000378887	GO Process	GO:0050896	Response to stimulus
DHRS7B	9606.ENSP00000378887	GO Process	GO:0051098	Regulation of binding
DHRS7B	9606.ENSP00000378887	GO Process	GO:0051100	Negative regulation of binding
DHRS7B	9606.ENSP00000378887	GO Process	GO:0051171	Regulation of nitrogen compound metabolic process
DHRS7B	9606.ENSP00000378887	GO Process	GO:0051172	Negative regulation of nitrogen compound metabolic process
DHRS7B	9606.ENSP00000378887	GO Process	GO:0051239	Regulation of multicellular organismal process
DHRS7B	9606.ENSP00000378887	GO Process	GO:0051252	Regulation of RNA metabolic process
DHRS7B	9606.ENSP00000378887	GO Process	GO:0051253	Negative regulation of RNA metabolic process
DHRS7B	9606.ENSP00000378887	GO Process	GO:0060255	Regulation of macromolecule metabolic process
DHRS7B	9606.ENSP00000378887	GO Process	GO:0060612	Adipose tissue development
DHRS7B	9606.ENSP00000378887	GO Process	GO:0061448	Connective tissue development
DHRS7B	9606.ENSP00000378887	GO Process	GO:0065007	Biological regulation
DHRS7B	9606.ENSP00000378887	GO Process	GO:0065008	Regulation of biological quality
DHRS7B	9606.ENSP00000378887	GO Process	GO:0065009	Regulation of molecular function
DHRS7B	9606.ENSP00000378887	GO Process	GO:0071704	Organic substance metabolic process
DHRS7B	9606.ENSP00000378887	GO Process	GO:0080090	Regulation of primary metabolic process
DHRS7B	9606.ENSP00000378887	GO Process	GO:0090407	Organophosphate biosynthetic process
DHRS7B	9606.ENSP00000378887	GO Process	GO:0097384	Cellular lipid biosynthetic process
DHRS7B	9606.ENSP00000378887	GO Process	GO:0120161	Regulation of cold-induced thermogenesis
DHRS7B	9606.ENSP00000378887	GO Process	GO:1901503	Ether biosynthetic process
DHRS7B	9606.ENSP00000378887	GO Process	GO:1901564	Organonitrogen compound metabolic process
DHRS7B	9606.ENSP00000378887	GO Process	GO:1901566	Organonitrogen compound biosynthetic process
DHRS7B	9606.ENSP00000378887	GO Process	GO:1901576	Organic substance biosynthetic process
DHRS7B	9606.ENSP00000378887	GO Process	GO:1902679	Negative regulation of RNA biosynthetic process
DHRS7B	9606.ENSP00000378887	GO Process	GO:1903506	Regulation of nucleic acid-templated transcription
DHRS7B	9606.ENSP00000378887	GO Process	GO:1903507	Negative regulation of nucleic acid-templated transcription
DHRS7B	9606.ENSP00000378887	GO Process	GO:2001141	Regulation of RNA biosynthetic process
DHRS7B	9606.ENSP00000378887	GO Function	GO:0000140	Acylglycerone-phosphate reductase activity
DHRS7B	9606.ENSP00000378887	GO Function	GO:0003712	Transcription coregulator activity
DHRS7B	9606.ENSP00000378887	GO Function	GO:0003714	Transcription corepressor activity
DHRS7B	9606.ENSP00000378887	GO Function	GO:0003824	Catalytic activity
DHRS7B	9606.ENSP00000378887	GO Function	GO:0005488	Binding
DHRS7B	9606.ENSP00000378887	GO Function	GO:0005515	Protein binding
DHRS7B	9606.ENSP00000378887	GO Function	GO:0008134	Transcription factor binding
DHRS7B	9606.ENSP00000378887	GO Function	GO:0016491	Oxidoreductase activity
DHRS7B	9606.ENSP00000378887	GO Function	GO:0016614	Oxidoreductase activity, acting on CH-OH group of donors
DHRS7B	9606.ENSP00000378887	GO Function	GO:0016616	Oxidoreductase activity, acting on the CH-OH group of donors, NAD or NADP as acceptor
DHRS7B	9606.ENSP00000378887	GO Function	GO:0140110	Transcription regulator activity
DHRS7B	9606.ENSP00000378887	GO Function	GO:0140297	DNA-binding transcription factor binding
DHRS7B	9606.ENSP00000378887	GO Component	GO:0005622	Intracellular anatomical structure
DHRS7B	9606.ENSP00000378887	GO Component	GO:0005634	Nucleus
DHRS7B	9606.ENSP00000378887	GO Component	GO:0005667	Transcription regulator complex
DHRS7B	9606.ENSP00000378887	GO Component	GO:0005737	Cytoplasm
DHRS7B	9606.ENSP00000378887	GO Component	GO:0005777	Peroxisome
DHRS7B	9606.ENSP00000378887	GO Component	GO:0005778	Peroxisomal membrane
DHRS7B	9606.ENSP00000378887	GO Component	GO:0005783	Endoplasmic reticulum
DHRS7B	9606.ENSP00000378887	GO Component	GO:0005789	Endoplasmic reticulum membrane
DHRS7B	9606.ENSP00000378887	GO Component	GO:0012505	Endomembrane system
DHRS7B	9606.ENSP00000378887	GO Component	GO:0016020	Membrane
DHRS7B	9606.ENSP00000378887	GO Component	GO:0016021	Integral component of membrane
DHRS7B	9606.ENSP00000378887	GO Component	GO:0031090	Organelle membrane
DHRS7B	9606.ENSP00000378887	GO Component	GO:0031224	Intrinsic component of membrane
DHRS7B	9606.ENSP00000378887	GO Component	GO:0031903	Microbody membrane
DHRS7B	9606.ENSP00000378887	GO Component	GO:0031984	Organelle subcompartment
DHRS7B	9606.ENSP00000378887	GO Component	GO:0032991	Protein-containing complex
DHRS7B	9606.ENSP00000378887	GO Component	GO:0042175	Nuclear outer membrane-endoplasmic reticulum membrane network
DHRS7B	9606.ENSP00000378887	GO Component	GO:0042579	Microbody
DHRS7B	9606.ENSP00000378887	GO Component	GO:0043226	Organelle
DHRS7B	9606.ENSP00000378887	GO Component	GO:0043227	Membrane-bounded organelle
DHRS7B	9606.ENSP00000378887	GO Component	GO:0043229	Intracellular organelle
DHRS7B	9606.ENSP00000378887	GO Component	GO:0043231	Intracellular membrane-bounded organelle
DHRS7B	9606.ENSP00000378887	GO Component	GO:0098588	Bounding membrane of organelle
DHRS7B	9606.ENSP00000378887	GO Component	GO:0098827	Endoplasmic reticulum subcompartment
DHRS7B	9606.ENSP00000378887	GO Component	GO:0110165	Cellular anatomical entity
DHRS7B	9606.ENSP00000378887	STRING clusters	CL:8736	Mixed, incl. Fatty acid beta-oxidation, and AMP-binding, conserved site
DHRS7B	9606.ENSP00000378887	STRING clusters	CL:8737	Mixed, incl. Fatty acid beta-oxidation, and Fatty acid biosynthesis
DHRS7B	9606.ENSP00000378887	STRING clusters	CL:8738	Fatty acid beta-oxidation, and Valine, leucine and isoleucine degradation
DHRS7B	9606.ENSP00000378887	STRING clusters	CL:8888	Mixed, incl. Isochorismatase-like, and Phytol metabolic process
DHRS7B	9606.ENSP00000378887	Reactome	HSA-1430728	Metabolism
DHRS7B	9606.ENSP00000378887	Reactome	HSA-556833	Metabolism of lipids
DHRS7B	9606.ENSP00000378887	Reactome	HSA-75896	Plasmalogen biosynthesis
DHRS7B	9606.ENSP00000378887	Reactome	HSA-8848584	Wax and plasmalogen biosynthesis
DHRS7B	9606.ENSP00000378887	WikiPathways	WP5275	Ether lipid biosynthesis
DHRS7B	9606.ENSP00000378887	DISEASES	DOID:0050177	Monogenic disease
DHRS7B	9606.ENSP00000378887	DISEASES	DOID:0050736	Autosomal dominant disease
DHRS7B	9606.ENSP00000378887	DISEASES	DOID:0050739	Autosomal genetic disease
DHRS7B	9606.ENSP00000378887	DISEASES	DOID:0090139	Cortisone reductase deficiency
DHRS7B	9606.ENSP00000378887	DISEASES	DOID:0090140	Cortisone reductase deficiency 2
DHRS7B	9606.ENSP00000378887	DISEASES	DOID:28	Endocrine system disease
DHRS7B	9606.ENSP00000378887	DISEASES	DOID:4	Disease
DHRS7B	9606.ENSP00000378887	DISEASES	DOID:630	Genetic disease
DHRS7B	9606.ENSP00000378887	DISEASES	DOID:7	Disease of anatomical entity
DHRS7B	9606.ENSP00000378887	TISSUES	BTO:0000000	Tissues, cell types and enzyme sources
DHRS7B	9606.ENSP00000378887	TISSUES	BTO:0000042	Animal
DHRS7B	9606.ENSP00000378887	COMPARTMENTS	GOCC:0005622	Intracellular
DHRS7B	9606.ENSP00000378887	COMPARTMENTS	GOCC:0005737	Cytoplasm
DHRS7B	9606.ENSP00000378887	COMPARTMENTS	GOCC:0005777	Peroxisome
DHRS7B	9606.ENSP00000378887	COMPARTMENTS	GOCC:0005778	Peroxisomal membrane
DHRS7B	9606.ENSP00000378887	COMPARTMENTS	GOCC:0016020	Membrane
DHRS7B	9606.ENSP00000378887	COMPARTMENTS	GOCC:0031090	Organelle membrane
DHRS7B	9606.ENSP00000378887	COMPARTMENTS	GOCC:0031903	Microbody membrane
DHRS7B	9606.ENSP00000378887	COMPARTMENTS	GOCC:0042579	Microbody
DHRS7B	9606.ENSP00000378887	COMPARTMENTS	GOCC:0043226	Organelle
DHRS7B	9606.ENSP00000378887	COMPARTMENTS	GOCC:0043227	Membrane-bounded organelle
DHRS7B	9606.ENSP00000378887	COMPARTMENTS	GOCC:0043229	Intracellular organelle
DHRS7B	9606.ENSP00000378887	COMPARTMENTS	GOCC:0043231	Intracellular membrane-bounded organelle
DHRS7B	9606.ENSP00000378887	COMPARTMENTS	GOCC:0098588	Bounding membrane of organelle
DHRS7B	9606.ENSP00000378887	COMPARTMENTS	GOCC:0110165	Cellular anatomical entity
DHRS7B	9606.ENSP00000378887	Monarch	EFO:0004348	Hematocrit
DHRS7B	9606.ENSP00000378887	Monarch	EFO:0004465	Fasting blood glucose measurement
DHRS7B	9606.ENSP00000378887	Monarch	EFO:0004468	Glucose measurement
DHRS7B	9606.ENSP00000378887	Monarch	EFO:0004503	Hematological measurement
DHRS7B	9606.ENSP00000378887	Monarch	EFO:0006842	Diabetes mellitus biomarker
DHRS7B	9606.ENSP00000378887	UniProt Keywords	KW-0256	Endoplasmic reticulum
DHRS7B	9606.ENSP00000378887	UniProt Keywords	KW-0472	Membrane
DHRS7B	9606.ENSP00000378887	UniProt Keywords	KW-0520	NAD
DHRS7B	9606.ENSP00000378887	UniProt Keywords	KW-0521	NADP
DHRS7B	9606.ENSP00000378887	UniProt Keywords	KW-0560	Oxidoreductase
DHRS7B	9606.ENSP00000378887	UniProt Keywords	KW-0735	Signal-anchor
DHRS7B	9606.ENSP00000378887	UniProt Keywords	KW-0812	Transmembrane
DHRS7B	9606.ENSP00000378887	UniProt Keywords	KW-1133	Transmembrane helix
DHRS7B	9606.ENSP00000378887	Pfam	PF08659	KR domain
DHRS7B	9606.ENSP00000378887	InterPro	IPR002347	Short-chain dehydrogenase/reductase SDR
DHRS7B	9606.ENSP00000378887	InterPro	IPR020904	Short-chain dehydrogenase/reductase, conserved site
DHRS7B	9606.ENSP00000378887	InterPro	IPR036291	NAD(P)-binding domain superfamily
DUSP6	9606.ENSP00000279488	GO Process	GO:0000165	MAPK cascade
DUSP6	9606.ENSP00000279488	GO Process	GO:0001932	Regulation of protein phosphorylation
DUSP6	9606.ENSP00000279488	GO Process	GO:0001933	Negative regulation of protein phosphorylation
DUSP6	9606.ENSP00000279488	GO Process	GO:0006470	Protein dephosphorylation
DUSP6	9606.ENSP00000279488	GO Process	GO:0006793	Phosphorus metabolic process
DUSP6	9606.ENSP00000279488	GO Process	GO:0006796	Phosphate-containing compound metabolic process
DUSP6	9606.ENSP00000279488	GO Process	GO:0006807	Nitrogen compound metabolic process
DUSP6	9606.ENSP00000279488	GO Process	GO:0006950	Response to stress
DUSP6	9606.ENSP00000279488	GO Process	GO:0007154	Cell communication
DUSP6	9606.ENSP00000279488	GO Process	GO:0007165	Signal transduction
DUSP6	9606.ENSP00000279488	GO Process	GO:0008152	Metabolic process
DUSP6	9606.ENSP00000279488	GO Process	GO:0009410	Response to xenobiotic stimulus
DUSP6	9606.ENSP00000279488	GO Process	GO:0009892	Negative regulation of metabolic process
DUSP6	9606.ENSP00000279488	GO Process	GO:0009966	Regulation of signal transduction
DUSP6	9606.ENSP00000279488	GO Process	GO:0009968	Negative regulation of signal transduction
DUSP6	9606.ENSP00000279488	GO Process	GO:0009987	Cellular process
DUSP6	9606.ENSP00000279488	GO Process	GO:0010033	Response to organic substance
DUSP6	9606.ENSP00000279488	GO Process	GO:0010563	Negative regulation of phosphorus metabolic process
DUSP6	9606.ENSP00000279488	GO Process	GO:0010605	Negative regulation of macromolecule metabolic process
DUSP6	9606.ENSP00000279488	GO Process	GO:0010646	Regulation of cell communication
DUSP6	9606.ENSP00000279488	GO Process	GO:0010648	Negative regulation of cell communication
DUSP6	9606.ENSP00000279488	GO Process	GO:0010941	Regulation of cell death
DUSP6	9606.ENSP00000279488	GO Process	GO:0010942	Positive regulation of cell death
DUSP6	9606.ENSP00000279488	GO Process	GO:0014070	Response to organic cyclic compound
DUSP6	9606.ENSP00000279488	GO Process	GO:0016311	Dephosphorylation
DUSP6	9606.ENSP00000279488	GO Process	GO:0019220	Regulation of phosphate metabolic process
DUSP6	9606.ENSP00000279488	GO Process	GO:0019222	Regulation of metabolic process
DUSP6	9606.ENSP00000279488	GO Process	GO:0019538	Protein metabolic process
DUSP6	9606.ENSP00000279488	GO Process	GO:0023051	Regulation of signaling
DUSP6	9606.ENSP00000279488	GO Process	GO:0023052	Signaling
DUSP6	9606.ENSP00000279488	GO Process	GO:0023057	Negative regulation of signaling
DUSP6	9606.ENSP00000279488	GO Process	GO:0030154	Cell differentiation
DUSP6	9606.ENSP00000279488	GO Process	GO:0031323	Regulation of cellular metabolic process
DUSP6	9606.ENSP00000279488	GO Process	GO:0031324	Negative regulation of cellular metabolic process
DUSP6	9606.ENSP00000279488	GO Process	GO:0031399	Regulation of protein modification process
DUSP6	9606.ENSP00000279488	GO Process	GO:0031400	Negative regulation of protein modification process
DUSP6	9606.ENSP00000279488	GO Process	GO:0032502	Developmental process
DUSP6	9606.ENSP00000279488	GO Process	GO:0035335	Peptidyl-tyrosine dephosphorylation
DUSP6	9606.ENSP00000279488	GO Process	GO:0035556	Intracellular signal transduction
DUSP6	9606.ENSP00000279488	GO Process	GO:0036211	Protein modification process
DUSP6	9606.ENSP00000279488	GO Process	GO:0040008	Regulation of growth
DUSP6	9606.ENSP00000279488	GO Process	GO:0042221	Response to chemical
DUSP6	9606.ENSP00000279488	GO Process	GO:0042325	Regulation of phosphorylation
DUSP6	9606.ENSP00000279488	GO Process	GO:0042326	Negative regulation of phosphorylation
DUSP6	9606.ENSP00000279488	GO Process	GO:0042981	Regulation of apoptotic process
DUSP6	9606.ENSP00000279488	GO Process	GO:0043065	Positive regulation of apoptotic process
DUSP6	9606.ENSP00000279488	GO Process	GO:0043067	Regulation of programmed cell death
DUSP6	9606.ENSP00000279488	GO Process	GO:0043068	Positive regulation of programmed cell death
DUSP6	9606.ENSP00000279488	GO Process	GO:0043170	Macromolecule metabolic process
DUSP6	9606.ENSP00000279488	GO Process	GO:0043408	Regulation of MAPK cascade
DUSP6	9606.ENSP00000279488	GO Process	GO:0043409	Negative regulation of MAPK cascade
DUSP6	9606.ENSP00000279488	GO Process	GO:0043412	Macromolecule modification
DUSP6	9606.ENSP00000279488	GO Process	GO:0044237	Cellular metabolic process
DUSP6	9606.ENSP00000279488	GO Process	GO:0044238	Primary metabolic process
DUSP6	9606.ENSP00000279488	GO Process	GO:0045936	Negative regulation of phosphate metabolic process
DUSP6	9606.ENSP00000279488	GO Process	GO:0046620	Regulation of organ growth
DUSP6	9606.ENSP00000279488	GO Process	GO:0048518	Positive regulation of biological process
DUSP6	9606.ENSP00000279488	GO Process	GO:0048519	Negative regulation of biological process
DUSP6	9606.ENSP00000279488	GO Process	GO:0048522	Positive regulation of cellular process
DUSP6	9606.ENSP00000279488	GO Process	GO:0048523	Negative regulation of cellular process
DUSP6	9606.ENSP00000279488	GO Process	GO:0048583	Regulation of response to stimulus
DUSP6	9606.ENSP00000279488	GO Process	GO:0048585	Negative regulation of response to stimulus
DUSP6	9606.ENSP00000279488	GO Process	GO:0048638	Regulation of developmental growth
DUSP6	9606.ENSP00000279488	GO Process	GO:0048869	Cellular developmental process
DUSP6	9606.ENSP00000279488	GO Process	GO:0050789	Regulation of biological process
DUSP6	9606.ENSP00000279488	GO Process	GO:0050793	Regulation of developmental process
DUSP6	9606.ENSP00000279488	GO Process	GO:0050794	Regulation of cellular process
DUSP6	9606.ENSP00000279488	GO Process	GO:0050896	Response to stimulus
DUSP6	9606.ENSP00000279488	GO Process	GO:0051171	Regulation of nitrogen compound metabolic process
DUSP6	9606.ENSP00000279488	GO Process	GO:0051172	Negative regulation of nitrogen compound metabolic process
DUSP6	9606.ENSP00000279488	GO Process	GO:0051174	Regulation of phosphorus metabolic process
DUSP6	9606.ENSP00000279488	GO Process	GO:0051239	Regulation of multicellular organismal process
DUSP6	9606.ENSP00000279488	GO Process	GO:0051246	Regulation of protein metabolic process
DUSP6	9606.ENSP00000279488	GO Process	GO:0051248	Negative regulation of protein metabolic process
DUSP6	9606.ENSP00000279488	GO Process	GO:0051409	Response to nitrosative stress
DUSP6	9606.ENSP00000279488	GO Process	GO:0051716	Cellular response to stimulus
DUSP6	9606.ENSP00000279488	GO Process	GO:0060255	Regulation of macromolecule metabolic process
DUSP6	9606.ENSP00000279488	GO Process	GO:0060420	Regulation of heart growth
DUSP6	9606.ENSP00000279488	GO Process	GO:0065007	Biological regulation
DUSP6	9606.ENSP00000279488	GO Process	GO:0070371	ERK1 and ERK2 cascade
DUSP6	9606.ENSP00000279488	GO Process	GO:0070372	Regulation of ERK1 and ERK2 cascade
DUSP6	9606.ENSP00000279488	GO Process	GO:0070373	Negative regulation of ERK1 and ERK2 cascade
DUSP6	9606.ENSP00000279488	GO Process	GO:0070848	Response to growth factor
DUSP6	9606.ENSP00000279488	GO Process	GO:0071704	Organic substance metabolic process
DUSP6	9606.ENSP00000279488	GO Process	GO:0080090	Regulation of primary metabolic process
DUSP6	9606.ENSP00000279488	GO Process	GO:1901564	Organonitrogen compound metabolic process
DUSP6	9606.ENSP00000279488	GO Process	GO:1902531	Regulation of intracellular signal transduction
DUSP6	9606.ENSP00000279488	GO Process	GO:1902532	Negative regulation of intracellular signal transduction
DUSP6	9606.ENSP00000279488	GO Process	GO:2000026	Regulation of multicellular organismal development
DUSP6	9606.ENSP00000279488	GO Function	GO:0003824	Catalytic activity
DUSP6	9606.ENSP00000279488	GO Function	GO:0004721	Phosphoprotein phosphatase activity
DUSP6	9606.ENSP00000279488	GO Function	GO:0004722	Protein serine/threonine phosphatase activity
DUSP6	9606.ENSP00000279488	GO Function	GO:0004725	Protein tyrosine phosphatase activity
DUSP6	9606.ENSP00000279488	GO Function	GO:0008138	Protein tyrosine/serine/threonine phosphatase activity
DUSP6	9606.ENSP00000279488	GO Function	GO:0008330	Protein tyrosine/threonine phosphatase activity
DUSP6	9606.ENSP00000279488	GO Function	GO:0016787	Hydrolase activity
DUSP6	9606.ENSP00000279488	GO Function	GO:0016788	Hydrolase activity, acting on ester bonds
DUSP6	9606.ENSP00000279488	GO Function	GO:0016791	Phosphatase activity
DUSP6	9606.ENSP00000279488	GO Function	GO:0017017	MAP kinase tyrosine/serine/threonine phosphatase activity
DUSP6	9606.ENSP00000279488	GO Function	GO:0017018	Myosin phosphatase activity
DUSP6	9606.ENSP00000279488	GO Function	GO:0033549	MAP kinase phosphatase activity
DUSP6	9606.ENSP00000279488	GO Function	GO:0042578	Phosphoric ester hydrolase activity
DUSP6	9606.ENSP00000279488	GO Function	GO:0140096	Catalytic activity, acting on a protein
DUSP6	9606.ENSP00000279488	GO Component	GO:0005622	Intracellular anatomical structure
DUSP6	9606.ENSP00000279488	GO Component	GO:0005634	Nucleus
DUSP6	9606.ENSP00000279488	GO Component	GO:0005654	Nucleoplasm
DUSP6	9606.ENSP00000279488	GO Component	GO:0005737	Cytoplasm
DUSP6	9606.ENSP00000279488	GO Component	GO:0005829	Cytosol
DUSP6	9606.ENSP00000279488	GO Component	GO:0031974	Membrane-enclosed lumen
DUSP6	9606.ENSP00000279488	GO Component	GO:0031981	Nuclear lumen
DUSP6	9606.ENSP00000279488	GO Component	GO:0043226	Organelle
DUSP6	9606.ENSP00000279488	GO Component	GO:0043227	Membrane-bounded organelle
DUSP6	9606.ENSP00000279488	GO Component	GO:0043229	Intracellular organelle
DUSP6	9606.ENSP00000279488	GO Component	GO:0043231	Intracellular membrane-bounded organelle
DUSP6	9606.ENSP00000279488	GO Component	GO:0043233	Organelle lumen
DUSP6	9606.ENSP00000279488	GO Component	GO:0070013	Intracellular organelle lumen
DUSP6	9606.ENSP00000279488	GO Component	GO:0110165	Cellular anatomical entity
DUSP6	9606.ENSP00000279488	STRING clusters	CL:17784	Sprouty, and Podocyte cell migration
DUSP6	9606.ENSP00000279488	KEGG	hsa04010	MAPK signaling pathway
DUSP6	9606.ENSP00000279488	KEGG	hsa05202	Transcriptional misregulation in cancer
DUSP6	9606.ENSP00000279488	KEGG	hsa05221	Acute myeloid leukemia
DUSP6	9606.ENSP00000279488	Reactome	HSA-112409	RAF-independent MAPK1/3 activation
DUSP6	9606.ENSP00000279488	Reactome	HSA-1280215	Cytokine Signaling in Immune system
DUSP6	9606.ENSP00000279488	Reactome	HSA-162582	Signal Transduction
DUSP6	9606.ENSP00000279488	Reactome	HSA-1643685	Disease
DUSP6	9606.ENSP00000279488	Reactome	HSA-166016	Toll Like Receptor 4 (TLR4) Cascade
DUSP6	9606.ENSP00000279488	Reactome	HSA-166058	MyD88:MAL(TIRAP) cascade initiated on plasma membrane
DUSP6	9606.ENSP00000279488	Reactome	HSA-166166	MyD88-independent TLR4 cascade
DUSP6	9606.ENSP00000279488	Reactome	HSA-166520	Signaling by NTRKs
DUSP6	9606.ENSP00000279488	Reactome	HSA-168138	Toll Like Receptor 9 (TLR9) Cascade
DUSP6	9606.ENSP00000279488	Reactome	HSA-168142	Toll Like Receptor 10 (TLR10) Cascade
DUSP6	9606.ENSP00000279488	Reactome	HSA-168164	Toll Like Receptor 3 (TLR3) Cascade
DUSP6	9606.ENSP00000279488	Reactome	HSA-168176	Toll Like Receptor 5 (TLR5) Cascade
DUSP6	9606.ENSP00000279488	Reactome	HSA-168179	Toll Like Receptor TLR1:TLR2 Cascade
DUSP6	9606.ENSP00000279488	Reactome	HSA-168181	Toll Like Receptor 7/8 (TLR7/8) Cascade
DUSP6	9606.ENSP00000279488	Reactome	HSA-168188	Toll Like Receptor TLR6:TLR2 Cascade
DUSP6	9606.ENSP00000279488	Reactome	HSA-168249	Innate Immune System
DUSP6	9606.ENSP00000279488	Reactome	HSA-168256	Immune System
DUSP6	9606.ENSP00000279488	Reactome	HSA-168898	Toll-like Receptor Cascades
DUSP6	9606.ENSP00000279488	Reactome	HSA-181438	Toll Like Receptor 2 (TLR2) Cascade
DUSP6	9606.ENSP00000279488	Reactome	HSA-187037	Signaling by NTRK1 (TRKA)
DUSP6	9606.ENSP00000279488	Reactome	HSA-198725	Nuclear Events (kinase and transcription factor activation)
DUSP6	9606.ENSP00000279488	Reactome	HSA-198753	ERK/MAPK targets
DUSP6	9606.ENSP00000279488	Reactome	HSA-202670	ERKs are inactivated
DUSP6	9606.ENSP00000279488	Reactome	HSA-448424	Interleukin-17 signaling
DUSP6	9606.ENSP00000279488	Reactome	HSA-449147	Signaling by Interleukins
DUSP6	9606.ENSP00000279488	Reactome	HSA-450282	MAPK targets/ Nuclear events mediated by MAP kinases
DUSP6	9606.ENSP00000279488	Reactome	HSA-450294	MAP kinase activation
DUSP6	9606.ENSP00000279488	Reactome	HSA-5663202	Diseases of signal transduction by growth factor receptors and second messengers
DUSP6	9606.ENSP00000279488	Reactome	HSA-5673001	RAF/MAP kinase cascade
DUSP6	9606.ENSP00000279488	Reactome	HSA-5675221	Negative regulation of MAPK pathway
DUSP6	9606.ENSP00000279488	Reactome	HSA-5683057	MAPK family signaling cascades
DUSP6	9606.ENSP00000279488	Reactome	HSA-5684996	MAPK1/MAPK3 signaling
DUSP6	9606.ENSP00000279488	Reactome	HSA-6802957	Oncogenic MAPK signaling
DUSP6	9606.ENSP00000279488	Reactome	HSA-9006934	Signaling by Receptor Tyrosine Kinases
DUSP6	9606.ENSP00000279488	Reactome	HSA-937061	TRIF(TICAM1)-mediated TLR4 signaling
DUSP6	9606.ENSP00000279488	Reactome	HSA-9652817	Signaling by MAPK mutants
DUSP6	9606.ENSP00000279488	Reactome	HSA-975138	TRAF6 mediated induction of NFkB and MAP kinases upon TLR7/8 or 9 activation
DUSP6	9606.ENSP00000279488	Reactome	HSA-975155	MyD88 dependent cascade initiated on endosome
DUSP6	9606.ENSP00000279488	Reactome	HSA-975871	MyD88 cascade initiated on plasma membrane
DUSP6	9606.ENSP00000279488	WikiPathways	WP382	MAPK signaling pathway
DUSP6	9606.ENSP00000279488	WikiPathways	WP4263	Pancreatic adenocarcinoma pathway
DUSP6	9606.ENSP00000279488	WikiPathways	WP4553	FBXL10 enhancement of MAP/ERK signaling in diffuse large B-cell lymphoma
DUSP6	9606.ENSP00000279488	WikiPathways	WP5322	CKAP4 signaling pathway map
DUSP6	9606.ENSP00000279488	DISEASES	DOID:0060429	Chromosomal duplication syndrome
DUSP6	9606.ENSP00000279488	DISEASES	DOID:0080014	Chromosomal disease
DUSP6	9606.ENSP00000279488	DISEASES	DOID:0090070	Hypogonadotropic hypogonadism
DUSP6	9606.ENSP00000279488	DISEASES	DOID:1921	Klinefelter syndrome
DUSP6	9606.ENSP00000279488	DISEASES	DOID:1924	Hypogonadism
DUSP6	9606.ENSP00000279488	DISEASES	DOID:2277	Gonadal disease
DUSP6	9606.ENSP00000279488	DISEASES	DOID:28	Endocrine system disease
DUSP6	9606.ENSP00000279488	DISEASES	DOID:3614	Kallmann syndrome
DUSP6	9606.ENSP00000279488	DISEASES	DOID:4	Disease
DUSP6	9606.ENSP00000279488	DISEASES	DOID:630	Genetic disease
DUSP6	9606.ENSP00000279488	DISEASES	DOID:7	Disease of anatomical entity
DUSP6	9606.ENSP00000279488	TISSUES	BTO:0000000	Tissues, cell types and enzyme sources
DUSP6	9606.ENSP00000279488	TISSUES	BTO:0000042	Animal
DUSP6	9606.ENSP00000279488	TISSUES	BTO:0000058	Alimentary canal
DUSP6	9606.ENSP00000279488	TISSUES	BTO:0000081	Reproductive system
DUSP6	9606.ENSP00000279488	TISSUES	BTO:0000082	Male reproductive system
DUSP6	9606.ENSP00000279488	TISSUES	BTO:0000083	Female reproductive system
DUSP6	9606.ENSP00000279488	TISSUES	BTO:0000142	Brain
DUSP6	9606.ENSP00000279488	TISSUES	BTO:0000203	Respiratory system
DUSP6	9606.ENSP00000279488	TISSUES	BTO:0000227	Central nervous system
DUSP6	9606.ENSP00000279488	TISSUES	BTO:0000269	Colon
DUSP6	9606.ENSP00000279488	TISSUES	BTO:0000282	Head
DUSP6	9606.ENSP00000279488	TISSUES	BTO:0000345	Digestive gland
DUSP6	9606.ENSP00000279488	TISSUES	BTO:0000405	Penis
DUSP6	9606.ENSP00000279488	TISSUES	BTO:0000431	Excretory gland
DUSP6	9606.ENSP00000279488	TISSUES	BTO:0000511	Gastrointestinal tract
DUSP6	9606.ENSP00000279488	TISSUES	BTO:0000522	Gland
DUSP6	9606.ENSP00000279488	TISSUES	BTO:0000634	Integument
DUSP6	9606.ENSP00000279488	TISSUES	BTO:0000648	Intestine
DUSP6	9606.ENSP00000279488	TISSUES	BTO:0000671	Kidney
DUSP6	9606.ENSP00000279488	TISSUES	BTO:0000706	Large intestine
DUSP6	9606.ENSP00000279488	TISSUES	BTO:0000759	Liver
DUSP6	9606.ENSP00000279488	TISSUES	BTO:0001113	Prepuce
DUSP6	9606.ENSP00000279488	TISSUES	BTO:0001244	Urinary tract
DUSP6	9606.ENSP00000279488	TISSUES	BTO:0001253	Skin
DUSP6	9606.ENSP00000279488	TISSUES	BTO:0001307	Stomach
DUSP6	9606.ENSP00000279488	TISSUES	BTO:0001484	Nervous system
DUSP6	9606.ENSP00000279488	TISSUES	BTO:0001488	Endocrine gland
DUSP6	9606.ENSP00000279488	TISSUES	BTO:0001489	Whole body
DUSP6	9606.ENSP00000279488	TISSUES	BTO:0001491	Viscus
DUSP6	9606.ENSP00000279488	TISSUES	BTO:0001613	Colorectum
DUSP6	9606.ENSP00000279488	TISSUES	BTO:0003091	Urogenital system
DUSP6	9606.ENSP00000279488	TISSUES	BTO:0003092	Urinary system
DUSP6	9606.ENSP00000279488	TISSUES	BTO:0003097	External male genital organ
DUSP6	9606.ENSP00000279488	COMPARTMENTS	GOCC:0005622	Intracellular
DUSP6	9606.ENSP00000279488	COMPARTMENTS	GOCC:0005634	Nucleus
DUSP6	9606.ENSP00000279488	COMPARTMENTS	GOCC:0005737	Cytoplasm
DUSP6	9606.ENSP00000279488	COMPARTMENTS	GOCC:0005829	Cytosol
DUSP6	9606.ENSP00000279488	COMPARTMENTS	GOCC:0043226	Organelle
DUSP6	9606.ENSP00000279488	COMPARTMENTS	GOCC:0043227	Membrane-bounded organelle
DUSP6	9606.ENSP00000279488	COMPARTMENTS	GOCC:0043229	Intracellular organelle
DUSP6	9606.ENSP00000279488	COMPARTMENTS	GOCC:0043231	Intracellular membrane-bounded organelle
DUSP6	9606.ENSP00000279488	COMPARTMENTS	GOCC:0110165	Cellular anatomical entity
DUSP6	9606.ENSP00000279488	Monarch	EFO:0003925	Cognition
DUSP6	9606.ENSP00000279488	Monarch	EFO:0004302	Anthropometric measurement
DUSP6	9606.ENSP00000279488	Monarch	EFO:0004323	Mental process
DUSP6	9606.ENSP00000279488	Monarch	EFO:0004324	Body weights and measures
DUSP6	9606.ENSP00000279488	Monarch	EFO:0004340	Body mass index
DUSP6	9606.ENSP00000279488	Monarch	EFO:0004875	Mathematical ability
DUSP6	9606.ENSP00000279488	Monarch	EFO:0007862	Reproductive behaviour measurement
DUSP6	9606.ENSP00000279488	Monarch	EFO:0008354	Cognitive function measurement
DUSP6	9606.ENSP00000279488	Monarch	EFO:0009749	Age at first sexual intercourse measurement
DUSP6	9606.ENSP00000279488	Monarch	HP:0000002	Abnormality of body height
DUSP6	9606.ENSP00000279488	Monarch	HP:0000008	Abnormal morphology of female internal genitalia
DUSP6	9606.ENSP00000279488	Monarch	HP:0000013	Hypoplasia of the uterus
DUSP6	9606.ENSP00000279488	Monarch	HP:0000025	Functional abnormality of male internal genitalia
DUSP6	9606.ENSP00000279488	Monarch	HP:0000026	Male hypogonadism
DUSP6	9606.ENSP00000279488	Monarch	HP:0000027	Azoospermia
DUSP6	9606.ENSP00000279488	Monarch	HP:0000028	Cryptorchidism
DUSP6	9606.ENSP00000279488	Monarch	HP:0000032	Abnormality of male external genitalia
DUSP6	9606.ENSP00000279488	Monarch	HP:0000035	Abnormal testis morphology
DUSP6	9606.ENSP00000279488	Monarch	HP:0000036	Abnormal penis morphology
DUSP6	9606.ENSP00000279488	Monarch	HP:0000044	Hypogonadotropic hypogonadism
DUSP6	9606.ENSP00000279488	Monarch	HP:0000050	Hypoplastic male external genitalia
DUSP6	9606.ENSP00000279488	Monarch	HP:0000054	Micropenis
DUSP6	9606.ENSP00000279488	Monarch	HP:0000077	Abnormality of the kidney
DUSP6	9606.ENSP00000279488	Monarch	HP:0000078	Abnormality of the genital system
DUSP6	9606.ENSP00000279488	Monarch	HP:0000079	Abnormality of the urinary system
DUSP6	9606.ENSP00000279488	Monarch	HP:0000080	Abnormality of reproductive system physiology
DUSP6	9606.ENSP00000279488	Monarch	HP:0000104	Renal agenesis
DUSP6	9606.ENSP00000279488	Monarch	HP:0000118	Phenotypic abnormality
DUSP6	9606.ENSP00000279488	Monarch	HP:0000119	Abnormality of the genitourinary system
DUSP6	9606.ENSP00000279488	Monarch	HP:0000130	Abnormality of the uterus
DUSP6	9606.ENSP00000279488	Monarch	HP:0000134	Female hypogonadism
DUSP6	9606.ENSP00000279488	Monarch	HP:0000135	Hypogonadism
DUSP6	9606.ENSP00000279488	Monarch	HP:0000137	Abnormality of the ovary
DUSP6	9606.ENSP00000279488	Monarch	HP:0000140	Abnormality of the menstrual cycle
DUSP6	9606.ENSP00000279488	Monarch	HP:0000141	Amenorrhea
DUSP6	9606.ENSP00000279488	Monarch	HP:0000144	Decreased fertility
DUSP6	9606.ENSP00000279488	Monarch	HP:0000152	Abnormality of head or neck
DUSP6	9606.ENSP00000279488	Monarch	HP:0000153	Abnormality of the mouth
DUSP6	9606.ENSP00000279488	Monarch	HP:0000163	Abnormal oral cavity morphology
DUSP6	9606.ENSP00000279488	Monarch	HP:0000164	Abnormality of the dentition
DUSP6	9606.ENSP00000279488	Monarch	HP:0000174	Abnormal palate morphology
DUSP6	9606.ENSP00000279488	Monarch	HP:0000175	Cleft palate
DUSP6	9606.ENSP00000279488	Monarch	HP:0000202	Oral cleft
DUSP6	9606.ENSP00000279488	Monarch	HP:0000234	Abnormality of the head
DUSP6	9606.ENSP00000279488	Monarch	HP:0000271	Abnormality of the face
DUSP6	9606.ENSP00000279488	Monarch	HP:0000316	Hypertelorism
DUSP6	9606.ENSP00000279488	Monarch	HP:0000364	Hearing abnormality
DUSP6	9606.ENSP00000279488	Monarch	HP:0000365	Hearing impairment
DUSP6	9606.ENSP00000279488	Monarch	HP:0000366	Abnormality of the nose
DUSP6	9606.ENSP00000279488	Monarch	HP:0000407	Sensorineural hearing impairment
DUSP6	9606.ENSP00000279488	Monarch	HP:0000422	Abnormal nasal bridge morphology
DUSP6	9606.ENSP00000279488	Monarch	HP:0000458	Anosmia
DUSP6	9606.ENSP00000279488	Monarch	HP:0000478	Abnormality of the eye
DUSP6	9606.ENSP00000279488	Monarch	HP:0000496	Abnormality of eye movement
DUSP6	9606.ENSP00000279488	Monarch	HP:0000504	Abnormality of vision
DUSP6	9606.ENSP00000279488	Monarch	HP:0000505	Visual impairment
DUSP6	9606.ENSP00000279488	Monarch	HP:0000508	Ptosis
DUSP6	9606.ENSP00000279488	Monarch	HP:0000551	Color vision defect
DUSP6	9606.ENSP00000279488	Monarch	HP:0000598	Abnormality of the ear
DUSP6	9606.ENSP00000279488	Monarch	HP:0000639	Nystagmus
DUSP6	9606.ENSP00000279488	Monarch	HP:0000707	Abnormality of the nervous system
DUSP6	9606.ENSP00000279488	Monarch	HP:0000708	Behavioral abnormality
DUSP6	9606.ENSP00000279488	Monarch	HP:0000716	Depression
DUSP6	9606.ENSP00000279488	Monarch	HP:0000739	Anxiety
DUSP6	9606.ENSP00000279488	Monarch	HP:0000769	Abnormality of the breast
DUSP6	9606.ENSP00000279488	Monarch	HP:0000771	Gynecomastia
DUSP6	9606.ENSP00000279488	Monarch	HP:0000786	Primary amenorrhea
DUSP6	9606.ENSP00000279488	Monarch	HP:0000802	Impotence
DUSP6	9606.ENSP00000279488	Monarch	HP:0000811	Abnormal external genitalia
DUSP6	9606.ENSP00000279488	Monarch	HP:0000812	Abnormal internal genitalia
DUSP6	9606.ENSP00000279488	Monarch	HP:0000818	Abnormality of the endocrine system
DUSP6	9606.ENSP00000279488	Monarch	HP:0000823	Delayed puberty
DUSP6	9606.ENSP00000279488	Monarch	HP:0000830	Anterior hypopituitarism
DUSP6	9606.ENSP00000279488	Monarch	HP:0000864	Abnormality of the hypothalamus-pituitary axis
DUSP6	9606.ENSP00000279488	Monarch	HP:0000869	Secondary amenorrhea
DUSP6	9606.ENSP00000279488	Monarch	HP:0000924	Abnormality of the skeletal system
DUSP6	9606.ENSP00000279488	Monarch	HP:0000927	Abnormality of skeletal maturation
DUSP6	9606.ENSP00000279488	Monarch	HP:0000938	Osteopenia
DUSP6	9606.ENSP00000279488	Monarch	HP:0000939	Osteoporosis
DUSP6	9606.ENSP00000279488	Monarch	HP:0000951	Abnormality of the skin
DUSP6	9606.ENSP00000279488	Monarch	HP:0001072	Thickened skin
DUSP6	9606.ENSP00000279488	Monarch	HP:0001250	Seizure
DUSP6	9606.ENSP00000279488	Monarch	HP:0001251	Ataxia
DUSP6	9606.ENSP00000279488	Monarch	HP:0001252	Hypotonia
DUSP6	9606.ENSP00000279488	Monarch	HP:0001260	Dysarthria
DUSP6	9606.ENSP00000279488	Monarch	HP:0001288	Gait disturbance
DUSP6	9606.ENSP00000279488	Monarch	HP:0001324	Muscle weakness
DUSP6	9606.ENSP00000279488	Monarch	HP:0001335	Bimanual synkinesia
DUSP6	9606.ENSP00000279488	Monarch	HP:0001337	Tremor
DUSP6	9606.ENSP00000279488	Monarch	HP:0001371	Flexion contracture
DUSP6	9606.ENSP00000279488	Monarch	HP:0001388	Joint laxity
DUSP6	9606.ENSP00000279488	Monarch	HP:0001507	Growth abnormality
DUSP6	9606.ENSP00000279488	Monarch	HP:0001510	Growth delay
DUSP6	9606.ENSP00000279488	Monarch	HP:0001513	Obesity
DUSP6	9606.ENSP00000279488	Monarch	HP:0001574	Abnormality of the integument
DUSP6	9606.ENSP00000279488	Monarch	HP:0001595	Abnormal hair morphology
DUSP6	9606.ENSP00000279488	Monarch	HP:0001608	Abnormality of the voice
DUSP6	9606.ENSP00000279488	Monarch	HP:0001626	Abnormality of the cardiovascular system
DUSP6	9606.ENSP00000279488	Monarch	HP:0001760	Abnormal foot morphology
DUSP6	9606.ENSP00000279488	Monarch	HP:0001761	Pes cavus
DUSP6	9606.ENSP00000279488	Monarch	HP:0001763	Pes planus
DUSP6	9606.ENSP00000279488	Monarch	HP:0002011	Morphological central nervous system abnormality
DUSP6	9606.ENSP00000279488	Monarch	HP:0002167	Neurological speech impairment
DUSP6	9606.ENSP00000279488	Monarch	HP:0002231	Sparse body hair
DUSP6	9606.ENSP00000279488	Monarch	HP:0002493	Upper motor neuron dysfunction
DUSP6	9606.ENSP00000279488	Monarch	HP:0002652	Skeletal dysplasia
DUSP6	9606.ENSP00000279488	Monarch	HP:0002659	Increased susceptibility to fractures
DUSP6	9606.ENSP00000279488	Monarch	HP:0002750	Delayed skeletal maturation
DUSP6	9606.ENSP00000279488	Monarch	HP:0002757	Recurrent fractures
DUSP6	9606.ENSP00000279488	Monarch	HP:0002761	Generalized joint laxity
DUSP6	9606.ENSP00000279488	Monarch	HP:0002814	Abnormality of the lower limb
DUSP6	9606.ENSP00000279488	Monarch	HP:0003011	Abnormality of the musculature
DUSP6	9606.ENSP00000279488	Monarch	HP:0003117	Abnormal circulating hormone concentration
DUSP6	9606.ENSP00000279488	Monarch	HP:0003164	Hypothalamic gonadotropin-releasing hormone deficiency
DUSP6	9606.ENSP00000279488	Monarch	HP:0003187	Breast hypoplasia
DUSP6	9606.ENSP00000279488	Monarch	HP:0003241	External genital hypoplasia
DUSP6	9606.ENSP00000279488	Monarch	HP:0003330	Abnormal bone structure
DUSP6	9606.ENSP00000279488	Monarch	HP:0003549	Abnormality of connective tissue
DUSP6	9606.ENSP00000279488	Monarch	HP:0003782	Eunuchoid habitus
DUSP6	9606.ENSP00000279488	Monarch	HP:0003808	Abnormal muscle tone
DUSP6	9606.ENSP00000279488	Monarch	HP:0004305	Involuntary movements
DUSP6	9606.ENSP00000279488	Monarch	HP:0004323	Abnormality of body weight
DUSP6	9606.ENSP00000279488	Monarch	HP:0004324	Increased body weight
DUSP6	9606.ENSP00000279488	Monarch	HP:0004325	Decreased body weight
DUSP6	9606.ENSP00000279488	Monarch	HP:0004348	Abnormality of bone mineral density
DUSP6	9606.ENSP00000279488	Monarch	HP:0004349	Reduced bone mineral density
DUSP6	9606.ENSP00000279488	Monarch	HP:0004404	Abnormal nipple morphology
DUSP6	9606.ENSP00000279488	Monarch	HP:0004408	Abnormality of the sense of smell
DUSP6	9606.ENSP00000279488	Monarch	HP:0004409	Hyposmia
DUSP6	9606.ENSP00000279488	Monarch	HP:0005105	Abnormal nasal morphology
DUSP6	9606.ENSP00000279488	Monarch	HP:0005280	Depressed nasal bridge
DUSP6	9606.ENSP00000279488	Monarch	HP:0006483	Abnormal number of teeth
DUSP6	9606.ENSP00000279488	Monarch	HP:0006610	Wide intermamillary distance
DUSP6	9606.ENSP00000279488	Monarch	HP:0008064	Ichthyosis
DUSP6	9606.ENSP00000279488	Monarch	HP:0008070	Sparse hair
DUSP6	9606.ENSP00000279488	Monarch	HP:0008187	Absence of secondary sex characteristics
DUSP6	9606.ENSP00000279488	Monarch	HP:0008197	Absence of pubertal development
DUSP6	9606.ENSP00000279488	Monarch	HP:0008373	Puberty and gonadal disorders
DUSP6	9606.ENSP00000279488	Monarch	HP:0008527	Congenital sensorineural hearing impairment
DUSP6	9606.ENSP00000279488	Monarch	HP:0008669	Abnormal spermatogenesis
DUSP6	9606.ENSP00000279488	Monarch	HP:0008678	Renal hypoplasia/aplasia
DUSP6	9606.ENSP00000279488	Monarch	HP:0008684	Aplasia/hypoplasia of the uterus
DUSP6	9606.ENSP00000279488	Monarch	HP:0008724	Hypoplasia of the ovary
DUSP6	9606.ENSP00000279488	Monarch	HP:0008734	Decreased testicular size
DUSP6	9606.ENSP00000279488	Monarch	HP:0008736	Hypoplasia of penis
DUSP6	9606.ENSP00000279488	Monarch	HP:0009804	Tooth agenesis
DUSP6	9606.ENSP00000279488	Monarch	HP:0010311	Aplasia/Hypoplasia of the breasts
DUSP6	9606.ENSP00000279488	Monarch	HP:0010460	Abnormality of the female genitalia
DUSP6	9606.ENSP00000279488	Monarch	HP:0010461	Abnormality of the male genitalia
DUSP6	9606.ENSP00000279488	Monarch	HP:0010462	Aplasia/Hypoplasia of the ovary
DUSP6	9606.ENSP00000279488	Monarch	HP:0010468	Aplasia/Hypoplasia of the testes
DUSP6	9606.ENSP00000279488	Monarch	HP:0010549	Weakness due to upper motor neuron dysfunction
DUSP6	9606.ENSP00000279488	Monarch	HP:0010550	Paraplegia
DUSP6	9606.ENSP00000279488	Monarch	HP:0010551	Paraplegia/paraparesis
DUSP6	9606.ENSP00000279488	Monarch	HP:0010662	Abnormality of the diencephalon
DUSP6	9606.ENSP00000279488	Monarch	HP:0010935	Abnormality of the upper urinary tract
DUSP6	9606.ENSP00000279488	Monarch	HP:0011121	Abnormality of skin morphology
DUSP6	9606.ENSP00000279488	Monarch	HP:0011138	Abnormality of skin adnexa morphology
DUSP6	9606.ENSP00000279488	Monarch	HP:0011362	Abnormal hair quantity
DUSP6	9606.ENSP00000279488	Monarch	HP:0011368	Epidermal thickening
DUSP6	9606.ENSP00000279488	Monarch	HP:0011389	Functional abnormality of the inner ear
DUSP6	9606.ENSP00000279488	Monarch	HP:0011442	Abnormal central motor function
DUSP6	9606.ENSP00000279488	Monarch	HP:0011443	Abnormality of coordination
DUSP6	9606.ENSP00000279488	Monarch	HP:0011446	Abnormality of higher mental function
DUSP6	9606.ENSP00000279488	Monarch	HP:0011729	Abnormality of joint mobility
DUSP6	9606.ENSP00000279488	Monarch	HP:0011747	Abnormality of the anterior pituitary
DUSP6	9606.ENSP00000279488	Monarch	HP:0011804	Abnormal muscle physiology
DUSP6	9606.ENSP00000279488	Monarch	HP:0011805	Abnormal skeletal muscle morphology
DUSP6	9606.ENSP00000279488	Monarch	HP:0011842	Abnormal skeletal morphology
DUSP6	9606.ENSP00000279488	Monarch	HP:0011843	Abnormal musculoskeletal physiology
DUSP6	9606.ENSP00000279488	Monarch	HP:0011849	Abnormal bone ossification
DUSP6	9606.ENSP00000279488	Monarch	HP:0011961	Non-obstructive azoospermia
DUSP6	9606.ENSP00000279488	Monarch	HP:0012210	Abnormal renal morphology
DUSP6	9606.ENSP00000279488	Monarch	HP:0012243	Abnormal reproductive system morphology
DUSP6	9606.ENSP00000279488	Monarch	HP:0012285	Abnormal hypothalamus physiology
DUSP6	9606.ENSP00000279488	Monarch	HP:0012372	Abnormal eye morphology
DUSP6	9606.ENSP00000279488	Monarch	HP:0012373	Abnormal eye physiology
DUSP6	9606.ENSP00000279488	Monarch	HP:0012385	Camptodactyly
DUSP6	9606.ENSP00000279488	Monarch	HP:0012443	Abnormality of brain morphology
DUSP6	9606.ENSP00000279488	Monarch	HP:0012503	Abnormality of the pituitary gland
DUSP6	9606.ENSP00000279488	Monarch	HP:0012547	Abnormal involuntary eye movements
DUSP6	9606.ENSP00000279488	Monarch	HP:0012638	Abnormal nervous system physiology
DUSP6	9606.ENSP00000279488	Monarch	HP:0012639	Abnormal nervous system morphology
DUSP6	9606.ENSP00000279488	Monarch	HP:0012874	Abnormal male reproductive system physiology
DUSP6	9606.ENSP00000279488	Monarch	HP:0030012	Abnormal female reproductive system physiology
DUSP6	9606.ENSP00000279488	Monarch	HP:0030014	Female sexual dysfunction
DUSP6	9606.ENSP00000279488	Monarch	HP:0030016	Dyspareunia
DUSP6	9606.ENSP00000279488	Monarch	HP:0030019	Increased female libido
DUSP6	9606.ENSP00000279488	Monarch	HP:0030044	Flexion contracture of digit
DUSP6	9606.ENSP00000279488	Monarch	HP:0030087	Abnormal circulating testosterone concentration
DUSP6	9606.ENSP00000279488	Monarch	HP:0030347	Abnormal circulating androgen level
DUSP6	9606.ENSP00000279488	Monarch	HP:0030349	Decreased circulating androgen concentration
DUSP6	9606.ENSP00000279488	Monarch	HP:0030680	Abnormality of cardiovascular system morphology
DUSP6	9606.ENSP00000279488	Monarch	HP:0031065	Abnormal ovarian morphology
DUSP6	9606.ENSP00000279488	Monarch	HP:0031066	Abnormal ovarian physiology
DUSP6	9606.ENSP00000279488	Monarch	HP:0031093	Abnormal breast morphology
DUSP6	9606.ENSP00000279488	Monarch	HP:0031466	Impairment in personality functioning
DUSP6	9606.ENSP00000279488	Monarch	HP:0031704	Abnormal ear physiology
DUSP6	9606.ENSP00000279488	Monarch	HP:0031816	Abnormal oral morphology
DUSP6	9606.ENSP00000279488	Monarch	HP:0031845	Abnormal libido
DUSP6	9606.ENSP00000279488	Monarch	HP:0033127	Abnormality of the musculoskeletal system
DUSP6	9606.ENSP00000279488	Monarch	HP:0033799	Abnormal circulating sex hormone concentration
DUSP6	9606.ENSP00000279488	Monarch	HP:0034392	Joint contracture
DUSP6	9606.ENSP00000279488	Monarch	HP:0034430	Abnormal joint physiology
DUSP6	9606.ENSP00000279488	Monarch	HP:0040064	Abnormality of limbs
DUSP6	9606.ENSP00000279488	Monarch	HP:0040075	Hypopituitarism
DUSP6	9606.ENSP00000279488	Monarch	HP:0040157	Abnormal intermamillary distance
DUSP6	9606.ENSP00000279488	Monarch	HP:0040171	Decreased serum testosterone concentration
DUSP6	9606.ENSP00000279488	Monarch	HP:0040307	Male sexual dysfunction
DUSP6	9606.ENSP00000279488	Monarch	HP:0045058	Abnormality of the testis size
DUSP6	9606.ENSP00000279488	Monarch	HP:0046503	Increased libido
DUSP6	9606.ENSP00000279488	Monarch	HP:0100022	Abnormality of movement
DUSP6	9606.ENSP00000279488	Monarch	HP:0100261	Abnormal tendon morphology
DUSP6	9606.ENSP00000279488	Monarch	HP:0100547	Abnormal forebrain morphology
DUSP6	9606.ENSP00000279488	Monarch	HP:0100639	Erectile dysfunction
DUSP6	9606.ENSP00000279488	Monarch	HP:0100852	Abnormal fear/anxiety-related behavior
DUSP6	9606.ENSP00000279488	Monarch	HP:0100886	Abnormality of globe location
DUSP6	9606.ENSP00000279488	Monarch	HP:0500012	Abnormal gonadotropin-releasing hormone concentration
DUSP6	9606.ENSP00000279488	UniProt Keywords	KW-0025	Alternative splicing
DUSP6	9606.ENSP00000279488	UniProt Keywords	KW-0378	Hydrolase
DUSP6	9606.ENSP00000279488	UniProt Keywords	KW-0904	Protein phosphatase
DUSP6	9606.ENSP00000279488	UniProt Keywords	KW-0956	Kallmann syndrome
DUSP6	9606.ENSP00000279488	UniProt Keywords	KW-0963	Cytoplasm
DUSP6	9606.ENSP00000279488	UniProt Keywords	KW-1016	Hypogonadotropic hypogonadism
DUSP6	9606.ENSP00000279488	InterPro	IPR000340	Dual specificity phosphatase, catalytic domain
DUSP6	9606.ENSP00000279488	InterPro	IPR000387	Tyrosine-specific protein phosphatases domain
DUSP6	9606.ENSP00000279488	InterPro	IPR001763	Rhodanese-like domain
DUSP6	9606.ENSP00000279488	InterPro	IPR008343	Mitogen-activated protein (MAP) kinase phosphatase
DUSP6	9606.ENSP00000279488	InterPro	IPR020422	Dual specificity protein phosphatase domain
DUSP6	9606.ENSP00000279488	InterPro	IPR029021	Protein-tyrosine phosphatase-like
DUSP6	9606.ENSP00000279488	InterPro	IPR036873	Rhodanese-like domain superfamily
DUSP6	9606.ENSP00000279488	SMART	SM00195	Dual specificity phosphatase, catalytic domain
DUSP6	9606.ENSP00000279488	SMART	SM00450	Rhodanese Homology Domain
GABRR2	9606.ENSP00000386029	GO Process	GO:0003008	System process
GABRR2	9606.ENSP00000386029	GO Process	GO:0006810	Transport
GABRR2	9606.ENSP00000386029	GO Process	GO:0006811	Ion transport
GABRR2	9606.ENSP00000386029	GO Process	GO:0006820	Anion transport
GABRR2	9606.ENSP00000386029	GO Process	GO:0006821	Chloride transport
GABRR2	9606.ENSP00000386029	GO Process	GO:0007154	Cell communication
GABRR2	9606.ENSP00000386029	GO Process	GO:0007165	Signal transduction
GABRR2	9606.ENSP00000386029	GO Process	GO:0007166	Cell surface receptor signaling pathway
GABRR2	9606.ENSP00000386029	GO Process	GO:0007214	Gamma-aminobutyric acid signaling pathway
GABRR2	9606.ENSP00000386029	GO Process	GO:0007267	Cell-cell signaling
GABRR2	9606.ENSP00000386029	GO Process	GO:0007268	Chemical synaptic transmission
GABRR2	9606.ENSP00000386029	GO Process	GO:0007600	Sensory perception
GABRR2	9606.ENSP00000386029	GO Process	GO:0007601	Visual perception
GABRR2	9606.ENSP00000386029	GO Process	GO:0009987	Cellular process
GABRR2	9606.ENSP00000386029	GO Process	GO:0015698	Inorganic anion transport
GABRR2	9606.ENSP00000386029	GO Process	GO:0023052	Signaling
GABRR2	9606.ENSP00000386029	GO Process	GO:0032501	Multicellular organismal process
GABRR2	9606.ENSP00000386029	GO Process	GO:0034220	Ion transmembrane transport
GABRR2	9606.ENSP00000386029	GO Process	GO:0042391	Regulation of membrane potential
GABRR2	9606.ENSP00000386029	GO Process	GO:0050789	Regulation of biological process
GABRR2	9606.ENSP00000386029	GO Process	GO:0050794	Regulation of cellular process
GABRR2	9606.ENSP00000386029	GO Process	GO:0050877	Nervous system process
GABRR2	9606.ENSP00000386029	GO Process	GO:0050896	Response to stimulus
GABRR2	9606.ENSP00000386029	GO Process	GO:0050953	Sensory perception of light stimulus
GABRR2	9606.ENSP00000386029	GO Process	GO:0051179	Localization
GABRR2	9606.ENSP00000386029	GO Process	GO:0051234	Establishment of localization
GABRR2	9606.ENSP00000386029	GO Process	GO:0051716	Cellular response to stimulus
GABRR2	9606.ENSP00000386029	GO Process	GO:0055085	Transmembrane transport
GABRR2	9606.ENSP00000386029	GO Process	GO:0060078	Regulation of postsynaptic membrane potential
GABRR2	9606.ENSP00000386029	GO Process	GO:0060079	Excitatory postsynaptic potential
GABRR2	9606.ENSP00000386029	GO Process	GO:0065007	Biological regulation
GABRR2	9606.ENSP00000386029	GO Process	GO:0065008	Regulation of biological quality
GABRR2	9606.ENSP00000386029	GO Process	GO:0098656	Anion transmembrane transport
GABRR2	9606.ENSP00000386029	GO Process	GO:0098660	Inorganic ion transmembrane transport
GABRR2	9606.ENSP00000386029	GO Process	GO:0098661	Inorganic anion transmembrane transport
GABRR2	9606.ENSP00000386029	GO Process	GO:0098916	Anterograde trans-synaptic signaling
GABRR2	9606.ENSP00000386029	GO Process	GO:0099536	Synaptic signaling
GABRR2	9606.ENSP00000386029	GO Process	GO:0099537	Trans-synaptic signaling
GABRR2	9606.ENSP00000386029	GO Process	GO:0099565	Chemical synaptic transmission, postsynaptic
GABRR2	9606.ENSP00000386029	GO Process	GO:1902476	Chloride transmembrane transport
GABRR2	9606.ENSP00000386029	GO Process	GO:1905114	Cell surface receptor signaling pathway involved in cell-cell signaling
GABRR2	9606.ENSP00000386029	GO Function	GO:0004888	Transmembrane signaling receptor activity
GABRR2	9606.ENSP00000386029	GO Function	GO:0004890	GABA-A receptor activity
GABRR2	9606.ENSP00000386029	GO Function	GO:0005215	Transporter activity
GABRR2	9606.ENSP00000386029	GO Function	GO:0005216	Ion channel activity
GABRR2	9606.ENSP00000386029	GO Function	GO:0005230	Extracellular ligand-gated ion channel activity
GABRR2	9606.ENSP00000386029	GO Function	GO:0005231	Excitatory extracellular ligand-gated ion channel activity
GABRR2	9606.ENSP00000386029	GO Function	GO:0005253	Anion channel activity
GABRR2	9606.ENSP00000386029	GO Function	GO:0005254	Chloride channel activity
GABRR2	9606.ENSP00000386029	GO Function	GO:0005488	Binding
GABRR2	9606.ENSP00000386029	GO Function	GO:0005515	Protein binding
GABRR2	9606.ENSP00000386029	GO Function	GO:0008509	Anion transmembrane transporter activity
GABRR2	9606.ENSP00000386029	GO Function	GO:0015075	Ion transmembrane transporter activity
GABRR2	9606.ENSP00000386029	GO Function	GO:0015103	Inorganic anion transmembrane transporter activity
GABRR2	9606.ENSP00000386029	GO Function	GO:0015108	Chloride transmembrane transporter activity
GABRR2	9606.ENSP00000386029	GO Function	GO:0015267	Channel activity
GABRR2	9606.ENSP00000386029	GO Function	GO:0015276	Ligand-gated ion channel activity
GABRR2	9606.ENSP00000386029	GO Function	GO:0015318	Inorganic molecular entity transmembrane transporter activity
GABRR2	9606.ENSP00000386029	GO Function	GO:0016917	GABA receptor activity
GABRR2	9606.ENSP00000386029	GO Function	GO:0019904	Protein domain specific binding
GABRR2	9606.ENSP00000386029	GO Function	GO:0022803	Passive transmembrane transporter activity
GABRR2	9606.ENSP00000386029	GO Function	GO:0022824	Transmitter-gated ion channel activity
GABRR2	9606.ENSP00000386029	GO Function	GO:0022834	Ligand-gated channel activity
GABRR2	9606.ENSP00000386029	GO Function	GO:0022835	Transmitter-gated channel activity
GABRR2	9606.ENSP00000386029	GO Function	GO:0022836	Gated channel activity
GABRR2	9606.ENSP00000386029	GO Function	GO:0022857	Transmembrane transporter activity
GABRR2	9606.ENSP00000386029	GO Function	GO:0030594	Neurotransmitter receptor activity
GABRR2	9606.ENSP00000386029	GO Function	GO:0038023	Signaling receptor activity
GABRR2	9606.ENSP00000386029	GO Function	GO:0060089	Molecular transducer activity
GABRR2	9606.ENSP00000386029	GO Function	GO:0098960	Postsynaptic neurotransmitter receptor activity
GABRR2	9606.ENSP00000386029	GO Function	GO:0099529	Neurotransmitter receptor activity involved in regulation of postsynaptic membrane potential
GABRR2	9606.ENSP00000386029	GO Function	GO:1904315	Transmitter-gated ion channel activity involved in regulation of postsynaptic membrane potential
GABRR2	9606.ENSP00000386029	GO Component	GO:0005886	Plasma membrane
GABRR2	9606.ENSP00000386029	GO Component	GO:0005887	Integral component of plasma membrane
GABRR2	9606.ENSP00000386029	GO Component	GO:0016020	Membrane
GABRR2	9606.ENSP00000386029	GO Component	GO:0016021	Integral component of membrane
GABRR2	9606.ENSP00000386029	GO Component	GO:0030054	Cell junction
GABRR2	9606.ENSP00000386029	GO Component	GO:0031224	Intrinsic component of membrane
GABRR2	9606.ENSP00000386029	GO Component	GO:0031226	Intrinsic component of plasma membrane
GABRR2	9606.ENSP00000386029	GO Component	GO:0032991	Protein-containing complex
GABRR2	9606.ENSP00000386029	GO Component	GO:0034702	Ion channel complex
GABRR2	9606.ENSP00000386029	GO Component	GO:0034707	Chloride channel complex
GABRR2	9606.ENSP00000386029	GO Component	GO:0042995	Cell projection
GABRR2	9606.ENSP00000386029	GO Component	GO:0043005	Neuron projection
GABRR2	9606.ENSP00000386029	GO Component	GO:0043235	Receptor complex
GABRR2	9606.ENSP00000386029	GO Component	GO:0045202	Synapse
GABRR2	9606.ENSP00000386029	GO Component	GO:0045211	Postsynaptic membrane
GABRR2	9606.ENSP00000386029	GO Component	GO:0070161	Anchoring junction
GABRR2	9606.ENSP00000386029	GO Component	GO:0071944	Cell periphery
GABRR2	9606.ENSP00000386029	GO Component	GO:0097060	Synaptic membrane
GABRR2	9606.ENSP00000386029	GO Component	GO:0098590	Plasma membrane region
GABRR2	9606.ENSP00000386029	GO Component	GO:0098794	Postsynapse
GABRR2	9606.ENSP00000386029	GO Component	GO:0098796	Membrane protein complex
GABRR2	9606.ENSP00000386029	GO Component	GO:0098982	GABA-ergic synapse
GABRR2	9606.ENSP00000386029	GO Component	GO:0110165	Cellular anatomical entity
GABRR2	9606.ENSP00000386029	GO Component	GO:0120025	Plasma membrane bounded cell projection
GABRR2	9606.ENSP00000386029	GO Component	GO:1902495	Transmembrane transporter complex
GABRR2	9606.ENSP00000386029	GO Component	GO:1902710	GABA receptor complex
GABRR2	9606.ENSP00000386029	GO Component	GO:1902711	GABA-A receptor complex
GABRR2	9606.ENSP00000386029	GO Component	GO:1990351	Transporter complex
GABRR2	9606.ENSP00000386029	STRING clusters	CL:22977	Postsynaptic cell membrane, and Protein-protein interactions at synapses
GABRR2	9606.ENSP00000386029	STRING clusters	CL:22978	Transmitter-gated channel activity, and Neurexins and neuroligins
GABRR2	9606.ENSP00000386029	STRING clusters	CL:23136	Gamma-aminobutyric acid A receptor/Glycine receptor alpha, and Amino acid:sodium symporter activity
GABRR2	9606.ENSP00000386029	STRING clusters	CL:23137	GABA-A receptor complex, and Reuptake of GABA
GABRR2	9606.ENSP00000386029	STRING clusters	CL:23138	GABA-A receptor complex
GABRR2	9606.ENSP00000386029	KEGG	hsa04080	Neuroactive ligand-receptor interaction
GABRR2	9606.ENSP00000386029	KEGG	hsa04723	Retrograde endocannabinoid signaling
GABRR2	9606.ENSP00000386029	KEGG	hsa04727	GABAergic synapse
GABRR2	9606.ENSP00000386029	KEGG	hsa05032	Morphine addiction
GABRR2	9606.ENSP00000386029	KEGG	hsa05033	Nicotine addiction
GABRR2	9606.ENSP00000386029	Reactome	HSA-112314	Neurotransmitter receptors and postsynaptic signal transmission
GABRR2	9606.ENSP00000386029	Reactome	HSA-112315	Transmission across Chemical Synapses
GABRR2	9606.ENSP00000386029	Reactome	HSA-112316	Neuronal System
GABRR2	9606.ENSP00000386029	Reactome	HSA-977443	GABA receptor activation
GABRR2	9606.ENSP00000386029	WikiPathways	WP3584	MECP2 and associated Rett syndrome
GABRR2	9606.ENSP00000386029	WikiPathways	WP3998	Prader-Willi and Angelman syndrome
GABRR2	9606.ENSP00000386029	TISSUES	BTO:0000000	Tissues, cell types and enzyme sources
GABRR2	9606.ENSP00000386029	TISSUES	BTO:0000042	Animal
GABRR2	9606.ENSP00000386029	TISSUES	BTO:0000202	Sense organ
GABRR2	9606.ENSP00000386029	TISSUES	BTO:0000282	Head
GABRR2	9606.ENSP00000386029	TISSUES	BTO:0000439	Eye
GABRR2	9606.ENSP00000386029	TISSUES	BTO:0001175	Retina
GABRR2	9606.ENSP00000386029	TISSUES	BTO:0001489	Whole body
GABRR2	9606.ENSP00000386029	COMPARTMENTS	GOCC:0005886	Plasma membrane
GABRR2	9606.ENSP00000386029	COMPARTMENTS	GOCC:0016020	Membrane
GABRR2	9606.ENSP00000386029	COMPARTMENTS	GOCC:0030054	Cell junction
GABRR2	9606.ENSP00000386029	COMPARTMENTS	GOCC:0032991	Protein-containing complex
GABRR2	9606.ENSP00000386029	COMPARTMENTS	GOCC:0043235	Receptor complex
GABRR2	9606.ENSP00000386029	COMPARTMENTS	GOCC:0045202	Synapse
GABRR2	9606.ENSP00000386029	COMPARTMENTS	GOCC:0045211	Postsynaptic membrane
GABRR2	9606.ENSP00000386029	COMPARTMENTS	GOCC:0071944	Cell periphery
GABRR2	9606.ENSP00000386029	COMPARTMENTS	GOCC:0097060	Synaptic membrane
GABRR2	9606.ENSP00000386029	COMPARTMENTS	GOCC:0098590	Plasma membrane region
GABRR2	9606.ENSP00000386029	COMPARTMENTS	GOCC:0098794	Postsynapse
GABRR2	9606.ENSP00000386029	COMPARTMENTS	GOCC:0110165	Cellular anatomical entity
GABRR2	9606.ENSP00000386029	COMPARTMENTS	GOCC:1902710	GABA receptor complex
GABRR2	9606.ENSP00000386029	COMPARTMENTS	GOCC:1902711	GABA-A receptor complex
GABRR2	9606.ENSP00000386029	Monarch	EFO:0004464	Brain measurement
GABRR2	9606.ENSP00000386029	Monarch	EFO:0004747	Protein measurement
GABRR2	9606.ENSP00000386029	Monarch	EFO:0005052	Nervous system measurement
GABRR2	9606.ENSP00000386029	Monarch	EFO:0006930	Brain volume measurement
GABRR2	9606.ENSP00000386029	Monarch	EFO:0010335	Third ventricle volume measurement
GABRR2	9606.ENSP00000386029	UniProt Keywords	KW-0024	Alternative initiation
GABRR2	9606.ENSP00000386029	UniProt Keywords	KW-0325	Glycoprotein
GABRR2	9606.ENSP00000386029	UniProt Keywords	KW-0406	Ion transport
GABRR2	9606.ENSP00000386029	UniProt Keywords	KW-0407	Ion channel
GABRR2	9606.ENSP00000386029	UniProt Keywords	KW-0472	Membrane
GABRR2	9606.ENSP00000386029	UniProt Keywords	KW-0628	Postsynaptic cell membrane
GABRR2	9606.ENSP00000386029	UniProt Keywords	KW-0732	Signal
GABRR2	9606.ENSP00000386029	UniProt Keywords	KW-0770	Synapse
GABRR2	9606.ENSP00000386029	UniProt Keywords	KW-0812	Transmembrane
GABRR2	9606.ENSP00000386029	UniProt Keywords	KW-0813	Transport
GABRR2	9606.ENSP00000386029	UniProt Keywords	KW-0868	Chloride
GABRR2	9606.ENSP00000386029	UniProt Keywords	KW-0869	Chloride channel
GABRR2	9606.ENSP00000386029	UniProt Keywords	KW-0965	Cell junction
GABRR2	9606.ENSP00000386029	UniProt Keywords	KW-1003	Cell membrane
GABRR2	9606.ENSP00000386029	UniProt Keywords	KW-1015	Disulfide bond
GABRR2	9606.ENSP00000386029	UniProt Keywords	KW-1133	Transmembrane helix
GABRR2	9606.ENSP00000386029	Pfam	PF02931	Neurotransmitter-gated ion-channel ligand binding domain
GABRR2	9606.ENSP00000386029	Pfam	PF02932	Neurotransmitter-gated ion-channel transmembrane region
GABRR2	9606.ENSP00000386029	InterPro	IPR006028	Gamma-aminobutyric acid A receptor/Glycine receptor alpha
GABRR2	9606.ENSP00000386029	InterPro	IPR006029	Neurotransmitter-gated ion-channel transmembrane domain
GABRR2	9606.ENSP00000386029	InterPro	IPR006201	Neurotransmitter-gated ion-channel
GABRR2	9606.ENSP00000386029	InterPro	IPR006202	Neurotransmitter-gated ion-channel ligand-binding domain
GABRR2	9606.ENSP00000386029	InterPro	IPR008057	Gamma-aminobutyric-acid A receptor, Rho
GABRR2	9606.ENSP00000386029	InterPro	IPR008059	Gamma-aminobutyric-acid A receptor, Rho2
GABRR2	9606.ENSP00000386029	InterPro	IPR018000	Neurotransmitter-gated ion-channel, conserved site
GABRR2	9606.ENSP00000386029	InterPro	IPR036719	Neurotransmitter-gated ion-channel transmembrane domain superfamily
GABRR2	9606.ENSP00000386029	InterPro	IPR036734	Neurotransmitter-gated ion-channel ligand-binding domain superfamily
GABRR2	9606.ENSP00000386029	InterPro	IPR038050	Neuronal acetylcholine receptor
GNRH1	9606.ENSP00000276414	GO Process	GO:0000003	Reproduction
GNRH1	9606.ENSP00000276414	GO Process	GO:0007154	Cell communication
GNRH1	9606.ENSP00000276414	GO Process	GO:0007165	Signal transduction
GNRH1	9606.ENSP00000276414	GO Process	GO:0007267	Cell-cell signaling
GNRH1	9606.ENSP00000276414	GO Process	GO:0009719	Response to endogenous stimulus
GNRH1	9606.ENSP00000276414	GO Process	GO:0009725	Response to hormone
GNRH1	9606.ENSP00000276414	GO Process	GO:0009987	Cellular process
GNRH1	9606.ENSP00000276414	GO Process	GO:0010033	Response to organic substance
GNRH1	9606.ENSP00000276414	GO Process	GO:0010468	Regulation of gene expression
GNRH1	9606.ENSP00000276414	GO Process	GO:0014070	Response to organic cyclic compound
GNRH1	9606.ENSP00000276414	GO Process	GO:0019222	Regulation of metabolic process
GNRH1	9606.ENSP00000276414	GO Process	GO:0023052	Signaling
GNRH1	9606.ENSP00000276414	GO Process	GO:0030334	Regulation of cell migration
GNRH1	9606.ENSP00000276414	GO Process	GO:0030336	Negative regulation of cell migration
GNRH1	9606.ENSP00000276414	GO Process	GO:0033993	Response to lipid
GNRH1	9606.ENSP00000276414	GO Process	GO:0040012	Regulation of locomotion
GNRH1	9606.ENSP00000276414	GO Process	GO:0040013	Negative regulation of locomotion
GNRH1	9606.ENSP00000276414	GO Process	GO:0042221	Response to chemical
GNRH1	9606.ENSP00000276414	GO Process	GO:0045471	Response to ethanol
GNRH1	9606.ENSP00000276414	GO Process	GO:0048519	Negative regulation of biological process
GNRH1	9606.ENSP00000276414	GO Process	GO:0048523	Negative regulation of cellular process
GNRH1	9606.ENSP00000276414	GO Process	GO:0048545	Response to steroid hormone
GNRH1	9606.ENSP00000276414	GO Process	GO:0050789	Regulation of biological process
GNRH1	9606.ENSP00000276414	GO Process	GO:0050793	Regulation of developmental process
GNRH1	9606.ENSP00000276414	GO Process	GO:0050794	Regulation of cellular process
GNRH1	9606.ENSP00000276414	GO Process	GO:0050896	Response to stimulus
GNRH1	9606.ENSP00000276414	GO Process	GO:0051716	Cellular response to stimulus
GNRH1	9606.ENSP00000276414	GO Process	GO:0060255	Regulation of macromolecule metabolic process
GNRH1	9606.ENSP00000276414	GO Process	GO:0065007	Biological regulation
GNRH1	9606.ENSP00000276414	GO Process	GO:0097305	Response to alcohol
GNRH1	9606.ENSP00000276414	GO Process	GO:1901700	Response to oxygen-containing compound
GNRH1	9606.ENSP00000276414	GO Process	GO:2000145	Regulation of cell motility
GNRH1	9606.ENSP00000276414	GO Process	GO:2000146	Negative regulation of cell motility
GNRH1	9606.ENSP00000276414	GO Process	GO:2000241	Regulation of reproductive process
GNRH1	9606.ENSP00000276414	GO Process	GO:2000354	Regulation of ovarian follicle development
GNRH1	9606.ENSP00000276414	GO Process	GO:2001222	Regulation of neuron migration
GNRH1	9606.ENSP00000276414	GO Process	GO:2001223	Negative regulation of neuron migration
GNRH1	9606.ENSP00000276414	GO Function	GO:0005102	Signaling receptor binding
GNRH1	9606.ENSP00000276414	GO Function	GO:0005179	Hormone activity
GNRH1	9606.ENSP00000276414	GO Function	GO:0005183	Gonadotropin hormone-releasing hormone activity
GNRH1	9606.ENSP00000276414	GO Function	GO:0005488	Binding
GNRH1	9606.ENSP00000276414	GO Function	GO:0005515	Protein binding
GNRH1	9606.ENSP00000276414	GO Function	GO:0030545	Signaling receptor regulator activity
GNRH1	9606.ENSP00000276414	GO Function	GO:0030546	Signaling receptor activator activity
GNRH1	9606.ENSP00000276414	GO Function	GO:0031530	Gonadotropin-releasing hormone receptor binding
GNRH1	9606.ENSP00000276414	GO Function	GO:0048018	Receptor ligand activity
GNRH1	9606.ENSP00000276414	GO Function	GO:0051427	Hormone receptor binding
GNRH1	9606.ENSP00000276414	GO Function	GO:0051428	Peptide hormone receptor binding
GNRH1	9606.ENSP00000276414	GO Function	GO:0098772	Molecular function regulator activity
GNRH1	9606.ENSP00000276414	GO Component	GO:0005576	Extracellular region
GNRH1	9606.ENSP00000276414	GO Component	GO:0005615	Extracellular space
GNRH1	9606.ENSP00000276414	GO Component	GO:0110165	Cellular anatomical entity
GNRH1	9606.ENSP00000276414	STRING clusters	CL:23867	Peptide ligand-binding receptors, and Class B/2 (Secretin family receptors)
GNRH1	9606.ENSP00000276414	STRING clusters	CL:23868	Peptide ligand-binding receptors, and Neuropeptide receptor binding
GNRH1	9606.ENSP00000276414	STRING clusters	CL:24092	Hypogonadotropic hypogonadism, and Orexin and neuropeptides FF and QRFP bind to their respective receptors
GNRH1	9606.ENSP00000276414	STRING clusters	CL:24093	Tachykinin receptor signaling pathway, and Hypogonadotropic hypogonadism
GNRH1	9606.ENSP00000276414	STRING clusters	CL:24095	Gonadoliberin, and Generation of ovulation cycle rhythm
GNRH1	9606.ENSP00000276414	KEGG	hsa04080	Neuroactive ligand-receptor interaction
GNRH1	9606.ENSP00000276414	KEGG	hsa04912	GnRH signaling pathway
GNRH1	9606.ENSP00000276414	KEGG	hsa04929	GnRH secretion
GNRH1	9606.ENSP00000276414	Reactome	HSA-162582	Signal Transduction
GNRH1	9606.ENSP00000276414	Reactome	HSA-372790	Signaling by GPCR
GNRH1	9606.ENSP00000276414	Reactome	HSA-373076	Class A/1 (Rhodopsin-like receptors)
GNRH1	9606.ENSP00000276414	Reactome	HSA-375281	Hormone ligand-binding receptors
GNRH1	9606.ENSP00000276414	Reactome	HSA-388396	GPCR downstream signalling
GNRH1	9606.ENSP00000276414	Reactome	HSA-416476	G alpha (q) signalling events
GNRH1	9606.ENSP00000276414	Reactome	HSA-500792	GPCR ligand binding
GNRH1	9606.ENSP00000276414	WikiPathways	WP3998	Prader-Willi and Angelman syndrome
GNRH1	9606.ENSP00000276414	WikiPathways	WP4194	Hormonal control of pubertal growth spurt
GNRH1	9606.ENSP00000276414	WikiPathways	WP5074	Kallmann syndrome
GNRH1	9606.ENSP00000276414	DISEASES	DOID:0014667	Disease of metabolism
GNRH1	9606.ENSP00000276414	DISEASES	DOID:0050622	Reproductive organ benign neoplasm
GNRH1	9606.ENSP00000276414	DISEASES	DOID:0060072	Benign neoplasm
GNRH1	9606.ENSP00000276414	DISEASES	DOID:0060084	Cell type benign neoplasm
GNRH1	9606.ENSP00000276414	DISEASES	DOID:0060085	Organ system benign neoplasm
GNRH1	9606.ENSP00000276414	DISEASES	DOID:0060086	Female reproductive organ benign neoplasm
GNRH1	9606.ENSP00000276414	DISEASES	DOID:0060095	Uterine benign neoplasm
GNRH1	9606.ENSP00000276414	DISEASES	DOID:0060099	Musculoskeletal system benign neoplasm
GNRH1	9606.ENSP00000276414	DISEASES	DOID:0060158	Acquired metabolic disease
GNRH1	9606.ENSP00000276414	DISEASES	DOID:0060329	Ectopic pregnancy
GNRH1	9606.ENSP00000276414	DISEASES	DOID:0060429	Chromosomal duplication syndrome
GNRH1	9606.ENSP00000276414	DISEASES	DOID:0080000	Muscular disease
GNRH1	9606.ENSP00000276414	DISEASES	DOID:0080014	Chromosomal disease
GNRH1	9606.ENSP00000276414	DISEASES	DOID:0090070	Hypogonadotropic hypogonadism
GNRH1	9606.ENSP00000276414	DISEASES	DOID:1100	Ovarian disease
GNRH1	9606.ENSP00000276414	DISEASES	DOID:11383	Cryptorchidism
GNRH1	9606.ENSP00000276414	DISEASES	DOID:11613	Hyperandrogenism
GNRH1	9606.ENSP00000276414	DISEASES	DOID:12700	Hyperprolactinemia
GNRH1	9606.ENSP00000276414	DISEASES	DOID:13938	Amenorrhea
GNRH1	9606.ENSP00000276414	DISEASES	DOID:14566	Disease of cellular proliferation
GNRH1	9606.ENSP00000276414	DISEASES	DOID:15	Reproductive system disease
GNRH1	9606.ENSP00000276414	DISEASES	DOID:17	Musculoskeletal system disease
GNRH1	9606.ENSP00000276414	DISEASES	DOID:1921	Klinefelter syndrome
GNRH1	9606.ENSP00000276414	DISEASES	DOID:1923	Disorders of sexual development
GNRH1	9606.ENSP00000276414	DISEASES	DOID:1924	Hypogonadism
GNRH1	9606.ENSP00000276414	DISEASES	DOID:2277	Gonadal disease
GNRH1	9606.ENSP00000276414	DISEASES	DOID:229	Female reproductive system disease
GNRH1	9606.ENSP00000276414	DISEASES	DOID:2609	Adenomyoma
GNRH1	9606.ENSP00000276414	DISEASES	DOID:2691	Myoma
GNRH1	9606.ENSP00000276414	DISEASES	DOID:28	Endocrine system disease
GNRH1	9606.ENSP00000276414	DISEASES	DOID:288	Endometriosis of uterus
GNRH1	9606.ENSP00000276414	DISEASES	DOID:289	Endometriosis
GNRH1	9606.ENSP00000276414	DISEASES	DOID:345	Uterine disease
GNRH1	9606.ENSP00000276414	DISEASES	DOID:3614	Kallmann syndrome
GNRH1	9606.ENSP00000276414	DISEASES	DOID:3781	Anovulation
GNRH1	9606.ENSP00000276414	DISEASES	DOID:4	Disease
GNRH1	9606.ENSP00000276414	DISEASES	DOID:461	Muscle benign neoplasm
GNRH1	9606.ENSP00000276414	DISEASES	DOID:5119	Ovarian cyst
GNRH1	9606.ENSP00000276414	DISEASES	DOID:5223	Infertility
GNRH1	9606.ENSP00000276414	DISEASES	DOID:5425	Ovarian hyperstimulation syndrome
GNRH1	9606.ENSP00000276414	DISEASES	DOID:630	Genetic disease
GNRH1	9606.ENSP00000276414	DISEASES	DOID:7	Disease of anatomical entity
GNRH1	9606.ENSP00000276414	TISSUES	BTO:0000000	Tissues, cell types and enzyme sources
GNRH1	9606.ENSP00000276414	TISSUES	BTO:0000040	Adenohypophysis
GNRH1	9606.ENSP00000276414	TISSUES	BTO:0000042	Animal
GNRH1	9606.ENSP00000276414	TISSUES	BTO:0000081	Reproductive system
GNRH1	9606.ENSP00000276414	TISSUES	BTO:0000083	Female reproductive system
GNRH1	9606.ENSP00000276414	TISSUES	BTO:0000089	Blood
GNRH1	9606.ENSP00000276414	TISSUES	BTO:0000129	Basophil
GNRH1	9606.ENSP00000276414	TISSUES	BTO:0000142	Brain
GNRH1	9606.ENSP00000276414	TISSUES	BTO:0000146	Brain stem
GNRH1	9606.ENSP00000276414	TISSUES	BTO:0000174	Embryonic structure
GNRH1	9606.ENSP00000276414	TISSUES	BTO:0000227	Central nervous system
GNRH1	9606.ENSP00000276414	TISSUES	BTO:0000232	Cerebellum
GNRH1	9606.ENSP00000276414	TISSUES	BTO:0000254	Female reproductive gland
GNRH1	9606.ENSP00000276414	TISSUES	BTO:0000282	Head
GNRH1	9606.ENSP00000276414	TISSUES	BTO:0000284	Organism form
GNRH1	9606.ENSP00000276414	TISSUES	BTO:0000292	Corpus luteum
GNRH1	9606.ENSP00000276414	TISSUES	BTO:0000342	Diencephalon
GNRH1	9606.ENSP00000276414	TISSUES	BTO:0000379	Embryo
GNRH1	9606.ENSP00000276414	TISSUES	BTO:0000389	Mature ovarian follicle
GNRH1	9606.ENSP00000276414	TISSUES	BTO:0000449	Fetus
GNRH1	9606.ENSP00000276414	TISSUES	BTO:0000468	Floret
GNRH1	9606.ENSP00000276414	TISSUES	BTO:0000469	Flower
GNRH1	9606.ENSP00000276414	TISSUES	BTO:0000475	Ovarian follicle
GNRH1	9606.ENSP00000276414	TISSUES	BTO:0000478	Forebrain
GNRH1	9606.ENSP00000276414	TISSUES	BTO:0000495	Gametophyte
GNRH1	9606.ENSP00000276414	TISSUES	BTO:0000496	Anterior lobe
GNRH1	9606.ENSP00000276414	TISSUES	BTO:0000522	Gland
GNRH1	9606.ENSP00000276414	TISSUES	BTO:0000535	Germ cell
GNRH1	9606.ENSP00000276414	TISSUES	BTO:0000539	Granulocyte
GNRH1	9606.ENSP00000276414	TISSUES	BTO:0000570	Hematopoietic system
GNRH1	9606.ENSP00000276414	TISSUES	BTO:0000574	Hematopoietic cell
GNRH1	9606.ENSP00000276414	TISSUES	BTO:0000614	Hypothalamus
GNRH1	9606.ENSP00000276414	TISSUES	BTO:0000628	Inflorescence
GNRH1	9606.ENSP00000276414	TISSUES	BTO:0000672	Hindbrain
GNRH1	9606.ENSP00000276414	TISSUES	BTO:0000673	Metencephalon
GNRH1	9606.ENSP00000276414	TISSUES	BTO:0000720	Plant form
GNRH1	9606.ENSP00000276414	TISSUES	BTO:0000751	Leukocyte
GNRH1	9606.ENSP00000276414	TISSUES	BTO:0000768	Infundibulum
GNRH1	9606.ENSP00000276414	TISSUES	BTO:0000842	Megagametophyte
GNRH1	9606.ENSP00000276414	TISSUES	BTO:0000928	Limbic system
GNRH1	9606.ENSP00000276414	TISSUES	BTO:0000937	Neurohypophysis
GNRH1	9606.ENSP00000276414	TISSUES	BTO:0000947	Neuronal cell line
GNRH1	9606.ENSP00000276414	TISSUES	BTO:0000964	Oocyte
GNRH1	9606.ENSP00000276414	TISSUES	BTO:0000975	Ovary
GNRH1	9606.ENSP00000276414	TISSUES	BTO:0001073	Hypophysis
GNRH1	9606.ENSP00000276414	TISSUES	BTO:0001226	Seed
GNRH1	9606.ENSP00000276414	TISSUES	BTO:0001285	Sporangiophore
GNRH1	9606.ENSP00000276414	TISSUES	BTO:0001287	Sporangium
GNRH1	9606.ENSP00000276414	TISSUES	BTO:0001351	Vomeronasal nerve
GNRH1	9606.ENSP00000276414	TISSUES	BTO:0001442	Brain ventricle
GNRH1	9606.ENSP00000276414	TISSUES	BTO:0001461	Whole plant
GNRH1	9606.ENSP00000276414	TISSUES	BTO:0001481	Plant
GNRH1	9606.ENSP00000276414	TISSUES	BTO:0001484	Nervous system
GNRH1	9606.ENSP00000276414	TISSUES	BTO:0001488	Endocrine gland
GNRH1	9606.ENSP00000276414	TISSUES	BTO:0001489	Whole body
GNRH1	9606.ENSP00000276414	TISSUES	BTO:0001776	Plant ovule
GNRH1	9606.ENSP00000276414	TISSUES	BTO:0001777	Megasporangium
GNRH1	9606.ENSP00000276414	TISSUES	BTO:0001796	Preoptic area
GNRH1	9606.ENSP00000276414	TISSUES	BTO:0001954	Median eminence
GNRH1	9606.ENSP00000276414	TISSUES	BTO:0002482	Gonadotrophic cell
GNRH1	9606.ENSP00000276414	TISSUES	BTO:0002708	GT1-7 cell
GNRH1	9606.ENSP00000276414	TISSUES	BTO:0003091	Urogenital system
GNRH1	9606.ENSP00000276414	TISSUES	BTO:0003099	Internal female genital organ
GNRH1	9606.ENSP00000276414	TISSUES	BTO:0003801	Ovum
GNRH1	9606.ENSP00000276414	TISSUES	BTO:0003898	GT1 cell
GNRH1	9606.ENSP00000276414	TISSUES	BTO:0003899	GT1-1 cell
GNRH1	9606.ENSP00000276414	TISSUES	BTO:0004383	Follicular fluid
GNRH1	9606.ENSP00000276414	TISSUES	BTO:0004726	Embryonic brain
GNRH1	9606.ENSP00000276414	TISSUES	BTO:0005122	Ovarian cyst
GNRH1	9606.ENSP00000276414	TISSUES	BTO:0006222	Olfactory placode
GNRH1	9606.ENSP00000276414	TISSUES	BTO:0006267	Circumventricular organ
GNRH1	9606.ENSP00000276414	COMPARTMENTS	GOCC:0005576	Extracellular region
GNRH1	9606.ENSP00000276414	COMPARTMENTS	GOCC:0005615	Extracellular space
GNRH1	9606.ENSP00000276414	COMPARTMENTS	GOCC:0016914	Follicle-stimulating hormone complex
GNRH1	9606.ENSP00000276414	COMPARTMENTS	GOCC:0032991	Protein-containing complex
GNRH1	9606.ENSP00000276414	COMPARTMENTS	GOCC:0043511	Inhibin complex
GNRH1	9606.ENSP00000276414	COMPARTMENTS	GOCC:0043513	Inhibin B complex
GNRH1	9606.ENSP00000276414	COMPARTMENTS	GOCC:0061696	Pituitary gonadotropin complex
GNRH1	9606.ENSP00000276414	COMPARTMENTS	GOCC:0110165	Cellular anatomical entity
GNRH1	9606.ENSP00000276414	Monarch	EFO:0000246	Age
GNRH1	9606.ENSP00000276414	Monarch	EFO:0000719	Temporal measurement
GNRH1	9606.ENSP00000276414	Monarch	EFO:0003923	Bone density
GNRH1	9606.ENSP00000276414	Monarch	EFO:0004503	Hematological measurement
GNRH1	9606.ENSP00000276414	Monarch	EFO:0004512	Bone measurement
GNRH1	9606.ENSP00000276414	Monarch	EFO:0004516	Bone fracture related measurement
GNRH1	9606.ENSP00000276414	Monarch	EFO:0004704	Age at menopause
GNRH1	9606.ENSP00000276414	Monarch	EFO:0009270	Heel bone mineral density
GNRH1	9606.ENSP00000276414	Monarch	EFO:0010700	Reticulocyte measurement
GNRH1	9606.ENSP00000276414	Monarch	HP:0000002	Abnormality of body height
GNRH1	9606.ENSP00000276414	Monarch	HP:0000008	Abnormal morphology of female internal genitalia
GNRH1	9606.ENSP00000276414	Monarch	HP:0000013	Hypoplasia of the uterus
GNRH1	9606.ENSP00000276414	Monarch	HP:0000025	Functional abnormality of male internal genitalia
GNRH1	9606.ENSP00000276414	Monarch	HP:0000026	Male hypogonadism
GNRH1	9606.ENSP00000276414	Monarch	HP:0000027	Azoospermia
GNRH1	9606.ENSP00000276414	Monarch	HP:0000028	Cryptorchidism
GNRH1	9606.ENSP00000276414	Monarch	HP:0000032	Abnormality of male external genitalia
GNRH1	9606.ENSP00000276414	Monarch	HP:0000035	Abnormal testis morphology
GNRH1	9606.ENSP00000276414	Monarch	HP:0000036	Abnormal penis morphology
GNRH1	9606.ENSP00000276414	Monarch	HP:0000044	Hypogonadotropic hypogonadism
GNRH1	9606.ENSP00000276414	Monarch	HP:0000050	Hypoplastic male external genitalia
GNRH1	9606.ENSP00000276414	Monarch	HP:0000054	Micropenis
GNRH1	9606.ENSP00000276414	Monarch	HP:0000078	Abnormality of the genital system
GNRH1	9606.ENSP00000276414	Monarch	HP:0000080	Abnormality of reproductive system physiology
GNRH1	9606.ENSP00000276414	Monarch	HP:0000118	Phenotypic abnormality
GNRH1	9606.ENSP00000276414	Monarch	HP:0000119	Abnormality of the genitourinary system
GNRH1	9606.ENSP00000276414	Monarch	HP:0000130	Abnormality of the uterus
GNRH1	9606.ENSP00000276414	Monarch	HP:0000134	Female hypogonadism
GNRH1	9606.ENSP00000276414	Monarch	HP:0000135	Hypogonadism
GNRH1	9606.ENSP00000276414	Monarch	HP:0000137	Abnormality of the ovary
GNRH1	9606.ENSP00000276414	Monarch	HP:0000140	Abnormality of the menstrual cycle
GNRH1	9606.ENSP00000276414	Monarch	HP:0000141	Amenorrhea
GNRH1	9606.ENSP00000276414	Monarch	HP:0000152	Abnormality of head or neck
GNRH1	9606.ENSP00000276414	Monarch	HP:0000153	Abnormality of the mouth
GNRH1	9606.ENSP00000276414	Monarch	HP:0000163	Abnormal oral cavity morphology
GNRH1	9606.ENSP00000276414	Monarch	HP:0000164	Abnormality of the dentition
GNRH1	9606.ENSP00000276414	Monarch	HP:0000174	Abnormal palate morphology
GNRH1	9606.ENSP00000276414	Monarch	HP:0000175	Cleft palate
GNRH1	9606.ENSP00000276414	Monarch	HP:0000202	Oral cleft
GNRH1	9606.ENSP00000276414	Monarch	HP:0000234	Abnormality of the head
GNRH1	9606.ENSP00000276414	Monarch	HP:0000271	Abnormality of the face
GNRH1	9606.ENSP00000276414	Monarch	HP:0000316	Hypertelorism
GNRH1	9606.ENSP00000276414	Monarch	HP:0000364	Hearing abnormality
GNRH1	9606.ENSP00000276414	Monarch	HP:0000365	Hearing impairment
GNRH1	9606.ENSP00000276414	Monarch	HP:0000366	Abnormality of the nose
GNRH1	9606.ENSP00000276414	Monarch	HP:0000407	Sensorineural hearing impairment
GNRH1	9606.ENSP00000276414	Monarch	HP:0000422	Abnormal nasal bridge morphology
GNRH1	9606.ENSP00000276414	Monarch	HP:0000478	Abnormality of the eye
GNRH1	9606.ENSP00000276414	Monarch	HP:0000598	Abnormality of the ear
GNRH1	9606.ENSP00000276414	Monarch	HP:0000707	Abnormality of the nervous system
GNRH1	9606.ENSP00000276414	Monarch	HP:0000708	Behavioral abnormality
GNRH1	9606.ENSP00000276414	Monarch	HP:0000716	Depression
GNRH1	9606.ENSP00000276414	Monarch	HP:0000739	Anxiety
GNRH1	9606.ENSP00000276414	Monarch	HP:0000769	Abnormality of the breast
GNRH1	9606.ENSP00000276414	Monarch	HP:0000771	Gynecomastia
GNRH1	9606.ENSP00000276414	Monarch	HP:0000786	Primary amenorrhea
GNRH1	9606.ENSP00000276414	Monarch	HP:0000802	Impotence
GNRH1	9606.ENSP00000276414	Monarch	HP:0000811	Abnormal external genitalia
GNRH1	9606.ENSP00000276414	Monarch	HP:0000812	Abnormal internal genitalia
GNRH1	9606.ENSP00000276414	Monarch	HP:0000818	Abnormality of the endocrine system
GNRH1	9606.ENSP00000276414	Monarch	HP:0000823	Delayed puberty
GNRH1	9606.ENSP00000276414	Monarch	HP:0000869	Secondary amenorrhea
GNRH1	9606.ENSP00000276414	Monarch	HP:0000924	Abnormality of the skeletal system
GNRH1	9606.ENSP00000276414	Monarch	HP:0000927	Abnormality of skeletal maturation
GNRH1	9606.ENSP00000276414	Monarch	HP:0000938	Osteopenia
GNRH1	9606.ENSP00000276414	Monarch	HP:0000939	Osteoporosis
GNRH1	9606.ENSP00000276414	Monarch	HP:0001371	Flexion contracture
GNRH1	9606.ENSP00000276414	Monarch	HP:0001388	Joint laxity
GNRH1	9606.ENSP00000276414	Monarch	HP:0001507	Growth abnormality
GNRH1	9606.ENSP00000276414	Monarch	HP:0001510	Growth delay
GNRH1	9606.ENSP00000276414	Monarch	HP:0001574	Abnormality of the integument
GNRH1	9606.ENSP00000276414	Monarch	HP:0001595	Abnormal hair morphology
GNRH1	9606.ENSP00000276414	Monarch	HP:0001608	Abnormality of the voice
GNRH1	9606.ENSP00000276414	Monarch	HP:0002231	Sparse body hair
GNRH1	9606.ENSP00000276414	Monarch	HP:0002750	Delayed skeletal maturation
GNRH1	9606.ENSP00000276414	Monarch	HP:0002761	Generalized joint laxity
GNRH1	9606.ENSP00000276414	Monarch	HP:0003011	Abnormality of the musculature
GNRH1	9606.ENSP00000276414	Monarch	HP:0003117	Abnormal circulating hormone concentration
GNRH1	9606.ENSP00000276414	Monarch	HP:0003187	Breast hypoplasia
GNRH1	9606.ENSP00000276414	Monarch	HP:0003241	External genital hypoplasia
GNRH1	9606.ENSP00000276414	Monarch	HP:0003330	Abnormal bone structure
GNRH1	9606.ENSP00000276414	Monarch	HP:0003549	Abnormality of connective tissue
GNRH1	9606.ENSP00000276414	Monarch	HP:0003782	Eunuchoid habitus
GNRH1	9606.ENSP00000276414	Monarch	HP:0004323	Abnormality of body weight
GNRH1	9606.ENSP00000276414	Monarch	HP:0004325	Decreased body weight
GNRH1	9606.ENSP00000276414	Monarch	HP:0004348	Abnormality of bone mineral density
GNRH1	9606.ENSP00000276414	Monarch	HP:0004349	Reduced bone mineral density
GNRH1	9606.ENSP00000276414	Monarch	HP:0004404	Abnormal nipple morphology
GNRH1	9606.ENSP00000276414	Monarch	HP:0005105	Abnormal nasal morphology
GNRH1	9606.ENSP00000276414	Monarch	HP:0005280	Depressed nasal bridge
GNRH1	9606.ENSP00000276414	Monarch	HP:0006610	Wide intermamillary distance
GNRH1	9606.ENSP00000276414	Monarch	HP:0008070	Sparse hair
GNRH1	9606.ENSP00000276414	Monarch	HP:0008187	Absence of secondary sex characteristics
GNRH1	9606.ENSP00000276414	Monarch	HP:0008197	Absence of pubertal development
GNRH1	9606.ENSP00000276414	Monarch	HP:0008373	Puberty and gonadal disorders
GNRH1	9606.ENSP00000276414	Monarch	HP:0008527	Congenital sensorineural hearing impairment
GNRH1	9606.ENSP00000276414	Monarch	HP:0008669	Abnormal spermatogenesis
GNRH1	9606.ENSP00000276414	Monarch	HP:0008684	Aplasia/hypoplasia of the uterus
GNRH1	9606.ENSP00000276414	Monarch	HP:0008724	Hypoplasia of the ovary
GNRH1	9606.ENSP00000276414	Monarch	HP:0008734	Decreased testicular size
GNRH1	9606.ENSP00000276414	Monarch	HP:0008736	Hypoplasia of penis
GNRH1	9606.ENSP00000276414	Monarch	HP:0010311	Aplasia/Hypoplasia of the breasts
GNRH1	9606.ENSP00000276414	Monarch	HP:0010460	Abnormality of the female genitalia
GNRH1	9606.ENSP00000276414	Monarch	HP:0010461	Abnormality of the male genitalia
GNRH1	9606.ENSP00000276414	Monarch	HP:0010462	Aplasia/Hypoplasia of the ovary
GNRH1	9606.ENSP00000276414	Monarch	HP:0010468	Aplasia/Hypoplasia of the testes
GNRH1	9606.ENSP00000276414	Monarch	HP:0011138	Abnormality of skin adnexa morphology
GNRH1	9606.ENSP00000276414	Monarch	HP:0011362	Abnormal hair quantity
GNRH1	9606.ENSP00000276414	Monarch	HP:0011389	Functional abnormality of the inner ear
GNRH1	9606.ENSP00000276414	Monarch	HP:0011729	Abnormality of joint mobility
GNRH1	9606.ENSP00000276414	Monarch	HP:0011805	Abnormal skeletal muscle morphology
GNRH1	9606.ENSP00000276414	Monarch	HP:0011842	Abnormal skeletal morphology
GNRH1	9606.ENSP00000276414	Monarch	HP:0011843	Abnormal musculoskeletal physiology
GNRH1	9606.ENSP00000276414	Monarch	HP:0011849	Abnormal bone ossification
GNRH1	9606.ENSP00000276414	Monarch	HP:0011961	Non-obstructive azoospermia
GNRH1	9606.ENSP00000276414	Monarch	HP:0012243	Abnormal reproductive system morphology
GNRH1	9606.ENSP00000276414	Monarch	HP:0012372	Abnormal eye morphology
GNRH1	9606.ENSP00000276414	Monarch	HP:0012385	Camptodactyly
GNRH1	9606.ENSP00000276414	Monarch	HP:0012638	Abnormal nervous system physiology
GNRH1	9606.ENSP00000276414	Monarch	HP:0012874	Abnormal male reproductive system physiology
GNRH1	9606.ENSP00000276414	Monarch	HP:0030012	Abnormal female reproductive system physiology
GNRH1	9606.ENSP00000276414	Monarch	HP:0030014	Female sexual dysfunction
GNRH1	9606.ENSP00000276414	Monarch	HP:0030019	Increased female libido
GNRH1	9606.ENSP00000276414	Monarch	HP:0030044	Flexion contracture of digit
GNRH1	9606.ENSP00000276414	Monarch	HP:0030087	Abnormal circulating testosterone concentration
GNRH1	9606.ENSP00000276414	Monarch	HP:0030347	Abnormal circulating androgen level
GNRH1	9606.ENSP00000276414	Monarch	HP:0030349	Decreased circulating androgen concentration
GNRH1	9606.ENSP00000276414	Monarch	HP:0031065	Abnormal ovarian morphology
GNRH1	9606.ENSP00000276414	Monarch	HP:0031066	Abnormal ovarian physiology
GNRH1	9606.ENSP00000276414	Monarch	HP:0031093	Abnormal breast morphology
GNRH1	9606.ENSP00000276414	Monarch	HP:0031466	Impairment in personality functioning
GNRH1	9606.ENSP00000276414	Monarch	HP:0031704	Abnormal ear physiology
GNRH1	9606.ENSP00000276414	Monarch	HP:0031816	Abnormal oral morphology
GNRH1	9606.ENSP00000276414	Monarch	HP:0031845	Abnormal libido
GNRH1	9606.ENSP00000276414	Monarch	HP:0033127	Abnormality of the musculoskeletal system
GNRH1	9606.ENSP00000276414	Monarch	HP:0033799	Abnormal circulating sex hormone concentration
GNRH1	9606.ENSP00000276414	Monarch	HP:0034392	Joint contracture
GNRH1	9606.ENSP00000276414	Monarch	HP:0034430	Abnormal joint physiology
GNRH1	9606.ENSP00000276414	Monarch	HP:0040157	Abnormal intermamillary distance
GNRH1	9606.ENSP00000276414	Monarch	HP:0040171	Decreased serum testosterone concentration
GNRH1	9606.ENSP00000276414	Monarch	HP:0040307	Male sexual dysfunction
GNRH1	9606.ENSP00000276414	Monarch	HP:0045058	Abnormality of the testis size
GNRH1	9606.ENSP00000276414	Monarch	HP:0046503	Increased libido
GNRH1	9606.ENSP00000276414	Monarch	HP:0100261	Abnormal tendon morphology
GNRH1	9606.ENSP00000276414	Monarch	HP:0100639	Erectile dysfunction
GNRH1	9606.ENSP00000276414	Monarch	HP:0100852	Abnormal fear/anxiety-related behavior
GNRH1	9606.ENSP00000276414	Monarch	HP:0100886	Abnormality of globe location
GNRH1	9606.ENSP00000276414	UniProt Keywords	KW-0027	Amidation
GNRH1	9606.ENSP00000276414	UniProt Keywords	KW-0165	Cleavage on pair of basic residues
GNRH1	9606.ENSP00000276414	UniProt Keywords	KW-0372	Hormone
GNRH1	9606.ENSP00000276414	UniProt Keywords	KW-0732	Signal
GNRH1	9606.ENSP00000276414	UniProt Keywords	KW-0873	Pyrrolidone carboxylic acid
GNRH1	9606.ENSP00000276414	UniProt Keywords	KW-0956	Kallmann syndrome
GNRH1	9606.ENSP00000276414	UniProt Keywords	KW-0964	Secreted
GNRH1	9606.ENSP00000276414	UniProt Keywords	KW-1016	Hypogonadotropic hypogonadism
GNRH1	9606.ENSP00000276414	Pfam	PF00446	Gonadotropin-releasing hormone
GNRH1	9606.ENSP00000276414	InterPro	IPR002012	Gonadotropin-releasing hormone
GNRH1	9606.ENSP00000276414	InterPro	IPR004079	Gonadoliberin I precursor
GNRH1	9606.ENSP00000276414	InterPro	IPR019792	Gonadoliberin
KCNE5	9606.ENSP00000361173	GO Process	GO:0001508	Action potential
KCNE5	9606.ENSP00000361173	GO Process	GO:0002027	Regulation of heart rate
KCNE5	9606.ENSP00000361173	GO Process	GO:0003008	System process
KCNE5	9606.ENSP00000361173	GO Process	GO:0003012	Muscle system process
KCNE5	9606.ENSP00000361173	GO Process	GO:0003013	Circulatory system process
KCNE5	9606.ENSP00000361173	GO Process	GO:0003015	Heart process
KCNE5	9606.ENSP00000361173	GO Process	GO:0006810	Transport
KCNE5	9606.ENSP00000361173	GO Process	GO:0006811	Ion transport
KCNE5	9606.ENSP00000361173	GO Process	GO:0006812	Cation transport
KCNE5	9606.ENSP00000361173	GO Process	GO:0006813	Potassium ion transport
KCNE5	9606.ENSP00000361173	GO Process	GO:0006936	Muscle contraction
KCNE5	9606.ENSP00000361173	GO Process	GO:0006941	Striated muscle contraction
KCNE5	9606.ENSP00000361173	GO Process	GO:0007154	Cell communication
KCNE5	9606.ENSP00000361173	GO Process	GO:0007267	Cell-cell signaling
KCNE5	9606.ENSP00000361173	GO Process	GO:0008015	Blood circulation
KCNE5	9606.ENSP00000361173	GO Process	GO:0008016	Regulation of heart contraction
KCNE5	9606.ENSP00000361173	GO Process	GO:0009987	Cellular process
KCNE5	9606.ENSP00000361173	GO Process	GO:0010959	Regulation of metal ion transport
KCNE5	9606.ENSP00000361173	GO Process	GO:0022898	Regulation of transmembrane transporter activity
KCNE5	9606.ENSP00000361173	GO Process	GO:0023052	Signaling
KCNE5	9606.ENSP00000361173	GO Process	GO:0030001	Metal ion transport
KCNE5	9606.ENSP00000361173	GO Process	GO:0030029	Actin filament-based process
KCNE5	9606.ENSP00000361173	GO Process	GO:0030048	Actin filament-based movement
KCNE5	9606.ENSP00000361173	GO Process	GO:0032409	Regulation of transporter activity
KCNE5	9606.ENSP00000361173	GO Process	GO:0032410	Negative regulation of transporter activity
KCNE5	9606.ENSP00000361173	GO Process	GO:0032412	Regulation of ion transmembrane transporter activity
KCNE5	9606.ENSP00000361173	GO Process	GO:0032413	Negative regulation of ion transmembrane transporter activity
KCNE5	9606.ENSP00000361173	GO Process	GO:0032501	Multicellular organismal process
KCNE5	9606.ENSP00000361173	GO Process	GO:0032879	Regulation of localization
KCNE5	9606.ENSP00000361173	GO Process	GO:0034220	Ion transmembrane transport
KCNE5	9606.ENSP00000361173	GO Process	GO:0034762	Regulation of transmembrane transport
KCNE5	9606.ENSP00000361173	GO Process	GO:0034763	Negative regulation of transmembrane transport
KCNE5	9606.ENSP00000361173	GO Process	GO:0034764	Positive regulation of transmembrane transport
KCNE5	9606.ENSP00000361173	GO Process	GO:0034765	Regulation of ion transmembrane transport
KCNE5	9606.ENSP00000361173	GO Process	GO:0034766	Negative regulation of ion transmembrane transport
KCNE5	9606.ENSP00000361173	GO Process	GO:0034767	Positive regulation of ion transmembrane transport
KCNE5	9606.ENSP00000361173	GO Process	GO:0035637	Multicellular organismal signaling
KCNE5	9606.ENSP00000361173	GO Process	GO:0042391	Regulation of membrane potential
KCNE5	9606.ENSP00000361173	GO Process	GO:0043266	Regulation of potassium ion transport
KCNE5	9606.ENSP00000361173	GO Process	GO:0043267	Negative regulation of potassium ion transport
KCNE5	9606.ENSP00000361173	GO Process	GO:0043268	Positive regulation of potassium ion transport
KCNE5	9606.ENSP00000361173	GO Process	GO:0043269	Regulation of ion transport
KCNE5	9606.ENSP00000361173	GO Process	GO:0043270	Positive regulation of ion transport
KCNE5	9606.ENSP00000361173	GO Process	GO:0043271	Negative regulation of ion transport
KCNE5	9606.ENSP00000361173	GO Process	GO:0044057	Regulation of system process
KCNE5	9606.ENSP00000361173	GO Process	GO:0044092	Negative regulation of molecular function
KCNE5	9606.ENSP00000361173	GO Process	GO:0048518	Positive regulation of biological process
KCNE5	9606.ENSP00000361173	GO Process	GO:0048519	Negative regulation of biological process
KCNE5	9606.ENSP00000361173	GO Process	GO:0048522	Positive regulation of cellular process
KCNE5	9606.ENSP00000361173	GO Process	GO:0048523	Negative regulation of cellular process
KCNE5	9606.ENSP00000361173	GO Process	GO:0050789	Regulation of biological process
KCNE5	9606.ENSP00000361173	GO Process	GO:0050794	Regulation of cellular process
KCNE5	9606.ENSP00000361173	GO Process	GO:0051049	Regulation of transport
KCNE5	9606.ENSP00000361173	GO Process	GO:0051050	Positive regulation of transport
KCNE5	9606.ENSP00000361173	GO Process	GO:0051051	Negative regulation of transport
KCNE5	9606.ENSP00000361173	GO Process	GO:0051179	Localization
KCNE5	9606.ENSP00000361173	GO Process	GO:0051234	Establishment of localization
KCNE5	9606.ENSP00000361173	GO Process	GO:0051239	Regulation of multicellular organismal process
KCNE5	9606.ENSP00000361173	GO Process	GO:0055085	Transmembrane transport
KCNE5	9606.ENSP00000361173	GO Process	GO:0060047	Heart contraction
KCNE5	9606.ENSP00000361173	GO Process	GO:0060048	Cardiac muscle contraction
KCNE5	9606.ENSP00000361173	GO Process	GO:0060306	Regulation of membrane repolarization
KCNE5	9606.ENSP00000361173	GO Process	GO:0060307	Regulation of ventricular cardiac muscle cell membrane repolarization
KCNE5	9606.ENSP00000361173	GO Process	GO:0060372	Regulation of atrial cardiac muscle cell membrane repolarization
KCNE5	9606.ENSP00000361173	GO Process	GO:0061337	Cardiac conduction
KCNE5	9606.ENSP00000361173	GO Process	GO:0065007	Biological regulation
KCNE5	9606.ENSP00000361173	GO Process	GO:0065008	Regulation of biological quality
KCNE5	9606.ENSP00000361173	GO Process	GO:0065009	Regulation of molecular function
KCNE5	9606.ENSP00000361173	GO Process	GO:0070252	Actin-mediated cell contraction
KCNE5	9606.ENSP00000361173	GO Process	GO:0071805	Potassium ion transmembrane transport
KCNE5	9606.ENSP00000361173	GO Process	GO:0086001	Cardiac muscle cell action potential
KCNE5	9606.ENSP00000361173	GO Process	GO:0086002	Cardiac muscle cell action potential involved in contraction
KCNE5	9606.ENSP00000361173	GO Process	GO:0086003	Cardiac muscle cell contraction
KCNE5	9606.ENSP00000361173	GO Process	GO:0086005	Ventricular cardiac muscle cell action potential
KCNE5	9606.ENSP00000361173	GO Process	GO:0086009	Membrane repolarization
KCNE5	9606.ENSP00000361173	GO Process	GO:0086011	Membrane repolarization during action potential
KCNE5	9606.ENSP00000361173	GO Process	GO:0086013	Membrane repolarization during cardiac muscle cell action potential
KCNE5	9606.ENSP00000361173	GO Process	GO:0086014	Atrial cardiac muscle cell action potential
KCNE5	9606.ENSP00000361173	GO Process	GO:0086019	Cell-cell signaling involved in cardiac conduction
KCNE5	9606.ENSP00000361173	GO Process	GO:0086026	Atrial cardiac muscle cell to AV node cell signaling
KCNE5	9606.ENSP00000361173	GO Process	GO:0086065	Cell communication involved in cardiac conduction
KCNE5	9606.ENSP00000361173	GO Process	GO:0086066	Atrial cardiac muscle cell to AV node cell communication
KCNE5	9606.ENSP00000361173	GO Process	GO:0086091	Regulation of heart rate by cardiac conduction
KCNE5	9606.ENSP00000361173	GO Process	GO:0097623	Potassium ion export across plasma membrane
KCNE5	9606.ENSP00000361173	GO Process	GO:0098655	Cation transmembrane transport
KCNE5	9606.ENSP00000361173	GO Process	GO:0098660	Inorganic ion transmembrane transport
KCNE5	9606.ENSP00000361173	GO Process	GO:0098662	Inorganic cation transmembrane transport
KCNE5	9606.ENSP00000361173	GO Process	GO:0098915	Membrane repolarization during ventricular cardiac muscle cell action potential
KCNE5	9606.ENSP00000361173	GO Process	GO:0099622	Cardiac muscle cell membrane repolarization
KCNE5	9606.ENSP00000361173	GO Process	GO:0099623	Regulation of cardiac muscle cell membrane repolarization
KCNE5	9606.ENSP00000361173	GO Process	GO:0099625	Ventricular cardiac muscle cell membrane repolarization
KCNE5	9606.ENSP00000361173	GO Process	GO:0140115	Export across plasma membrane
KCNE5	9606.ENSP00000361173	GO Process	GO:0140352	Export from cell
KCNE5	9606.ENSP00000361173	GO Process	GO:1901016	Regulation of potassium ion transmembrane transporter activity
KCNE5	9606.ENSP00000361173	GO Process	GO:1901017	Negative regulation of potassium ion transmembrane transporter activity
KCNE5	9606.ENSP00000361173	GO Process	GO:1901379	Regulation of potassium ion transmembrane transport
KCNE5	9606.ENSP00000361173	GO Process	GO:1901380	Negative regulation of potassium ion transmembrane transport
KCNE5	9606.ENSP00000361173	GO Process	GO:1901381	Positive regulation of potassium ion transmembrane transport
KCNE5	9606.ENSP00000361173	GO Process	GO:1902259	Regulation of delayed rectifier potassium channel activity
KCNE5	9606.ENSP00000361173	GO Process	GO:1902260	Negative regulation of delayed rectifier potassium channel activity
KCNE5	9606.ENSP00000361173	GO Process	GO:1903522	Regulation of blood circulation
KCNE5	9606.ENSP00000361173	GO Process	GO:1903764	Regulation of potassium ion export across plasma membrane
KCNE5	9606.ENSP00000361173	GO Process	GO:1903765	Negative regulation of potassium ion export across plasma membrane
KCNE5	9606.ENSP00000361173	GO Process	GO:1903817	Negative regulation of voltage-gated potassium channel activity
KCNE5	9606.ENSP00000361173	GO Process	GO:1904062	Regulation of cation transmembrane transport
KCNE5	9606.ENSP00000361173	GO Process	GO:1904063	Negative regulation of cation transmembrane transport
KCNE5	9606.ENSP00000361173	GO Process	GO:1904064	Positive regulation of cation transmembrane transport
KCNE5	9606.ENSP00000361173	GO Process	GO:2001257	Regulation of cation channel activity
KCNE5	9606.ENSP00000361173	GO Process	GO:2001258	Negative regulation of cation channel activity
KCNE5	9606.ENSP00000361173	GO Function	GO:0005215	Transporter activity
KCNE5	9606.ENSP00000361173	GO Function	GO:0005216	Ion channel activity
KCNE5	9606.ENSP00000361173	GO Function	GO:0005244	Voltage-gated ion channel activity
KCNE5	9606.ENSP00000361173	GO Function	GO:0005249	Voltage-gated potassium channel activity
KCNE5	9606.ENSP00000361173	GO Function	GO:0005261	Cation channel activity
KCNE5	9606.ENSP00000361173	GO Function	GO:0005267	Potassium channel activity
KCNE5	9606.ENSP00000361173	GO Function	GO:0005488	Binding
KCNE5	9606.ENSP00000361173	GO Function	GO:0005515	Protein binding
KCNE5	9606.ENSP00000361173	GO Function	GO:0008324	Cation transmembrane transporter activity
KCNE5	9606.ENSP00000361173	GO Function	GO:0015075	Ion transmembrane transporter activity
KCNE5	9606.ENSP00000361173	GO Function	GO:0015079	Potassium ion transmembrane transporter activity
KCNE5	9606.ENSP00000361173	GO Function	GO:0015267	Channel activity
KCNE5	9606.ENSP00000361173	GO Function	GO:0015318	Inorganic molecular entity transmembrane transporter activity
KCNE5	9606.ENSP00000361173	GO Function	GO:0015459	Potassium channel regulator activity
KCNE5	9606.ENSP00000361173	GO Function	GO:0016247	Channel regulator activity
KCNE5	9606.ENSP00000361173	GO Function	GO:0022803	Passive transmembrane transporter activity
KCNE5	9606.ENSP00000361173	GO Function	GO:0022832	Voltage-gated channel activity
KCNE5	9606.ENSP00000361173	GO Function	GO:0022836	Gated channel activity
KCNE5	9606.ENSP00000361173	GO Function	GO:0022843	Voltage-gated cation channel activity
KCNE5	9606.ENSP00000361173	GO Function	GO:0022857	Transmembrane transporter activity
KCNE5	9606.ENSP00000361173	GO Function	GO:0022890	Inorganic cation transmembrane transporter activity
KCNE5	9606.ENSP00000361173	GO Function	GO:0044325	Transmembrane transporter binding
KCNE5	9606.ENSP00000361173	GO Function	GO:0046873	Metal ion transmembrane transporter activity
KCNE5	9606.ENSP00000361173	GO Function	GO:0098772	Molecular function regulator activity
KCNE5	9606.ENSP00000361173	GO Function	GO:0099106	Ion channel regulator activity
KCNE5	9606.ENSP00000361173	GO Component	GO:0005886	Plasma membrane
KCNE5	9606.ENSP00000361173	GO Component	GO:0005887	Integral component of plasma membrane
KCNE5	9606.ENSP00000361173	GO Component	GO:0008076	Voltage-gated potassium channel complex
KCNE5	9606.ENSP00000361173	GO Component	GO:0016020	Membrane
KCNE5	9606.ENSP00000361173	GO Component	GO:0016021	Integral component of membrane
KCNE5	9606.ENSP00000361173	GO Component	GO:0031224	Intrinsic component of membrane
KCNE5	9606.ENSP00000361173	GO Component	GO:0031226	Intrinsic component of plasma membrane
KCNE5	9606.ENSP00000361173	GO Component	GO:0032991	Protein-containing complex
KCNE5	9606.ENSP00000361173	GO Component	GO:0034702	Ion channel complex
KCNE5	9606.ENSP00000361173	GO Component	GO:0034703	Cation channel complex
KCNE5	9606.ENSP00000361173	GO Component	GO:0034705	Potassium channel complex
KCNE5	9606.ENSP00000361173	GO Component	GO:0071944	Cell periphery
KCNE5	9606.ENSP00000361173	GO Component	GO:0098796	Membrane protein complex
KCNE5	9606.ENSP00000361173	GO Component	GO:0098797	Plasma membrane protein complex
KCNE5	9606.ENSP00000361173	GO Component	GO:0110165	Cellular anatomical entity
KCNE5	9606.ENSP00000361173	GO Component	GO:1902495	Transmembrane transporter complex
KCNE5	9606.ENSP00000361173	GO Component	GO:1990351	Transporter complex
KCNE5	9606.ENSP00000361173	STRING clusters	CL:8736	Mixed, incl. Fatty acid beta-oxidation, and AMP-binding, conserved site
KCNE5	9606.ENSP00000361173	STRING clusters	CL:8737	Mixed, incl. Fatty acid beta-oxidation, and Fatty acid biosynthesis
KCNE5	9606.ENSP00000361173	Reactome	HSA-397014	Muscle contraction
KCNE5	9606.ENSP00000361173	Reactome	HSA-5576890	Phase 3 - rapid repolarisation
KCNE5	9606.ENSP00000361173	Reactome	HSA-5576891	Cardiac conduction
KCNE5	9606.ENSP00000361173	Reactome	HSA-5576893	Phase 2 - plateau phase
KCNE5	9606.ENSP00000361173	DISEASES	DOID:0050177	Monogenic disease
KCNE5	9606.ENSP00000361173	DISEASES	DOID:0050451	Brugada syndrome
KCNE5	9606.ENSP00000361173	DISEASES	DOID:0080015	Physical disorder
KCNE5	9606.ENSP00000361173	DISEASES	DOID:10273	Heart conduction disease
KCNE5	9606.ENSP00000361173	DISEASES	DOID:10983	Alport syndrome
KCNE5	9606.ENSP00000361173	DISEASES	DOID:114	Heart disease
KCNE5	9606.ENSP00000361173	DISEASES	DOID:1287	Cardiovascular system disease
KCNE5	9606.ENSP00000361173	DISEASES	DOID:225	Syndrome
KCNE5	9606.ENSP00000361173	DISEASES	DOID:2355	Anemia
KCNE5	9606.ENSP00000361173	DISEASES	DOID:2373	Hereditary elliptocytosis
KCNE5	9606.ENSP00000361173	DISEASES	DOID:4	Disease
KCNE5	9606.ENSP00000361173	DISEASES	DOID:583	Hemolytic anemia
KCNE5	9606.ENSP00000361173	DISEASES	DOID:589	Congenital hemolytic anemia
KCNE5	9606.ENSP00000361173	DISEASES	DOID:630	Genetic disease
KCNE5	9606.ENSP00000361173	DISEASES	DOID:7	Disease of anatomical entity
KCNE5	9606.ENSP00000361173	DISEASES	DOID:720	Normocytic anemia
KCNE5	9606.ENSP00000361173	DISEASES	DOID:74	Hematopoietic system disease
KCNE5	9606.ENSP00000361173	TISSUES	BTO:0000000	Tissues, cell types and enzyme sources
KCNE5	9606.ENSP00000361173	TISSUES	BTO:0000042	Animal
KCNE5	9606.ENSP00000361173	TISSUES	BTO:0000088	Cardiovascular system
KCNE5	9606.ENSP00000361173	TISSUES	BTO:0000562	Heart
KCNE5	9606.ENSP00000361173	TISSUES	BTO:0000925	Nerve
KCNE5	9606.ENSP00000361173	TISSUES	BTO:0000938	Neuron
KCNE5	9606.ENSP00000361173	TISSUES	BTO:0001484	Nervous system
KCNE5	9606.ENSP00000361173	TISSUES	BTO:0001489	Whole body
KCNE5	9606.ENSP00000361173	COMPARTMENTS	GOCC:0005886	Plasma membrane
KCNE5	9606.ENSP00000361173	COMPARTMENTS	GOCC:0005887	Integral component of plasma membrane
KCNE5	9606.ENSP00000361173	COMPARTMENTS	GOCC:0008076	Voltage-gated potassium channel complex
KCNE5	9606.ENSP00000361173	COMPARTMENTS	GOCC:0016020	Membrane
KCNE5	9606.ENSP00000361173	COMPARTMENTS	GOCC:0016021	Integral component of membrane
KCNE5	9606.ENSP00000361173	COMPARTMENTS	GOCC:0031224	Intrinsic component of membrane
KCNE5	9606.ENSP00000361173	COMPARTMENTS	GOCC:0031226	Intrinsic component of plasma membrane
KCNE5	9606.ENSP00000361173	COMPARTMENTS	GOCC:0032991	Protein-containing complex
KCNE5	9606.ENSP00000361173	COMPARTMENTS	GOCC:0034702	Ion channel complex
KCNE5	9606.ENSP00000361173	COMPARTMENTS	GOCC:0034703	Cation channel complex
KCNE5	9606.ENSP00000361173	COMPARTMENTS	GOCC:0034705	Potassium channel complex
KCNE5	9606.ENSP00000361173	COMPARTMENTS	GOCC:0071944	Cell periphery
KCNE5	9606.ENSP00000361173	COMPARTMENTS	GOCC:0098796	Membrane protein complex
KCNE5	9606.ENSP00000361173	COMPARTMENTS	GOCC:0098797	Plasma membrane protein complex
KCNE5	9606.ENSP00000361173	COMPARTMENTS	GOCC:0110165	Cellular anatomical entity
KCNE5	9606.ENSP00000361173	COMPARTMENTS	GOCC:1902495	Transmembrane transporter complex
KCNE5	9606.ENSP00000361173	COMPARTMENTS	GOCC:1990351	Transporter complex
KCNE5	9606.ENSP00000361173	UniProt Keywords	KW-0023	Alport syndrome
KCNE5	9606.ENSP00000361173	UniProt Keywords	KW-0209	Deafness
KCNE5	9606.ENSP00000361173	UniProt Keywords	KW-0250	Elliptocytosis
KCNE5	9606.ENSP00000361173	UniProt Keywords	KW-0325	Glycoprotein
KCNE5	9606.ENSP00000361173	UniProt Keywords	KW-0360	Hereditary hemolytic anemia
KCNE5	9606.ENSP00000361173	UniProt Keywords	KW-0472	Membrane
KCNE5	9606.ENSP00000361173	UniProt Keywords	KW-0812	Transmembrane
KCNE5	9606.ENSP00000361173	UniProt Keywords	KW-1133	Transmembrane helix
KCNE5	9606.ENSP00000361173	Pfam	PF02060	Slow voltage-gated potassium channel
KCNE5	9606.ENSP00000361173	InterPro	IPR000369	Potassium channel, voltage-dependent, beta subunit, KCNE
KLF15	9606.ENSP00000296233	GO Process	GO:0001655	Urogenital system development
KLF15	9606.ENSP00000296233	GO Process	GO:0001678	Cellular glucose homeostasis
KLF15	9606.ENSP00000296233	GO Process	GO:0001822	Kidney development
KLF15	9606.ENSP00000296233	GO Process	GO:0003008	System process
KLF15	9606.ENSP00000296233	GO Process	GO:0003012	Muscle system process
KLF15	9606.ENSP00000296233	GO Process	GO:0003299	Muscle hypertrophy in response to stress
KLF15	9606.ENSP00000296233	GO Process	GO:0003300	Cardiac muscle hypertrophy
KLF15	9606.ENSP00000296233	GO Process	GO:0006355	Regulation of transcription, DNA-templated
KLF15	9606.ENSP00000296233	GO Process	GO:0006357	Regulation of transcription by RNA polymerase II
KLF15	9606.ENSP00000296233	GO Process	GO:0006950	Response to stress
KLF15	9606.ENSP00000296233	GO Process	GO:0007275	Multicellular organism development
KLF15	9606.ENSP00000296233	GO Process	GO:0007399	Nervous system development
KLF15	9606.ENSP00000296233	GO Process	GO:0009719	Response to endogenous stimulus
KLF15	9606.ENSP00000296233	GO Process	GO:0009725	Response to hormone
KLF15	9606.ENSP00000296233	GO Process	GO:0009888	Tissue development
KLF15	9606.ENSP00000296233	GO Process	GO:0009889	Regulation of biosynthetic process
KLF15	9606.ENSP00000296233	GO Process	GO:0009891	Positive regulation of biosynthetic process
KLF15	9606.ENSP00000296233	GO Process	GO:0009892	Negative regulation of metabolic process
KLF15	9606.ENSP00000296233	GO Process	GO:0009893	Positive regulation of metabolic process
KLF15	9606.ENSP00000296233	GO Process	GO:0009966	Regulation of signal transduction
KLF15	9606.ENSP00000296233	GO Process	GO:0009987	Cellular process
KLF15	9606.ENSP00000296233	GO Process	GO:0010001	Glial cell differentiation
KLF15	9606.ENSP00000296233	GO Process	GO:0010033	Response to organic substance
KLF15	9606.ENSP00000296233	GO Process	GO:0010243	Response to organonitrogen compound
KLF15	9606.ENSP00000296233	GO Process	GO:0010468	Regulation of gene expression
KLF15	9606.ENSP00000296233	GO Process	GO:0010556	Regulation of macromolecule biosynthetic process
KLF15	9606.ENSP00000296233	GO Process	GO:0010557	Positive regulation of macromolecule biosynthetic process
KLF15	9606.ENSP00000296233	GO Process	GO:0010604	Positive regulation of macromolecule metabolic process
KLF15	9606.ENSP00000296233	GO Process	GO:0010605	Negative regulation of macromolecule metabolic process
KLF15	9606.ENSP00000296233	GO Process	GO:0010646	Regulation of cell communication
KLF15	9606.ENSP00000296233	GO Process	GO:0010827	Regulation of glucose transmembrane transport
KLF15	9606.ENSP00000296233	GO Process	GO:0010828	Positive regulation of glucose transmembrane transport
KLF15	9606.ENSP00000296233	GO Process	GO:0014887	Cardiac muscle adaptation
KLF15	9606.ENSP00000296233	GO Process	GO:0014888	Striated muscle adaptation
KLF15	9606.ENSP00000296233	GO Process	GO:0014896	Muscle hypertrophy
KLF15	9606.ENSP00000296233	GO Process	GO:0014897	Striated muscle hypertrophy
KLF15	9606.ENSP00000296233	GO Process	GO:0014898	Cardiac muscle hypertrophy in response to stress
KLF15	9606.ENSP00000296233	GO Process	GO:0019219	Regulation of nucleobase-containing compound metabolic process
KLF15	9606.ENSP00000296233	GO Process	GO:0019222	Regulation of metabolic process
KLF15	9606.ENSP00000296233	GO Process	GO:0019725	Cellular homeostasis
KLF15	9606.ENSP00000296233	GO Process	GO:0022008	Neurogenesis
KLF15	9606.ENSP00000296233	GO Process	GO:0023051	Regulation of signaling
KLF15	9606.ENSP00000296233	GO Process	GO:0030111	Regulation of Wnt signaling pathway
KLF15	9606.ENSP00000296233	GO Process	GO:0030154	Cell differentiation
KLF15	9606.ENSP00000296233	GO Process	GO:0030855	Epithelial cell differentiation
KLF15	9606.ENSP00000296233	GO Process	GO:0031323	Regulation of cellular metabolic process
KLF15	9606.ENSP00000296233	GO Process	GO:0031325	Positive regulation of cellular metabolic process
KLF15	9606.ENSP00000296233	GO Process	GO:0031326	Regulation of cellular biosynthetic process
KLF15	9606.ENSP00000296233	GO Process	GO:0031328	Positive regulation of cellular biosynthetic process
KLF15	9606.ENSP00000296233	GO Process	GO:0031399	Regulation of protein modification process
KLF15	9606.ENSP00000296233	GO Process	GO:0031400	Negative regulation of protein modification process
KLF15	9606.ENSP00000296233	GO Process	GO:0032501	Multicellular organismal process
KLF15	9606.ENSP00000296233	GO Process	GO:0032502	Developmental process
KLF15	9606.ENSP00000296233	GO Process	GO:0032835	Glomerulus development
KLF15	9606.ENSP00000296233	GO Process	GO:0032868	Response to insulin
KLF15	9606.ENSP00000296233	GO Process	GO:0032879	Regulation of localization
KLF15	9606.ENSP00000296233	GO Process	GO:0033500	Carbohydrate homeostasis
KLF15	9606.ENSP00000296233	GO Process	GO:0034762	Regulation of transmembrane transport
KLF15	9606.ENSP00000296233	GO Process	GO:0034764	Positive regulation of transmembrane transport
KLF15	9606.ENSP00000296233	GO Process	GO:0035850	Epithelial cell differentiation involved in kidney development
KLF15	9606.ENSP00000296233	GO Process	GO:0042063	Gliogenesis
KLF15	9606.ENSP00000296233	GO Process	GO:0042221	Response to chemical
KLF15	9606.ENSP00000296233	GO Process	GO:0042592	Homeostatic process
KLF15	9606.ENSP00000296233	GO Process	GO:0042593	Glucose homeostasis
KLF15	9606.ENSP00000296233	GO Process	GO:0043434	Response to peptide hormone
KLF15	9606.ENSP00000296233	GO Process	GO:0043500	Muscle adaptation
KLF15	9606.ENSP00000296233	GO Process	GO:0045893	Positive regulation of transcription, DNA-templated
KLF15	9606.ENSP00000296233	GO Process	GO:0045935	Positive regulation of nucleobase-containing compound metabolic process
KLF15	9606.ENSP00000296233	GO Process	GO:0045944	Positive regulation of transcription by RNA polymerase II
KLF15	9606.ENSP00000296233	GO Process	GO:0046324	Regulation of glucose import
KLF15	9606.ENSP00000296233	GO Process	GO:0046326	Positive regulation of glucose import
KLF15	9606.ENSP00000296233	GO Process	GO:0048513	Animal organ development
KLF15	9606.ENSP00000296233	GO Process	GO:0048518	Positive regulation of biological process
KLF15	9606.ENSP00000296233	GO Process	GO:0048519	Negative regulation of biological process
KLF15	9606.ENSP00000296233	GO Process	GO:0048522	Positive regulation of cellular process
KLF15	9606.ENSP00000296233	GO Process	GO:0048583	Regulation of response to stimulus
KLF15	9606.ENSP00000296233	GO Process	GO:0048731	System development
KLF15	9606.ENSP00000296233	GO Process	GO:0048856	Anatomical structure development
KLF15	9606.ENSP00000296233	GO Process	GO:0048869	Cellular developmental process
KLF15	9606.ENSP00000296233	GO Process	GO:0048878	Chemical homeostasis
KLF15	9606.ENSP00000296233	GO Process	GO:0050789	Regulation of biological process
KLF15	9606.ENSP00000296233	GO Process	GO:0050794	Regulation of cellular process
KLF15	9606.ENSP00000296233	GO Process	GO:0050896	Response to stimulus
KLF15	9606.ENSP00000296233	GO Process	GO:0051049	Regulation of transport
KLF15	9606.ENSP00000296233	GO Process	GO:0051050	Positive regulation of transport
KLF15	9606.ENSP00000296233	GO Process	GO:0051171	Regulation of nitrogen compound metabolic process
KLF15	9606.ENSP00000296233	GO Process	GO:0051172	Negative regulation of nitrogen compound metabolic process
KLF15	9606.ENSP00000296233	GO Process	GO:0051173	Positive regulation of nitrogen compound metabolic process
KLF15	9606.ENSP00000296233	GO Process	GO:0051246	Regulation of protein metabolic process
KLF15	9606.ENSP00000296233	GO Process	GO:0051248	Negative regulation of protein metabolic process
KLF15	9606.ENSP00000296233	GO Process	GO:0051252	Regulation of RNA metabolic process
KLF15	9606.ENSP00000296233	GO Process	GO:0051254	Positive regulation of RNA metabolic process
KLF15	9606.ENSP00000296233	GO Process	GO:0051716	Cellular response to stimulus
KLF15	9606.ENSP00000296233	GO Process	GO:0055082	Cellular chemical homeostasis
KLF15	9606.ENSP00000296233	GO Process	GO:0060255	Regulation of macromolecule metabolic process
KLF15	9606.ENSP00000296233	GO Process	GO:0060429	Epithelium development
KLF15	9606.ENSP00000296233	GO Process	GO:0061005	Cell differentiation involved in kidney development
KLF15	9606.ENSP00000296233	GO Process	GO:0061318	Renal filtration cell differentiation
KLF15	9606.ENSP00000296233	GO Process	GO:0065007	Biological regulation
KLF15	9606.ENSP00000296233	GO Process	GO:0065008	Regulation of biological quality
KLF15	9606.ENSP00000296233	GO Process	GO:0070887	Cellular response to chemical stimulus
KLF15	9606.ENSP00000296233	GO Process	GO:0071310	Cellular response to organic substance
KLF15	9606.ENSP00000296233	GO Process	GO:0071417	Cellular response to organonitrogen compound
KLF15	9606.ENSP00000296233	GO Process	GO:0071495	Cellular response to endogenous stimulus
KLF15	9606.ENSP00000296233	GO Process	GO:0072001	Renal system development
KLF15	9606.ENSP00000296233	GO Process	GO:0072006	Nephron development
KLF15	9606.ENSP00000296233	GO Process	GO:0072009	Nephron epithelium development
KLF15	9606.ENSP00000296233	GO Process	GO:0072010	Glomerular epithelium development
KLF15	9606.ENSP00000296233	GO Process	GO:0072073	Kidney epithelium development
KLF15	9606.ENSP00000296233	GO Process	GO:0072112	Podocyte differentiation
KLF15	9606.ENSP00000296233	GO Process	GO:0072311	Glomerular epithelial cell differentiation
KLF15	9606.ENSP00000296233	GO Process	GO:0080090	Regulation of primary metabolic process
KLF15	9606.ENSP00000296233	GO Process	GO:1901652	Response to peptide
KLF15	9606.ENSP00000296233	GO Process	GO:1901653	Cellular response to peptide
KLF15	9606.ENSP00000296233	GO Process	GO:1901698	Response to nitrogen compound
KLF15	9606.ENSP00000296233	GO Process	GO:1901699	Cellular response to nitrogen compound
KLF15	9606.ENSP00000296233	GO Process	GO:1901700	Response to oxygen-containing compound
KLF15	9606.ENSP00000296233	GO Process	GO:1901701	Cellular response to oxygen-containing compound
KLF15	9606.ENSP00000296233	GO Process	GO:1901983	Regulation of protein acetylation
KLF15	9606.ENSP00000296233	GO Process	GO:1901984	Negative regulation of protein acetylation
KLF15	9606.ENSP00000296233	GO Process	GO:1902680	Positive regulation of RNA biosynthetic process
KLF15	9606.ENSP00000296233	GO Process	GO:1903506	Regulation of nucleic acid-templated transcription
KLF15	9606.ENSP00000296233	GO Process	GO:1903508	Positive regulation of nucleic acid-templated transcription
KLF15	9606.ENSP00000296233	GO Process	GO:2000756	Regulation of peptidyl-lysine acetylation
KLF15	9606.ENSP00000296233	GO Process	GO:2000757	Negative regulation of peptidyl-lysine acetylation
KLF15	9606.ENSP00000296233	GO Process	GO:2001141	Regulation of RNA biosynthetic process
KLF15	9606.ENSP00000296233	GO Function	GO:0000976	Transcription cis-regulatory region binding
KLF15	9606.ENSP00000296233	GO Function	GO:0000977	RNA polymerase II transcription regulatory region sequence-specific DNA binding
KLF15	9606.ENSP00000296233	GO Function	GO:0000978	RNA polymerase II cis-regulatory region sequence-specific DNA binding
KLF15	9606.ENSP00000296233	GO Function	GO:0000981	DNA-binding transcription factor activity, RNA polymerase II-specific
KLF15	9606.ENSP00000296233	GO Function	GO:0000987	Cis-regulatory region sequence-specific DNA binding
KLF15	9606.ENSP00000296233	GO Function	GO:0001067	Transcription regulatory region nucleic acid binding
KLF15	9606.ENSP00000296233	GO Function	GO:0001216	DNA-binding transcription activator activity
KLF15	9606.ENSP00000296233	GO Function	GO:0001228	DNA-binding transcription activator activity, RNA polymerase II-specific
KLF15	9606.ENSP00000296233	GO Function	GO:0003676	Nucleic acid binding
KLF15	9606.ENSP00000296233	GO Function	GO:0003677	DNA binding
KLF15	9606.ENSP00000296233	GO Function	GO:0003690	Double-stranded DNA binding
KLF15	9606.ENSP00000296233	GO Function	GO:0003700	DNA-binding transcription factor activity
KLF15	9606.ENSP00000296233	GO Function	GO:0005488	Binding
KLF15	9606.ENSP00000296233	GO Function	GO:0043167	Ion binding
KLF15	9606.ENSP00000296233	GO Function	GO:0043169	Cation binding
KLF15	9606.ENSP00000296233	GO Function	GO:0043565	Sequence-specific DNA binding
KLF15	9606.ENSP00000296233	GO Function	GO:0046872	Metal ion binding
KLF15	9606.ENSP00000296233	GO Function	GO:0097159	Organic cyclic compound binding
KLF15	9606.ENSP00000296233	GO Function	GO:0140110	Transcription regulator activity
KLF15	9606.ENSP00000296233	GO Function	GO:1901363	Heterocyclic compound binding
KLF15	9606.ENSP00000296233	GO Function	GO:1990837	Sequence-specific double-stranded DNA binding
KLF15	9606.ENSP00000296233	GO Component	GO:0000785	Chromatin
KLF15	9606.ENSP00000296233	GO Component	GO:0005622	Intracellular anatomical structure
KLF15	9606.ENSP00000296233	GO Component	GO:0005634	Nucleus
KLF15	9606.ENSP00000296233	GO Component	GO:0005654	Nucleoplasm
KLF15	9606.ENSP00000296233	GO Component	GO:0005694	Chromosome
KLF15	9606.ENSP00000296233	GO Component	GO:0016604	Nuclear body
KLF15	9606.ENSP00000296233	GO Component	GO:0016607	Nuclear speck
KLF15	9606.ENSP00000296233	GO Component	GO:0031974	Membrane-enclosed lumen
KLF15	9606.ENSP00000296233	GO Component	GO:0031981	Nuclear lumen
KLF15	9606.ENSP00000296233	GO Component	GO:0043226	Organelle
KLF15	9606.ENSP00000296233	GO Component	GO:0043227	Membrane-bounded organelle
KLF15	9606.ENSP00000296233	GO Component	GO:0043228	Non-membrane-bounded organelle
KLF15	9606.ENSP00000296233	GO Component	GO:0043229	Intracellular organelle
KLF15	9606.ENSP00000296233	GO Component	GO:0043231	Intracellular membrane-bounded organelle
KLF15	9606.ENSP00000296233	GO Component	GO:0043232	Intracellular non-membrane-bounded organelle
KLF15	9606.ENSP00000296233	GO Component	GO:0043233	Organelle lumen
KLF15	9606.ENSP00000296233	GO Component	GO:0070013	Intracellular organelle lumen
KLF15	9606.ENSP00000296233	GO Component	GO:0110165	Cellular anatomical entity
KLF15	9606.ENSP00000296233	STRING clusters	CL:29405	Mostly uncharacterized, incl. CRLF-CLCF1 complex, and Chromosome 17q11.2 deletion syndrome
KLF15	9606.ENSP00000296233	STRING clusters	CL:29406	Mostly uncharacterized, incl. Chromosome 17q11.2 deletion syndrome, and Axonemal outer doublet
KLF15	9606.ENSP00000296233	STRING clusters	CL:29407	Mostly uncharacterized, incl. Chromosome 17q11.2 deletion syndrome, and Axonemal outer doublet
KLF15	9606.ENSP00000296233	Reactome	HSA-1368108	BMAL1:CLOCK,NPAS2 activates circadian gene expression
KLF15	9606.ENSP00000296233	Reactome	HSA-400253	Circadian Clock
KLF15	9606.ENSP00000296233	WikiPathways	WP236	Adipogenesis
KLF15	9606.ENSP00000296233	WikiPathways	WP4149	White fat cell differentiation
KLF15	9606.ENSP00000296233	WikiPathways	WP4211	Transcriptional cascade regulating adipogenesis
KLF15	9606.ENSP00000296233	TISSUES	BTO:0000000	Tissues, cell types and enzyme sources
KLF15	9606.ENSP00000296233	TISSUES	BTO:0000042	Animal
KLF15	9606.ENSP00000296233	TISSUES	BTO:0000431	Excretory gland
KLF15	9606.ENSP00000296233	TISSUES	BTO:0000522	Gland
KLF15	9606.ENSP00000296233	TISSUES	BTO:0000671	Kidney
KLF15	9606.ENSP00000296233	TISSUES	BTO:0001244	Urinary tract
KLF15	9606.ENSP00000296233	TISSUES	BTO:0001489	Whole body
KLF15	9606.ENSP00000296233	TISSUES	BTO:0001491	Viscus
KLF15	9606.ENSP00000296233	TISSUES	BTO:0003091	Urogenital system
KLF15	9606.ENSP00000296233	TISSUES	BTO:0003092	Urinary system
KLF15	9606.ENSP00000296233	COMPARTMENTS	GOCC:0005622	Intracellular
KLF15	9606.ENSP00000296233	COMPARTMENTS	GOCC:0005634	Nucleus
KLF15	9606.ENSP00000296233	COMPARTMENTS	GOCC:0043226	Organelle
KLF15	9606.ENSP00000296233	COMPARTMENTS	GOCC:0043227	Membrane-bounded organelle
KLF15	9606.ENSP00000296233	COMPARTMENTS	GOCC:0043229	Intracellular organelle
KLF15	9606.ENSP00000296233	COMPARTMENTS	GOCC:0043231	Intracellular membrane-bounded organelle
KLF15	9606.ENSP00000296233	COMPARTMENTS	GOCC:0110165	Cellular anatomical entity
KLF15	9606.ENSP00000296233	Monarch	EFO:0007821	Hair morphology measurement
KLF15	9606.ENSP00000296233	Monarch	EFO:0007825	Balding measurement
KLF15	9606.ENSP00000296233	UniProt Keywords	KW-0010	Activator
KLF15	9606.ENSP00000296233	UniProt Keywords	KW-0238	DNA-binding
KLF15	9606.ENSP00000296233	UniProt Keywords	KW-0479	Metal-binding
KLF15	9606.ENSP00000296233	UniProt Keywords	KW-0539	Nucleus
KLF15	9606.ENSP00000296233	UniProt Keywords	KW-0677	Repeat
KLF15	9606.ENSP00000296233	UniProt Keywords	KW-0804	Transcription
KLF15	9606.ENSP00000296233	UniProt Keywords	KW-0805	Transcription regulation
KLF15	9606.ENSP00000296233	UniProt Keywords	KW-0862	Zinc
KLF15	9606.ENSP00000296233	UniProt Keywords	KW-0863	Zinc-finger
KLF15	9606.ENSP00000296233	InterPro	IPR013087	Zinc finger C2H2-type
KLF15	9606.ENSP00000296233	InterPro	IPR036236	Zinc finger C2H2 superfamily
KLF15	9606.ENSP00000296233	SMART	SM00355	Zinc finger
MPO	9606.ENSP00000225275	GO Process	GO:0000302	Response to reactive oxygen species
MPO	9606.ENSP00000225275	GO Process	GO:0000303	Response to superoxide
MPO	9606.ENSP00000225275	GO Process	GO:0000305	Response to oxygen radical
MPO	9606.ENSP00000225275	GO Process	GO:0001878	Response to yeast
MPO	9606.ENSP00000225275	GO Process	GO:0002148	Hypochlorous acid metabolic process
MPO	9606.ENSP00000225275	GO Process	GO:0002149	Hypochlorous acid biosynthetic process
MPO	9606.ENSP00000225275	GO Process	GO:0002237	Response to molecule of bacterial origin
MPO	9606.ENSP00000225275	GO Process	GO:0002252	Immune effector process
MPO	9606.ENSP00000225275	GO Process	GO:0002376	Immune system process
MPO	9606.ENSP00000225275	GO Process	GO:0002679	Respiratory burst involved in defense response
MPO	9606.ENSP00000225275	GO Process	GO:0006082	Organic acid metabolic process
MPO	9606.ENSP00000225275	GO Process	GO:0006801	Superoxide metabolic process
MPO	9606.ENSP00000225275	GO Process	GO:0006950	Response to stress
MPO	9606.ENSP00000225275	GO Process	GO:0006952	Defense response
MPO	9606.ENSP00000225275	GO Process	GO:0006979	Response to oxidative stress
MPO	9606.ENSP00000225275	GO Process	GO:0007568	Aging
MPO	9606.ENSP00000225275	GO Process	GO:0008152	Metabolic process
MPO	9606.ENSP00000225275	GO Process	GO:0009056	Catabolic process
MPO	9606.ENSP00000225275	GO Process	GO:0009058	Biosynthetic process
MPO	9606.ENSP00000225275	GO Process	GO:0009605	Response to external stimulus
MPO	9606.ENSP00000225275	GO Process	GO:0009607	Response to biotic stimulus
MPO	9606.ENSP00000225275	GO Process	GO:0009612	Response to mechanical stimulus
MPO	9606.ENSP00000225275	GO Process	GO:0009617	Response to bacterium
MPO	9606.ENSP00000225275	GO Process	GO:0009620	Response to fungus
MPO	9606.ENSP00000225275	GO Process	GO:0009628	Response to abiotic stimulus
MPO	9606.ENSP00000225275	GO Process	GO:0009636	Response to toxic substance
MPO	9606.ENSP00000225275	GO Process	GO:0009987	Cellular process
MPO	9606.ENSP00000225275	GO Process	GO:0009991	Response to extracellular stimulus
MPO	9606.ENSP00000225275	GO Process	GO:0010033	Response to organic substance
MPO	9606.ENSP00000225275	GO Process	GO:0010035	Response to inorganic substance
MPO	9606.ENSP00000225275	GO Process	GO:0010941	Regulation of cell death
MPO	9606.ENSP00000225275	GO Process	GO:0016043	Cellular component organization
MPO	9606.ENSP00000225275	GO Process	GO:0019430	Removal of superoxide radicals
MPO	9606.ENSP00000225275	GO Process	GO:0031667	Response to nutrient levels
MPO	9606.ENSP00000225275	GO Process	GO:0032094	Response to food
MPO	9606.ENSP00000225275	GO Process	GO:0032496	Response to lipopolysaccharide
MPO	9606.ENSP00000225275	GO Process	GO:0032501	Multicellular organismal process
MPO	9606.ENSP00000225275	GO Process	GO:0032502	Developmental process
MPO	9606.ENSP00000225275	GO Process	GO:0033554	Cellular response to stress
MPO	9606.ENSP00000225275	GO Process	GO:0033993	Response to lipid
MPO	9606.ENSP00000225275	GO Process	GO:0034367	Protein-containing complex remodeling
MPO	9606.ENSP00000225275	GO Process	GO:0034368	Protein-lipid complex remodeling
MPO	9606.ENSP00000225275	GO Process	GO:0034369	Plasma lipoprotein particle remodeling
MPO	9606.ENSP00000225275	GO Process	GO:0034374	Low-density lipoprotein particle remodeling
MPO	9606.ENSP00000225275	GO Process	GO:0034599	Cellular response to oxidative stress
MPO	9606.ENSP00000225275	GO Process	GO:0034614	Cellular response to reactive oxygen species
MPO	9606.ENSP00000225275	GO Process	GO:0042221	Response to chemical
MPO	9606.ENSP00000225275	GO Process	GO:0042742	Defense response to bacterium
MPO	9606.ENSP00000225275	GO Process	GO:0042743	Hydrogen peroxide metabolic process
MPO	9606.ENSP00000225275	GO Process	GO:0042744	Hydrogen peroxide catabolic process
MPO	9606.ENSP00000225275	GO Process	GO:0042981	Regulation of apoptotic process
MPO	9606.ENSP00000225275	GO Process	GO:0043066	Negative regulation of apoptotic process
MPO	9606.ENSP00000225275	GO Process	GO:0043067	Regulation of programmed cell death
MPO	9606.ENSP00000225275	GO Process	GO:0043069	Negative regulation of programmed cell death
MPO	9606.ENSP00000225275	GO Process	GO:0043207	Response to external biotic stimulus
MPO	9606.ENSP00000225275	GO Process	GO:0043436	Oxoacid metabolic process
MPO	9606.ENSP00000225275	GO Process	GO:0043933	Protein-containing complex organization
MPO	9606.ENSP00000225275	GO Process	GO:0044237	Cellular metabolic process
MPO	9606.ENSP00000225275	GO Process	GO:0044248	Cellular catabolic process
MPO	9606.ENSP00000225275	GO Process	GO:0044281	Small molecule metabolic process
MPO	9606.ENSP00000225275	GO Process	GO:0044283	Small molecule biosynthetic process
MPO	9606.ENSP00000225275	GO Process	GO:0044419	Biological process involved in interspecies interaction between organisms
MPO	9606.ENSP00000225275	GO Process	GO:0045730	Respiratory burst
MPO	9606.ENSP00000225275	GO Process	GO:0048519	Negative regulation of biological process
MPO	9606.ENSP00000225275	GO Process	GO:0048523	Negative regulation of cellular process
MPO	9606.ENSP00000225275	GO Process	GO:0050789	Regulation of biological process
MPO	9606.ENSP00000225275	GO Process	GO:0050794	Regulation of cellular process
MPO	9606.ENSP00000225275	GO Process	GO:0050832	Defense response to fungus
MPO	9606.ENSP00000225275	GO Process	GO:0050896	Response to stimulus
MPO	9606.ENSP00000225275	GO Process	GO:0051707	Response to other organism
MPO	9606.ENSP00000225275	GO Process	GO:0051716	Cellular response to stimulus
MPO	9606.ENSP00000225275	GO Process	GO:0060548	Negative regulation of cell death
MPO	9606.ENSP00000225275	GO Process	GO:0062197	Cellular response to chemical stress
MPO	9606.ENSP00000225275	GO Process	GO:0065007	Biological regulation
MPO	9606.ENSP00000225275	GO Process	GO:0070887	Cellular response to chemical stimulus
MPO	9606.ENSP00000225275	GO Process	GO:0071450	Cellular response to oxygen radical
MPO	9606.ENSP00000225275	GO Process	GO:0071451	Cellular response to superoxide
MPO	9606.ENSP00000225275	GO Process	GO:0071704	Organic substance metabolic process
MPO	9606.ENSP00000225275	GO Process	GO:0071825	Protein-lipid complex subunit organization
MPO	9606.ENSP00000225275	GO Process	GO:0071827	Plasma lipoprotein particle organization
MPO	9606.ENSP00000225275	GO Process	GO:0071840	Cellular component organization or biogenesis
MPO	9606.ENSP00000225275	GO Process	GO:0072593	Reactive oxygen species metabolic process
MPO	9606.ENSP00000225275	GO Process	GO:0097006	Regulation of plasma lipoprotein particle levels
MPO	9606.ENSP00000225275	GO Process	GO:0097237	Cellular response to toxic substance
MPO	9606.ENSP00000225275	GO Process	GO:0098542	Defense response to other organism
MPO	9606.ENSP00000225275	GO Process	GO:0098754	Detoxification
MPO	9606.ENSP00000225275	GO Process	GO:0098869	Cellular oxidant detoxification
MPO	9606.ENSP00000225275	GO Process	GO:1901700	Response to oxygen-containing compound
MPO	9606.ENSP00000225275	GO Process	GO:1901701	Cellular response to oxygen-containing compound
MPO	9606.ENSP00000225275	GO Process	GO:1903409	Reactive oxygen species biosynthetic process
MPO	9606.ENSP00000225275	GO Process	GO:1990267	Response to transition metal nanoparticle
MPO	9606.ENSP00000225275	GO Process	GO:1990268	Response to gold nanoparticle
MPO	9606.ENSP00000225275	GO Process	GO:1990748	Cellular detoxification
MPO	9606.ENSP00000225275	GO Function	GO:0003682	Chromatin binding
MPO	9606.ENSP00000225275	GO Function	GO:0003824	Catalytic activity
MPO	9606.ENSP00000225275	GO Function	GO:0004601	Peroxidase activity
MPO	9606.ENSP00000225275	GO Function	GO:0005488	Binding
MPO	9606.ENSP00000225275	GO Function	GO:0005539	Glycosaminoglycan binding
MPO	9606.ENSP00000225275	GO Function	GO:0008201	Heparin binding
MPO	9606.ENSP00000225275	GO Function	GO:0016209	Antioxidant activity
MPO	9606.ENSP00000225275	GO Function	GO:0016491	Oxidoreductase activity
MPO	9606.ENSP00000225275	GO Function	GO:0016684	Oxidoreductase activity, acting on peroxide as acceptor
MPO	9606.ENSP00000225275	GO Function	GO:0020037	Heme binding
MPO	9606.ENSP00000225275	GO Function	GO:0043167	Ion binding
MPO	9606.ENSP00000225275	GO Function	GO:0043169	Cation binding
MPO	9606.ENSP00000225275	GO Function	GO:0046872	Metal ion binding
MPO	9606.ENSP00000225275	GO Function	GO:0046906	Tetrapyrrole binding
MPO	9606.ENSP00000225275	GO Function	GO:0097159	Organic cyclic compound binding
MPO	9606.ENSP00000225275	GO Function	GO:0097367	Carbohydrate derivative binding
MPO	9606.ENSP00000225275	GO Function	GO:1901363	Heterocyclic compound binding
MPO	9606.ENSP00000225275	GO Function	GO:1901681	Sulfur compound binding
MPO	9606.ENSP00000225275	GO Component	GO:0000323	Lytic vacuole
MPO	9606.ENSP00000225275	GO Component	GO:0005576	Extracellular region
MPO	9606.ENSP00000225275	GO Component	GO:0005615	Extracellular space
MPO	9606.ENSP00000225275	GO Component	GO:0005622	Intracellular anatomical structure
MPO	9606.ENSP00000225275	GO Component	GO:0005634	Nucleus
MPO	9606.ENSP00000225275	GO Component	GO:0005654	Nucleoplasm
MPO	9606.ENSP00000225275	GO Component	GO:0005737	Cytoplasm
MPO	9606.ENSP00000225275	GO Component	GO:0005764	Lysosome
MPO	9606.ENSP00000225275	GO Component	GO:0005766	Primary lysosome
MPO	9606.ENSP00000225275	GO Component	GO:0005773	Vacuole
MPO	9606.ENSP00000225275	GO Component	GO:0005775	Vacuolar lumen
MPO	9606.ENSP00000225275	GO Component	GO:0012505	Endomembrane system
MPO	9606.ENSP00000225275	GO Component	GO:0030139	Endocytic vesicle
MPO	9606.ENSP00000225275	GO Component	GO:0030141	Secretory granule
MPO	9606.ENSP00000225275	GO Component	GO:0031410	Cytoplasmic vesicle
MPO	9606.ENSP00000225275	GO Component	GO:0031974	Membrane-enclosed lumen
MPO	9606.ENSP00000225275	GO Component	GO:0031981	Nuclear lumen
MPO	9606.ENSP00000225275	GO Component	GO:0031982	Vesicle
MPO	9606.ENSP00000225275	GO Component	GO:0031983	Vesicle lumen
MPO	9606.ENSP00000225275	GO Component	GO:0034774	Secretory granule lumen
MPO	9606.ENSP00000225275	GO Component	GO:0035578	Azurophil granule lumen
MPO	9606.ENSP00000225275	GO Component	GO:0042582	Azurophil granule
MPO	9606.ENSP00000225275	GO Component	GO:0043226	Organelle
MPO	9606.ENSP00000225275	GO Component	GO:0043227	Membrane-bounded organelle
MPO	9606.ENSP00000225275	GO Component	GO:0043229	Intracellular organelle
MPO	9606.ENSP00000225275	GO Component	GO:0043230	Extracellular organelle
MPO	9606.ENSP00000225275	GO Component	GO:0043231	Intracellular membrane-bounded organelle
MPO	9606.ENSP00000225275	GO Component	GO:0043233	Organelle lumen
MPO	9606.ENSP00000225275	GO Component	GO:0045335	Phagocytic vesicle
MPO	9606.ENSP00000225275	GO Component	GO:0060205	Cytoplasmic vesicle lumen
MPO	9606.ENSP00000225275	GO Component	GO:0065010	Extracellular membrane-bounded organelle
MPO	9606.ENSP00000225275	GO Component	GO:0070013	Intracellular organelle lumen
MPO	9606.ENSP00000225275	GO Component	GO:0070062	Extracellular exosome
MPO	9606.ENSP00000225275	GO Component	GO:0071682	Endocytic vesicle lumen
MPO	9606.ENSP00000225275	GO Component	GO:0097013	Phagocytic vesicle lumen
MPO	9606.ENSP00000225275	GO Component	GO:0097708	Intracellular vesicle
MPO	9606.ENSP00000225275	GO Component	GO:0099503	Secretory vesicle
MPO	9606.ENSP00000225275	GO Component	GO:0110165	Cellular anatomical entity
MPO	9606.ENSP00000225275	GO Component	GO:1903561	Extracellular vesicle
MPO	9606.ENSP00000225275	STRING clusters	CL:19114	Mixed, incl. S100/CaBP-9k-type, calcium binding, subdomain, and Cystatin superfamily
MPO	9606.ENSP00000225275	STRING clusters	CL:19115	Mixed, incl. Cystatin superfamily, and Specific granule lumen
MPO	9606.ENSP00000225275	STRING clusters	CL:19181	Mixed, incl. Specific granule lumen, and Mononeuritis multiplex
MPO	9606.ENSP00000225275	STRING clusters	CL:19183	Mixed, incl. Neutrophil mediated cytotoxicity, and Mononeuritis multiplex
MPO	9606.ENSP00000225275	STRING clusters	CL:19185	Mixed, incl. Neutrophil mediated cytotoxicity, and Mononeuritis multiplex
MPO	9606.ENSP00000225275	STRING clusters	CL:19188	Mixed, incl. Mononeuritis multiplex, and Neutrophil mediated cytotoxicity
MPO	9606.ENSP00000225275	STRING clusters	CL:19191	Mononeuritis multiplex, and Neutrophil mediated cytotoxicity
MPO	9606.ENSP00000225275	KEGG	hsa00983	Drug metabolism - other enzymes
MPO	9606.ENSP00000225275	KEGG	hsa04145	Phagosome
MPO	9606.ENSP00000225275	KEGG	hsa05202	Transcriptional misregulation in cancer
MPO	9606.ENSP00000225275	KEGG	hsa05221	Acute myeloid leukemia
MPO	9606.ENSP00000225275	Reactome	HSA-1222556	ROS and RNS production in phagocytes
MPO	9606.ENSP00000225275	Reactome	HSA-168249	Innate Immune System
MPO	9606.ENSP00000225275	Reactome	HSA-168256	Immune System
MPO	9606.ENSP00000225275	Reactome	HSA-6798695	Neutrophil degranulation
MPO	9606.ENSP00000225275	Reactome	HSA-8941413	Events associated with phagocytolytic activity of PMN cells
MPO	9606.ENSP00000225275	WikiPathways	WP15	Selenium micronutrient network
MPO	9606.ENSP00000225275	WikiPathways	WP1533	Vitamin B12 metabolism
MPO	9606.ENSP00000225275	WikiPathways	WP176	Folate metabolism
MPO	9606.ENSP00000225275	WikiPathways	WP3891	Benzene metabolism
MPO	9606.ENSP00000225275	DISEASES	DOID:0050161	Lower respiratory tract disease
MPO	9606.ENSP00000225275	DISEASES	DOID:0050686	Organ system cancer
MPO	9606.ENSP00000225275	DISEASES	DOID:0060049	Autoimmune disease of urogenital tract
MPO	9606.ENSP00000225275	DISEASES	DOID:0060050	Autoimmune disease of blood
MPO	9606.ENSP00000225275	DISEASES	DOID:10952	Nephritis
MPO	9606.ENSP00000225275	DISEASES	DOID:1188	Mononeuropathy
MPO	9606.ENSP00000225275	DISEASES	DOID:12132	Granulomatosis with polyangiitis
MPO	9606.ENSP00000225275	DISEASES	DOID:1240	Leukemia
MPO	9606.ENSP00000225275	DISEASES	DOID:1287	Cardiovascular system disease
MPO	9606.ENSP00000225275	DISEASES	DOID:13138	Acute proliferative glomerulonephritis
MPO	9606.ENSP00000225275	DISEASES	DOID:13139	Crescentic glomerulonephritis
MPO	9606.ENSP00000225275	DISEASES	DOID:14566	Disease of cellular proliferation
MPO	9606.ENSP00000225275	DISEASES	DOID:1579	Respiratory system disease
MPO	9606.ENSP00000225275	DISEASES	DOID:16	Integumentary system disease
MPO	9606.ENSP00000225275	DISEASES	DOID:162	Cancer
MPO	9606.ENSP00000225275	DISEASES	DOID:178	Vascular disease
MPO	9606.ENSP00000225275	DISEASES	DOID:18	Urinary system disease
MPO	9606.ENSP00000225275	DISEASES	DOID:1802	Mononeuritis
MPO	9606.ENSP00000225275	DISEASES	DOID:1835	Mononeuritis multiplex
MPO	9606.ENSP00000225275	DISEASES	DOID:2531	Hematologic cancer
MPO	9606.ENSP00000225275	DISEASES	DOID:2914	Immune system disease
MPO	9606.ENSP00000225275	DISEASES	DOID:2921	Glomerulonephritis
MPO	9606.ENSP00000225275	DISEASES	DOID:3049	Churg-Strauss syndrome
MPO	9606.ENSP00000225275	DISEASES	DOID:37	Skin disease
MPO	9606.ENSP00000225275	DISEASES	DOID:4	Disease
MPO	9606.ENSP00000225275	DISEASES	DOID:417	Autoimmune disease
MPO	9606.ENSP00000225275	DISEASES	DOID:4776	Rapidly progressive glomerulonephritis
MPO	9606.ENSP00000225275	DISEASES	DOID:557	Kidney disease
MPO	9606.ENSP00000225275	DISEASES	DOID:572	Mononeuritis of upper limb and mononeuritis multiplex
MPO	9606.ENSP00000225275	DISEASES	DOID:574	Peripheral nervous system disease
MPO	9606.ENSP00000225275	DISEASES	DOID:6004	Aleukemic leukemia
MPO	9606.ENSP00000225275	DISEASES	DOID:612	Primary immunodeficiency disease
MPO	9606.ENSP00000225275	DISEASES	DOID:7	Disease of anatomical entity
MPO	9606.ENSP00000225275	DISEASES	DOID:74	Hematopoietic system disease
MPO	9606.ENSP00000225275	DISEASES	DOID:850	Lung disease
MPO	9606.ENSP00000225275	DISEASES	DOID:863	Nervous system disease
MPO	9606.ENSP00000225275	DISEASES	DOID:865	Vasculitis
MPO	9606.ENSP00000225275	DISEASES	DOID:8683	Myeloid sarcoma
MPO	9606.ENSP00000225275	DISEASES	DOID:870	Neuropathy
MPO	9606.ENSP00000225275	DISEASES	DOID:9808	Goodpasture syndrome
MPO	9606.ENSP00000225275	TISSUES	BTO:0000000	Tissues, cell types and enzyme sources
MPO	9606.ENSP00000225275	TISSUES	BTO:0000042	Animal
MPO	9606.ENSP00000225275	TISSUES	BTO:0000089	Blood
MPO	9606.ENSP00000225275	TISSUES	BTO:0000130	Neutrophil
MPO	9606.ENSP00000225275	TISSUES	BTO:0000141	Bone marrow
MPO	9606.ENSP00000225275	TISSUES	BTO:0000345	Digestive gland
MPO	9606.ENSP00000225275	TISSUES	BTO:0000392	Plasma cell
MPO	9606.ENSP00000225275	TISSUES	BTO:0000522	Gland
MPO	9606.ENSP00000225275	TISSUES	BTO:0000539	Granulocyte
MPO	9606.ENSP00000225275	TISSUES	BTO:0000570	Hematopoietic system
MPO	9606.ENSP00000225275	TISSUES	BTO:0000574	Hematopoietic cell
MPO	9606.ENSP00000225275	TISSUES	BTO:0000580	Blood cancer cell
MPO	9606.ENSP00000225275	TISSUES	BTO:0000751	Leukocyte
MPO	9606.ENSP00000225275	TISSUES	BTO:0000759	Liver
MPO	9606.ENSP00000225275	TISSUES	BTO:0001044	Phagocyte
MPO	9606.ENSP00000225275	TISSUES	BTO:0001202	Saliva
MPO	9606.ENSP00000225275	TISSUES	BTO:0001271	Leukemia cell
MPO	9606.ENSP00000225275	TISSUES	BTO:0001486	Skeletal system
MPO	9606.ENSP00000225275	TISSUES	BTO:0001488	Endocrine gland
MPO	9606.ENSP00000225275	TISSUES	BTO:0001489	Whole body
MPO	9606.ENSP00000225275	TISSUES	BTO:0001491	Viscus
MPO	9606.ENSP00000225275	TISSUES	BTO:0003473	Polymorphonuclear neutrophil
MPO	9606.ENSP00000225275	TISSUES	BTO:0004850	Bone marrow cell
MPO	9606.ENSP00000225275	COMPARTMENTS	GOCC:0000323	Lytic vacuole
MPO	9606.ENSP00000225275	COMPARTMENTS	GOCC:0005576	Extracellular region
MPO	9606.ENSP00000225275	COMPARTMENTS	GOCC:0005615	Extracellular space
MPO	9606.ENSP00000225275	COMPARTMENTS	GOCC:0005622	Intracellular
MPO	9606.ENSP00000225275	COMPARTMENTS	GOCC:0005634	Nucleus
MPO	9606.ENSP00000225275	COMPARTMENTS	GOCC:0005737	Cytoplasm
MPO	9606.ENSP00000225275	COMPARTMENTS	GOCC:0005764	Lysosome
MPO	9606.ENSP00000225275	COMPARTMENTS	GOCC:0005766	Primary lysosome
MPO	9606.ENSP00000225275	COMPARTMENTS	GOCC:0005773	Vacuole
MPO	9606.ENSP00000225275	COMPARTMENTS	GOCC:0005775	Vacuolar lumen
MPO	9606.ENSP00000225275	COMPARTMENTS	GOCC:0012505	Endomembrane system
MPO	9606.ENSP00000225275	COMPARTMENTS	GOCC:0030139	Endocytic vesicle
MPO	9606.ENSP00000225275	COMPARTMENTS	GOCC:0030141	Secretory granule
MPO	9606.ENSP00000225275	COMPARTMENTS	GOCC:0031410	Cytoplasmic vesicle
MPO	9606.ENSP00000225275	COMPARTMENTS	GOCC:0031974	Membrane-enclosed lumen
MPO	9606.ENSP00000225275	COMPARTMENTS	GOCC:0031982	Vesicle
MPO	9606.ENSP00000225275	COMPARTMENTS	GOCC:0031983	Vesicle lumen
MPO	9606.ENSP00000225275	COMPARTMENTS	GOCC:0034774	Secretory granule lumen
MPO	9606.ENSP00000225275	COMPARTMENTS	GOCC:0035578	Azurophil granule lumen
MPO	9606.ENSP00000225275	COMPARTMENTS	GOCC:0042582	Azurophil granule
MPO	9606.ENSP00000225275	COMPARTMENTS	GOCC:0043226	Organelle
MPO	9606.ENSP00000225275	COMPARTMENTS	GOCC:0043227	Membrane-bounded organelle
MPO	9606.ENSP00000225275	COMPARTMENTS	GOCC:0043228	Non-membrane-bounded organelle
MPO	9606.ENSP00000225275	COMPARTMENTS	GOCC:0043229	Intracellular organelle
MPO	9606.ENSP00000225275	COMPARTMENTS	GOCC:0043230	Extracellular organelle
MPO	9606.ENSP00000225275	COMPARTMENTS	GOCC:0043231	Intracellular membrane-bounded organelle
MPO	9606.ENSP00000225275	COMPARTMENTS	GOCC:0043233	Organelle lumen
MPO	9606.ENSP00000225275	COMPARTMENTS	GOCC:0043264	Extracellular non-membrane-bounded organelle
MPO	9606.ENSP00000225275	COMPARTMENTS	GOCC:0045335	Phagocytic vesicle
MPO	9606.ENSP00000225275	COMPARTMENTS	GOCC:0060205	Cytoplasmic vesicle lumen
MPO	9606.ENSP00000225275	COMPARTMENTS	GOCC:0065010	Extracellular membrane-bounded organelle
MPO	9606.ENSP00000225275	COMPARTMENTS	GOCC:0070013	Intracellular organelle lumen
MPO	9606.ENSP00000225275	COMPARTMENTS	GOCC:0070062	Extracellular exosome
MPO	9606.ENSP00000225275	COMPARTMENTS	GOCC:0071682	Endocytic vesicle lumen
MPO	9606.ENSP00000225275	COMPARTMENTS	GOCC:0097013	Phagocytic vesicle lumen
MPO	9606.ENSP00000225275	COMPARTMENTS	GOCC:0097708	Intracellular vesicle
MPO	9606.ENSP00000225275	COMPARTMENTS	GOCC:0099503	Secretory vesicle
MPO	9606.ENSP00000225275	COMPARTMENTS	GOCC:0110165	Cellular anatomical entity
MPO	9606.ENSP00000225275	COMPARTMENTS	GOCC:1903561	Extracellular vesicle
MPO	9606.ENSP00000225275	Monarch	EFO:0003892	Pulmonary function measurement
MPO	9606.ENSP00000225275	Monarch	EFO:0004298	Cardiovascular measurement
MPO	9606.ENSP00000225275	Monarch	EFO:0004308	Leukocyte count
MPO	9606.ENSP00000225275	Monarch	EFO:0004503	Hematological measurement
MPO	9606.ENSP00000225275	Monarch	EFO:0004586	Complete blood cell count
MPO	9606.ENSP00000225275	Monarch	EFO:0004587	Lymphocyte count
MPO	9606.ENSP00000225275	Monarch	EFO:0004713	FEV/FEC ratio
MPO	9606.ENSP00000225275	Monarch	EFO:0004747	Protein measurement
MPO	9606.ENSP00000225275	Monarch	EFO:0004833	Neutrophil count
MPO	9606.ENSP00000225275	Monarch	EFO:0004842	Eosinophil count
MPO	9606.ENSP00000225275	Monarch	EFO:0004872	Inflammatory biomarker measurement
MPO	9606.ENSP00000225275	Monarch	EFO:0005090	Basophil count
MPO	9606.ENSP00000225275	Monarch	EFO:0005091	Monocyte count
MPO	9606.ENSP00000225275	Monarch	EFO:0005243	Myeloperoxidase measurement
MPO	9606.ENSP00000225275	Monarch	EFO:0005278	Cardiovascular disease biomarker measurement
MPO	9606.ENSP00000225275	Monarch	EFO:0006841	Respiratory disease biomarker
MPO	9606.ENSP00000225275	Monarch	EFO:0006843	Infectious disease biomarker
MPO	9606.ENSP00000225275	Monarch	EFO:0007937	Blood protein measurement
MPO	9606.ENSP00000225275	Monarch	EFO:0007987	Granulocyte count
MPO	9606.ENSP00000225275	Monarch	EFO:0007988	Myeloid white cell count
MPO	9606.ENSP00000225275	Monarch	EFO:0007989	Monocyte percentage of leukocytes
MPO	9606.ENSP00000225275	Monarch	EFO:0007990	Neutrophil percentage of leukocytes
MPO	9606.ENSP00000225275	Monarch	EFO:0007992	Basophil percentage of leukocytes
MPO	9606.ENSP00000225275	Monarch	EFO:0007993	Lymphocyte percentage of leukocytes
MPO	9606.ENSP00000225275	Monarch	HP:0000118	Phenotypic abnormality
MPO	9606.ENSP00000225275	Monarch	HP:0001871	Abnormality of blood and blood-forming tissues
MPO	9606.ENSP00000225275	Monarch	HP:0001939	Abnormality of metabolism/homeostasis
MPO	9606.ENSP00000225275	Monarch	HP:0002715	Abnormality of the immune system
MPO	9606.ENSP00000225275	UniProt Keywords	KW-0025	Alternative splicing
MPO	9606.ENSP00000225275	UniProt Keywords	KW-0106	Calcium
MPO	9606.ENSP00000225275	UniProt Keywords	KW-0325	Glycoprotein
MPO	9606.ENSP00000225275	UniProt Keywords	KW-0349	Heme
MPO	9606.ENSP00000225275	UniProt Keywords	KW-0376	Hydrogen peroxide
MPO	9606.ENSP00000225275	UniProt Keywords	KW-0408	Iron
MPO	9606.ENSP00000225275	UniProt Keywords	KW-0458	Lysosome
MPO	9606.ENSP00000225275	UniProt Keywords	KW-0479	Metal-binding
MPO	9606.ENSP00000225275	UniProt Keywords	KW-0558	Oxidation
MPO	9606.ENSP00000225275	UniProt Keywords	KW-0560	Oxidoreductase
MPO	9606.ENSP00000225275	UniProt Keywords	KW-0575	Peroxidase
MPO	9606.ENSP00000225275	UniProt Keywords	KW-0732	Signal
MPO	9606.ENSP00000225275	UniProt Keywords	KW-1015	Disulfide bond
MPO	9606.ENSP00000225275	Pfam	PF03098	Animal haem peroxidase
MPO	9606.ENSP00000225275	InterPro	IPR010255	Haem peroxidase superfamily
MPO	9606.ENSP00000225275	InterPro	IPR019791	Haem peroxidase, animal-type
MPO	9606.ENSP00000225275	InterPro	IPR037120	Haem peroxidase domain superfamily, animal type
NAT16	9606.ENSP00000300303	GO Function	GO:0003824	Catalytic activity
NAT16	9606.ENSP00000300303	GO Function	GO:0008080	N-acetyltransferase activity
NAT16	9606.ENSP00000300303	GO Function	GO:0016407	Acetyltransferase activity
NAT16	9606.ENSP00000300303	GO Function	GO:0016410	N-acyltransferase activity
NAT16	9606.ENSP00000300303	GO Function	GO:0016740	Transferase activity
NAT16	9606.ENSP00000300303	GO Function	GO:0016746	Acyltransferase activity
NAT16	9606.ENSP00000300303	GO Function	GO:0016747	Acyltransferase activity, transferring groups other than amino-acyl groups
NAT16	9606.ENSP00000300303	STRING clusters	CL:7712	Mostly uncharacterized, incl. NUT family, and Rap/Ran-GAP domain
NAT16	9606.ENSP00000300303	STRING clusters	CL:7770	Mostly uncharacterized, incl. Suppressor-of-White-APricot splicing regulator, and K homology RNA-binding domain
NAT16	9606.ENSP00000300303	STRING clusters	CL:7771	Mixed, incl. K homology RNA-binding domain, and U1-like zinc finger
NAT16	9606.ENSP00000300303	COMPARTMENTS	GOCC:0032991	Protein-containing complex
NAT16	9606.ENSP00000300303	COMPARTMENTS	GOCC:0150005	Enzyme activator complex
NAT16	9606.ENSP00000300303	COMPARTMENTS	GOCC:1902694	Superoxide dismutase copper chaperone complex
NAT16	9606.ENSP00000300303	COMPARTMENTS	GOCC:1902695	Metallochaperone complex
NAT16	9606.ENSP00000300303	Monarch	EFO:0004725	Metabolite measurement
NAT16	9606.ENSP00000300303	Monarch	EFO:0005653	Serum metabolite measurement
NAT16	9606.ENSP00000300303	UniProt Keywords	KW-0012	Acyltransferase
NAT16	9606.ENSP00000300303	UniProt Keywords	KW-0025	Alternative splicing
NAT16	9606.ENSP00000300303	UniProt Keywords	KW-0808	Transferase
NAT16	9606.ENSP00000300303	InterPro	IPR000182	GNAT domain
NAT16	9606.ENSP00000300303	InterPro	IPR016181	Acyl-CoA N-acyltransferase
PRKX	9606.ENSP00000262848	GO Process	GO:0001525	Angiogenesis
PRKX	9606.ENSP00000262848	GO Process	GO:0001568	Blood vessel development
PRKX	9606.ENSP00000262848	GO Process	GO:0001655	Urogenital system development
PRKX	9606.ENSP00000262848	GO Process	GO:0001667	Ameboidal-type cell migration
PRKX	9606.ENSP00000262848	GO Process	GO:0001822	Kidney development
PRKX	9606.ENSP00000262848	GO Process	GO:0001935	Endothelial cell proliferation
PRKX	9606.ENSP00000262848	GO Process	GO:0001944	Vasculature development
PRKX	9606.ENSP00000262848	GO Process	GO:0002009	Morphogenesis of an epithelium
PRKX	9606.ENSP00000262848	GO Process	GO:0002376	Immune system process
PRKX	9606.ENSP00000262848	GO Process	GO:0002520	Immune system development
PRKX	9606.ENSP00000262848	GO Process	GO:0006468	Protein phosphorylation
PRKX	9606.ENSP00000262848	GO Process	GO:0006793	Phosphorus metabolic process
PRKX	9606.ENSP00000262848	GO Process	GO:0006796	Phosphate-containing compound metabolic process
PRKX	9606.ENSP00000262848	GO Process	GO:0006807	Nitrogen compound metabolic process
PRKX	9606.ENSP00000262848	GO Process	GO:0007154	Cell communication
PRKX	9606.ENSP00000262848	GO Process	GO:0007155	Cell adhesion
PRKX	9606.ENSP00000262848	GO Process	GO:0007165	Signal transduction
PRKX	9606.ENSP00000262848	GO Process	GO:0007275	Multicellular organism development
PRKX	9606.ENSP00000262848	GO Process	GO:0008152	Metabolic process
PRKX	9606.ENSP00000262848	GO Process	GO:0008283	Cell population proliferation
PRKX	9606.ENSP00000262848	GO Process	GO:0009653	Anatomical structure morphogenesis
PRKX	9606.ENSP00000262848	GO Process	GO:0009887	Animal organ morphogenesis
PRKX	9606.ENSP00000262848	GO Process	GO:0009888	Tissue development
PRKX	9606.ENSP00000262848	GO Process	GO:0009987	Cellular process
PRKX	9606.ENSP00000262848	GO Process	GO:0010631	Epithelial cell migration
PRKX	9606.ENSP00000262848	GO Process	GO:0016310	Phosphorylation
PRKX	9606.ENSP00000262848	GO Process	GO:0016477	Cell migration
PRKX	9606.ENSP00000262848	GO Process	GO:0018105	Peptidyl-serine phosphorylation
PRKX	9606.ENSP00000262848	GO Process	GO:0018193	Peptidyl-amino acid modification
PRKX	9606.ENSP00000262848	GO Process	GO:0018209	Peptidyl-serine modification
PRKX	9606.ENSP00000262848	GO Process	GO:0019538	Protein metabolic process
PRKX	9606.ENSP00000262848	GO Process	GO:0023052	Signaling
PRKX	9606.ENSP00000262848	GO Process	GO:0030097	Hemopoiesis
PRKX	9606.ENSP00000262848	GO Process	GO:0030099	Myeloid cell differentiation
PRKX	9606.ENSP00000262848	GO Process	GO:0030154	Cell differentiation
PRKX	9606.ENSP00000262848	GO Process	GO:0030155	Regulation of cell adhesion
PRKX	9606.ENSP00000262848	GO Process	GO:0030334	Regulation of cell migration
PRKX	9606.ENSP00000262848	GO Process	GO:0030856	Regulation of epithelial cell differentiation
PRKX	9606.ENSP00000262848	GO Process	GO:0031589	Cell-substrate adhesion
PRKX	9606.ENSP00000262848	GO Process	GO:0032501	Multicellular organismal process
PRKX	9606.ENSP00000262848	GO Process	GO:0032502	Developmental process
PRKX	9606.ENSP00000262848	GO Process	GO:0035239	Tube morphogenesis
PRKX	9606.ENSP00000262848	GO Process	GO:0035295	Tube development
PRKX	9606.ENSP00000262848	GO Process	GO:0036211	Protein modification process
PRKX	9606.ENSP00000262848	GO Process	GO:0040012	Regulation of locomotion
PRKX	9606.ENSP00000262848	GO Process	GO:0043170	Macromolecule metabolic process
PRKX	9606.ENSP00000262848	GO Process	GO:0043412	Macromolecule modification
PRKX	9606.ENSP00000262848	GO Process	GO:0043542	Endothelial cell migration
PRKX	9606.ENSP00000262848	GO Process	GO:0044237	Cellular metabolic process
PRKX	9606.ENSP00000262848	GO Process	GO:0044238	Primary metabolic process
PRKX	9606.ENSP00000262848	GO Process	GO:0045595	Regulation of cell differentiation
PRKX	9606.ENSP00000262848	GO Process	GO:0046777	Protein autophosphorylation
PRKX	9606.ENSP00000262848	GO Process	GO:0048513	Animal organ development
PRKX	9606.ENSP00000262848	GO Process	GO:0048514	Blood vessel morphogenesis
PRKX	9606.ENSP00000262848	GO Process	GO:0048534	Hematopoietic or lymphoid organ development
PRKX	9606.ENSP00000262848	GO Process	GO:0048646	Anatomical structure formation involved in morphogenesis
PRKX	9606.ENSP00000262848	GO Process	GO:0048729	Tissue morphogenesis
PRKX	9606.ENSP00000262848	GO Process	GO:0048731	System development
PRKX	9606.ENSP00000262848	GO Process	GO:0048856	Anatomical structure development
PRKX	9606.ENSP00000262848	GO Process	GO:0048869	Cellular developmental process
PRKX	9606.ENSP00000262848	GO Process	GO:0048870	Cell motility
PRKX	9606.ENSP00000262848	GO Process	GO:0050673	Epithelial cell proliferation
PRKX	9606.ENSP00000262848	GO Process	GO:0050789	Regulation of biological process
PRKX	9606.ENSP00000262848	GO Process	GO:0050793	Regulation of developmental process
PRKX	9606.ENSP00000262848	GO Process	GO:0050794	Regulation of cellular process
PRKX	9606.ENSP00000262848	GO Process	GO:0050896	Response to stimulus
PRKX	9606.ENSP00000262848	GO Process	GO:0051239	Regulation of multicellular organismal process
PRKX	9606.ENSP00000262848	GO Process	GO:0051716	Cellular response to stimulus
PRKX	9606.ENSP00000262848	GO Process	GO:0060429	Epithelium development
PRKX	9606.ENSP00000262848	GO Process	GO:0060562	Epithelial tube morphogenesis
PRKX	9606.ENSP00000262848	GO Process	GO:0060993	Kidney morphogenesis
PRKX	9606.ENSP00000262848	GO Process	GO:0065007	Biological regulation
PRKX	9606.ENSP00000262848	GO Process	GO:0071704	Organic substance metabolic process
PRKX	9606.ENSP00000262848	GO Process	GO:0072001	Renal system development
PRKX	9606.ENSP00000262848	GO Process	GO:0072359	Circulatory system development
PRKX	9606.ENSP00000262848	GO Process	GO:0090130	Tissue migration
PRKX	9606.ENSP00000262848	GO Process	GO:0090132	Epithelium migration
PRKX	9606.ENSP00000262848	GO Process	GO:1901564	Organonitrogen compound metabolic process
PRKX	9606.ENSP00000262848	GO Process	GO:2000026	Regulation of multicellular organismal development
PRKX	9606.ENSP00000262848	GO Process	GO:2000145	Regulation of cell motility
PRKX	9606.ENSP00000262848	GO Process	GO:2000696	Regulation of epithelial cell differentiation involved in kidney development
PRKX	9606.ENSP00000262848	GO Function	GO:0000166	Nucleotide binding
PRKX	9606.ENSP00000262848	GO Function	GO:0003824	Catalytic activity
PRKX	9606.ENSP00000262848	GO Function	GO:0004672	Protein kinase activity
PRKX	9606.ENSP00000262848	GO Function	GO:0004674	Protein serine/threonine kinase activity
PRKX	9606.ENSP00000262848	GO Function	GO:0004690	Cyclic nucleotide-dependent protein kinase activity
PRKX	9606.ENSP00000262848	GO Function	GO:0004691	cAMP-dependent protein kinase activity
PRKX	9606.ENSP00000262848	GO Function	GO:0005488	Binding
PRKX	9606.ENSP00000262848	GO Function	GO:0005524	ATP binding
PRKX	9606.ENSP00000262848	GO Function	GO:0016301	Kinase activity
PRKX	9606.ENSP00000262848	GO Function	GO:0016740	Transferase activity
PRKX	9606.ENSP00000262848	GO Function	GO:0016772	Transferase activity, transferring phosphorus-containing groups
PRKX	9606.ENSP00000262848	GO Function	GO:0016773	Phosphotransferase activity, alcohol group as acceptor
PRKX	9606.ENSP00000262848	GO Function	GO:0017076	Purine nucleotide binding
PRKX	9606.ENSP00000262848	GO Function	GO:0030554	Adenyl nucleotide binding
PRKX	9606.ENSP00000262848	GO Function	GO:0032553	Ribonucleotide binding
PRKX	9606.ENSP00000262848	GO Function	GO:0032555	Purine ribonucleotide binding
PRKX	9606.ENSP00000262848	GO Function	GO:0032559	Adenyl ribonucleotide binding
PRKX	9606.ENSP00000262848	GO Function	GO:0035639	Purine ribonucleoside triphosphate binding
PRKX	9606.ENSP00000262848	GO Function	GO:0036094	Small molecule binding
PRKX	9606.ENSP00000262848	GO Function	GO:0043167	Ion binding
PRKX	9606.ENSP00000262848	GO Function	GO:0043168	Anion binding
PRKX	9606.ENSP00000262848	GO Function	GO:0097159	Organic cyclic compound binding
PRKX	9606.ENSP00000262848	GO Function	GO:0097367	Carbohydrate derivative binding
PRKX	9606.ENSP00000262848	GO Function	GO:0106310	Protein serine kinase activity
PRKX	9606.ENSP00000262848	GO Function	GO:0140096	Catalytic activity, acting on a protein
PRKX	9606.ENSP00000262848	GO Function	GO:1901265	Nucleoside phosphate binding
PRKX	9606.ENSP00000262848	GO Function	GO:1901363	Heterocyclic compound binding
PRKX	9606.ENSP00000262848	GO Component	GO:0005622	Intracellular anatomical structure
PRKX	9606.ENSP00000262848	GO Component	GO:0005634	Nucleus
PRKX	9606.ENSP00000262848	GO Component	GO:0005654	Nucleoplasm
PRKX	9606.ENSP00000262848	GO Component	GO:0005737	Cytoplasm
PRKX	9606.ENSP00000262848	GO Component	GO:0005952	cAMP-dependent protein kinase complex
PRKX	9606.ENSP00000262848	GO Component	GO:0031974	Membrane-enclosed lumen
PRKX	9606.ENSP00000262848	GO Component	GO:0031981	Nuclear lumen
PRKX	9606.ENSP00000262848	GO Component	GO:0032991	Protein-containing complex
PRKX	9606.ENSP00000262848	GO Component	GO:0043226	Organelle
PRKX	9606.ENSP00000262848	GO Component	GO:0043227	Membrane-bounded organelle
PRKX	9606.ENSP00000262848	GO Component	GO:0043229	Intracellular organelle
PRKX	9606.ENSP00000262848	GO Component	GO:0043231	Intracellular membrane-bounded organelle
PRKX	9606.ENSP00000262848	GO Component	GO:0043233	Organelle lumen
PRKX	9606.ENSP00000262848	GO Component	GO:0070013	Intracellular organelle lumen
PRKX	9606.ENSP00000262848	GO Component	GO:0110165	Cellular anatomical entity
PRKX	9606.ENSP00000262848	GO Component	GO:0140535	Intracellular protein-containing complex
PRKX	9606.ENSP00000262848	STRING clusters	CL:7825	Mixed, incl. NAP-like superfamily, and RNA recognition motif
PRKX	9606.ENSP00000262848	STRING clusters	CL:7826	Mixed, incl. NAP-like superfamily, and RNA recognition motif
PRKX	9606.ENSP00000262848	STRING clusters	CL:7827	Mostly uncharacterized, incl. Y-linked monogenic disease, and RBM1CTR (NUC064) family
PRKX	9606.ENSP00000262848	STRING clusters	CL:7941	Mixed, incl. Variable charge X/Y family, and C-terminal region of aryl-sulfatase
PRKX	9606.ENSP00000262848	STRING clusters	CL:7943	C-terminal region of aryl-sulfatase, and Hypochondroplasia
PRKX	9606.ENSP00000262848	Reactome	HSA-111885	Opioid Signalling
PRKX	9606.ENSP00000262848	Reactome	HSA-111931	PKA-mediated phosphorylation of CREB
PRKX	9606.ENSP00000262848	Reactome	HSA-111933	Calmodulin induced events
PRKX	9606.ENSP00000262848	Reactome	HSA-111996	Ca-dependent events
PRKX	9606.ENSP00000262848	Reactome	HSA-111997	CaM pathway
PRKX	9606.ENSP00000262848	Reactome	HSA-112040	G-protein mediated events
PRKX	9606.ENSP00000262848	Reactome	HSA-112043	PLC beta mediated events
PRKX	9606.ENSP00000262848	Reactome	HSA-112314	Neurotransmitter receptors and postsynaptic signal transmission
PRKX	9606.ENSP00000262848	Reactome	HSA-112315	Transmission across Chemical Synapses
PRKX	9606.ENSP00000262848	Reactome	HSA-112316	Neuronal System
PRKX	9606.ENSP00000262848	Reactome	HSA-1489509	DAG and IP3 signaling
PRKX	9606.ENSP00000262848	Reactome	HSA-162582	Signal Transduction
PRKX	9606.ENSP00000262848	Reactome	HSA-1643685	Disease
PRKX	9606.ENSP00000262848	Reactome	HSA-372790	Signaling by GPCR
PRKX	9606.ENSP00000262848	Reactome	HSA-388396	GPCR downstream signalling
PRKX	9606.ENSP00000262848	Reactome	HSA-418594	G alpha (i) signalling events
PRKX	9606.ENSP00000262848	Reactome	HSA-438064	Post NMDA receptor activation events
PRKX	9606.ENSP00000262848	Reactome	HSA-442720	CREB1 phosphorylation through the activation of Adenylate Cyclase
PRKX	9606.ENSP00000262848	Reactome	HSA-442755	Activation of NMDA receptors and postsynaptic events
PRKX	9606.ENSP00000262848	Reactome	HSA-5663205	Infectious disease
PRKX	9606.ENSP00000262848	Reactome	HSA-9006925	Intracellular signaling by second messengers
PRKX	9606.ENSP00000262848	Reactome	HSA-9658195	Leishmania infection
PRKX	9606.ENSP00000262848	Reactome	HSA-9660821	ADORA2B mediated anti-inflammatory cytokines production
PRKX	9606.ENSP00000262848	Reactome	HSA-9662851	Anti-inflammatory response favouring Leishmania parasite infection
PRKX	9606.ENSP00000262848	Reactome	HSA-9664323	FCGR3A-mediated IL10 synthesis
PRKX	9606.ENSP00000262848	Reactome	HSA-9664433	Leishmania parasite growth and survival
PRKX	9606.ENSP00000262848	WikiPathways	WP3929	Chemokine signaling pathway
PRKX	9606.ENSP00000262848	TISSUES	BTO:0000000	Tissues, cell types and enzyme sources
PRKX	9606.ENSP00000262848	TISSUES	BTO:0000042	Animal
PRKX	9606.ENSP00000262848	TISSUES	BTO:0000142	Brain
PRKX	9606.ENSP00000262848	TISSUES	BTO:0000227	Central nervous system
PRKX	9606.ENSP00000262848	TISSUES	BTO:0000282	Head
PRKX	9606.ENSP00000262848	TISSUES	BTO:0001484	Nervous system
PRKX	9606.ENSP00000262848	TISSUES	BTO:0001489	Whole body
PRKX	9606.ENSP00000262848	COMPARTMENTS	GOCC:0005622	Intracellular
PRKX	9606.ENSP00000262848	COMPARTMENTS	GOCC:0005634	Nucleus
PRKX	9606.ENSP00000262848	COMPARTMENTS	GOCC:0005737	Cytoplasm
PRKX	9606.ENSP00000262848	COMPARTMENTS	GOCC:0005952	cAMP-dependent protein kinase complex
PRKX	9606.ENSP00000262848	COMPARTMENTS	GOCC:0032991	Protein-containing complex
PRKX	9606.ENSP00000262848	COMPARTMENTS	GOCC:0043226	Organelle
PRKX	9606.ENSP00000262848	COMPARTMENTS	GOCC:0043227	Membrane-bounded organelle
PRKX	9606.ENSP00000262848	COMPARTMENTS	GOCC:0043229	Intracellular organelle
PRKX	9606.ENSP00000262848	COMPARTMENTS	GOCC:0043231	Intracellular membrane-bounded organelle
PRKX	9606.ENSP00000262848	COMPARTMENTS	GOCC:0110165	Cellular anatomical entity
PRKX	9606.ENSP00000262848	Monarch	EFO:0004730	Hormone measurement
PRKX	9606.ENSP00000262848	Monarch	EFO:0004747	Protein measurement
PRKX	9606.ENSP00000262848	Monarch	EFO:0004748	Thyroid stimulating hormone measurement
PRKX	9606.ENSP00000262848	UniProt Keywords	KW-0007	Acetylation
PRKX	9606.ENSP00000262848	UniProt Keywords	KW-0037	Angiogenesis
PRKX	9606.ENSP00000262848	UniProt Keywords	KW-0067	ATP-binding
PRKX	9606.ENSP00000262848	UniProt Keywords	KW-0114	cAMP
PRKX	9606.ENSP00000262848	UniProt Keywords	KW-0160	Chromosomal rearrangement
PRKX	9606.ENSP00000262848	UniProt Keywords	KW-0217	Developmental protein
PRKX	9606.ENSP00000262848	UniProt Keywords	KW-0221	Differentiation
PRKX	9606.ENSP00000262848	UniProt Keywords	KW-0418	Kinase
PRKX	9606.ENSP00000262848	UniProt Keywords	KW-0539	Nucleus
PRKX	9606.ENSP00000262848	UniProt Keywords	KW-0547	Nucleotide-binding
PRKX	9606.ENSP00000262848	UniProt Keywords	KW-0597	Phosphoprotein
PRKX	9606.ENSP00000262848	UniProt Keywords	KW-0723	Serine/threonine-protein kinase
PRKX	9606.ENSP00000262848	UniProt Keywords	KW-0808	Transferase
PRKX	9606.ENSP00000262848	UniProt Keywords	KW-0963	Cytoplasm
PRKX	9606.ENSP00000262848	InterPro	IPR000719	Protein kinase domain
PRKX	9606.ENSP00000262848	InterPro	IPR000961	AGC-kinase, C-terminal
PRKX	9606.ENSP00000262848	InterPro	IPR008271	Serine/threonine-protein kinase, active site
PRKX	9606.ENSP00000262848	InterPro	IPR011009	Protein kinase-like domain superfamily
PRKX	9606.ENSP00000262848	InterPro	IPR017441	Protein kinase, ATP binding site
PRKX	9606.ENSP00000262848	SMART	SM00133	Extension to Ser/Thr-type protein kinases
PRKX	9606.ENSP00000262848	SMART	SM00220	Serine/Threonine protein kinases, catalytic domain
RABEPK	9606.ENSP00000362639	GO Process	GO:0006810	Transport
RABEPK	9606.ENSP00000362639	GO Process	GO:0006887	Exocytosis
RABEPK	9606.ENSP00000362639	GO Process	GO:0006897	Endocytosis
RABEPK	9606.ENSP00000362639	GO Process	GO:0006898	Receptor-mediated endocytosis
RABEPK	9606.ENSP00000362639	GO Process	GO:0006904	Vesicle docking involved in exocytosis
RABEPK	9606.ENSP00000362639	GO Process	GO:0009987	Cellular process
RABEPK	9606.ENSP00000362639	GO Process	GO:0016192	Vesicle-mediated transport
RABEPK	9606.ENSP00000362639	GO Process	GO:0022406	Membrane docking
RABEPK	9606.ENSP00000362639	GO Process	GO:0032940	Secretion by cell
RABEPK	9606.ENSP00000362639	GO Process	GO:0046903	Secretion
RABEPK	9606.ENSP00000362639	GO Process	GO:0048278	Vesicle docking
RABEPK	9606.ENSP00000362639	GO Process	GO:0051179	Localization
RABEPK	9606.ENSP00000362639	GO Process	GO:0051234	Establishment of localization
RABEPK	9606.ENSP00000362639	GO Process	GO:0051640	Organelle localization
RABEPK	9606.ENSP00000362639	GO Process	GO:0140029	Exocytic process
RABEPK	9606.ENSP00000362639	GO Process	GO:0140056	Organelle localization by membrane tethering
RABEPK	9606.ENSP00000362639	GO Process	GO:0140352	Export from cell
RABEPK	9606.ENSP00000362639	GO Component	GO:0005622	Intracellular anatomical structure
RABEPK	9606.ENSP00000362639	GO Component	GO:0005737	Cytoplasm
RABEPK	9606.ENSP00000362639	GO Component	GO:0005768	Endosome
RABEPK	9606.ENSP00000362639	GO Component	GO:0005794	Golgi apparatus
RABEPK	9606.ENSP00000362639	GO Component	GO:0005802	trans-Golgi network
RABEPK	9606.ENSP00000362639	GO Component	GO:0005829	Cytosol
RABEPK	9606.ENSP00000362639	GO Component	GO:0010008	Endosome membrane
RABEPK	9606.ENSP00000362639	GO Component	GO:0012505	Endomembrane system
RABEPK	9606.ENSP00000362639	GO Component	GO:0012506	Vesicle membrane
RABEPK	9606.ENSP00000362639	GO Component	GO:0016020	Membrane
RABEPK	9606.ENSP00000362639	GO Component	GO:0030133	Transport vesicle
RABEPK	9606.ENSP00000362639	GO Component	GO:0030659	Cytoplasmic vesicle membrane
RABEPK	9606.ENSP00000362639	GO Component	GO:0031090	Organelle membrane
RABEPK	9606.ENSP00000362639	GO Component	GO:0031410	Cytoplasmic vesicle
RABEPK	9606.ENSP00000362639	GO Component	GO:0031982	Vesicle
RABEPK	9606.ENSP00000362639	GO Component	GO:0031984	Organelle subcompartment
RABEPK	9606.ENSP00000362639	GO Component	GO:0032588	trans-Golgi network membrane
RABEPK	9606.ENSP00000362639	GO Component	GO:0043226	Organelle
RABEPK	9606.ENSP00000362639	GO Component	GO:0043227	Membrane-bounded organelle
RABEPK	9606.ENSP00000362639	GO Component	GO:0043229	Intracellular organelle
RABEPK	9606.ENSP00000362639	GO Component	GO:0043231	Intracellular membrane-bounded organelle
RABEPK	9606.ENSP00000362639	GO Component	GO:0097708	Intracellular vesicle
RABEPK	9606.ENSP00000362639	GO Component	GO:0098588	Bounding membrane of organelle
RABEPK	9606.ENSP00000362639	GO Component	GO:0098791	Golgi apparatus subcompartment
RABEPK	9606.ENSP00000362639	GO Component	GO:0110165	Cellular anatomical entity
RABEPK	9606.ENSP00000362639	STRING clusters	CL:13437	Mixed, incl. RAB geranylgeranylation, and Vesicle tethering complex
RABEPK	9606.ENSP00000362639	STRING clusters	CL:13649	Mixed, incl. N-terminal extension of GAT domain, and RHOBTB3 ATPase cycle
RABEPK	9606.ENSP00000362639	STRING clusters	CL:13662	Rab9, and Kelch repeat type 2
RABEPK	9606.ENSP00000362639	Reactome	HSA-199991	Membrane Trafficking
RABEPK	9606.ENSP00000362639	Reactome	HSA-5653656	Vesicle-mediated transport
RABEPK	9606.ENSP00000362639	Reactome	HSA-6811440	Retrograde transport at the Trans-Golgi-Network
RABEPK	9606.ENSP00000362639	Reactome	HSA-6811442	Intra-Golgi and retrograde Golgi-to-ER traffic
RABEPK	9606.ENSP00000362639	TISSUES	BTO:0000000	Tissues, cell types and enzyme sources
RABEPK	9606.ENSP00000362639	TISSUES	BTO:0000042	Animal
RABEPK	9606.ENSP00000362639	TISSUES	BTO:0000081	Reproductive system
RABEPK	9606.ENSP00000362639	TISSUES	BTO:0000257	Uterine cancer cell
RABEPK	9606.ENSP00000362639	TISSUES	BTO:0001489	Whole body
RABEPK	9606.ENSP00000362639	TISSUES	BTO:0003091	Urogenital system
RABEPK	9606.ENSP00000362639	TISSUES	BTO:0003871	Uterine endometrial cancer cell
RABEPK	9606.ENSP00000362639	COMPARTMENTS	GOCC:0000139	Golgi membrane
RABEPK	9606.ENSP00000362639	COMPARTMENTS	GOCC:0005622	Intracellular
RABEPK	9606.ENSP00000362639	COMPARTMENTS	GOCC:0005737	Cytoplasm
RABEPK	9606.ENSP00000362639	COMPARTMENTS	GOCC:0005794	Golgi apparatus
RABEPK	9606.ENSP00000362639	COMPARTMENTS	GOCC:0005802	trans-Golgi network
RABEPK	9606.ENSP00000362639	COMPARTMENTS	GOCC:0012505	Endomembrane system
RABEPK	9606.ENSP00000362639	COMPARTMENTS	GOCC:0016020	Membrane
RABEPK	9606.ENSP00000362639	COMPARTMENTS	GOCC:0031090	Organelle membrane
RABEPK	9606.ENSP00000362639	COMPARTMENTS	GOCC:0031982	Vesicle
RABEPK	9606.ENSP00000362639	COMPARTMENTS	GOCC:0031984	Organelle subcompartment
RABEPK	9606.ENSP00000362639	COMPARTMENTS	GOCC:0032588	trans-Golgi network membrane
RABEPK	9606.ENSP00000362639	COMPARTMENTS	GOCC:0043226	Organelle
RABEPK	9606.ENSP00000362639	COMPARTMENTS	GOCC:0043227	Membrane-bounded organelle
RABEPK	9606.ENSP00000362639	COMPARTMENTS	GOCC:0043229	Intracellular organelle
RABEPK	9606.ENSP00000362639	COMPARTMENTS	GOCC:0043231	Intracellular membrane-bounded organelle
RABEPK	9606.ENSP00000362639	COMPARTMENTS	GOCC:0098588	Bounding membrane of organelle
RABEPK	9606.ENSP00000362639	COMPARTMENTS	GOCC:0098791	Golgi apparatus subcompartment
RABEPK	9606.ENSP00000362639	COMPARTMENTS	GOCC:0110165	Cellular anatomical entity
RABEPK	9606.ENSP00000362639	Monarch	EFO:0005671	Smoking behaviour measurement
RABEPK	9606.ENSP00000362639	Monarch	EFO:0006525	Cigarettes per day measurement
RABEPK	9606.ENSP00000362639	Monarch	EFO:0006848	Mental or behavioural disorder biomarker
RABEPK	9606.ENSP00000362639	Monarch	EFO:0007803	Emotional symptom measurement
RABEPK	9606.ENSP00000362639	Monarch	EFO:0009589	Worry measurement
RABEPK	9606.ENSP00000362639	UniProt Keywords	KW-0025	Alternative splicing
RABEPK	9606.ENSP00000362639	UniProt Keywords	KW-0472	Membrane
RABEPK	9606.ENSP00000362639	UniProt Keywords	KW-0597	Phosphoprotein
RABEPK	9606.ENSP00000362639	UniProt Keywords	KW-0677	Repeat
RABEPK	9606.ENSP00000362639	UniProt Keywords	KW-0880	Kelch repeat
RABEPK	9606.ENSP00000362639	UniProt Keywords	KW-0963	Cytoplasm
RABEPK	9606.ENSP00000362639	UniProt Keywords	KW-0967	Endosome
RABEPK	9606.ENSP00000362639	Pfam	PF01344	Kelch motif
RABEPK	9606.ENSP00000362639	Pfam	PF07646	Kelch motif
RABEPK	9606.ENSP00000362639	Pfam	PF13418	Galactose oxidase, central domain
RABEPK	9606.ENSP00000362639	Pfam	PF13964	Kelch motif
RABEPK	9606.ENSP00000362639	InterPro	IPR006652	Kelch repeat type 1
RABEPK	9606.ENSP00000362639	InterPro	IPR011498	Kelch repeat type 2
RABEPK	9606.ENSP00000362639	InterPro	IPR015915	Kelch-type beta propeller
RAD52	9606.ENSP00000351284	GO Process	GO:0000724	Double-strand break repair via homologous recombination
RAD52	9606.ENSP00000351284	GO Process	GO:0000725	Recombinational repair
RAD52	9606.ENSP00000351284	GO Process	GO:0000729	DNA double-strand break processing
RAD52	9606.ENSP00000351284	GO Process	GO:0000730	DNA recombinase assembly
RAD52	9606.ENSP00000351284	GO Process	GO:0006139	Nucleobase-containing compound metabolic process
RAD52	9606.ENSP00000351284	GO Process	GO:0006259	DNA metabolic process
RAD52	9606.ENSP00000351284	GO Process	GO:0006281	DNA repair
RAD52	9606.ENSP00000351284	GO Process	GO:0006282	Regulation of DNA repair
RAD52	9606.ENSP00000351284	GO Process	GO:0006302	Double-strand break repair
RAD52	9606.ENSP00000351284	GO Process	GO:0006310	DNA recombination
RAD52	9606.ENSP00000351284	GO Process	GO:0006312	Mitotic recombination
RAD52	9606.ENSP00000351284	GO Process	GO:0006725	Cellular aromatic compound metabolic process
RAD52	9606.ENSP00000351284	GO Process	GO:0006807	Nitrogen compound metabolic process
RAD52	9606.ENSP00000351284	GO Process	GO:0006950	Response to stress
RAD52	9606.ENSP00000351284	GO Process	GO:0006974	Cellular response to DNA damage stimulus
RAD52	9606.ENSP00000351284	GO Process	GO:0006979	Response to oxidative stress
RAD52	9606.ENSP00000351284	GO Process	GO:0008152	Metabolic process
RAD52	9606.ENSP00000351284	GO Process	GO:0009987	Cellular process
RAD52	9606.ENSP00000351284	GO Process	GO:0010792	DNA double-strand break processing involved in repair via single-strand annealing
RAD52	9606.ENSP00000351284	GO Process	GO:0016043	Cellular component organization
RAD52	9606.ENSP00000351284	GO Process	GO:0019219	Regulation of nucleobase-containing compound metabolic process
RAD52	9606.ENSP00000351284	GO Process	GO:0019222	Regulation of metabolic process
RAD52	9606.ENSP00000351284	GO Process	GO:0022607	Cellular component assembly
RAD52	9606.ENSP00000351284	GO Process	GO:0031323	Regulation of cellular metabolic process
RAD52	9606.ENSP00000351284	GO Process	GO:0033554	Cellular response to stress
RAD52	9606.ENSP00000351284	GO Process	GO:0034599	Cellular response to oxidative stress
RAD52	9606.ENSP00000351284	GO Process	GO:0034641	Cellular nitrogen compound metabolic process
RAD52	9606.ENSP00000351284	GO Process	GO:0042221	Response to chemical
RAD52	9606.ENSP00000351284	GO Process	GO:0043170	Macromolecule metabolic process
RAD52	9606.ENSP00000351284	GO Process	GO:0043933	Protein-containing complex organization
RAD52	9606.ENSP00000351284	GO Process	GO:0044085	Cellular component biogenesis
RAD52	9606.ENSP00000351284	GO Process	GO:0044237	Cellular metabolic process
RAD52	9606.ENSP00000351284	GO Process	GO:0044238	Primary metabolic process
RAD52	9606.ENSP00000351284	GO Process	GO:0044260	Cellular macromolecule metabolic process
RAD52	9606.ENSP00000351284	GO Process	GO:0045002	Double-strand break repair via single-strand annealing
RAD52	9606.ENSP00000351284	GO Process	GO:0045003	Double-strand break repair via synthesis-dependent strand annealing
RAD52	9606.ENSP00000351284	GO Process	GO:0046483	Heterocycle metabolic process
RAD52	9606.ENSP00000351284	GO Process	GO:0048583	Regulation of response to stimulus
RAD52	9606.ENSP00000351284	GO Process	GO:0050789	Regulation of biological process
RAD52	9606.ENSP00000351284	GO Process	GO:0050794	Regulation of cellular process
RAD52	9606.ENSP00000351284	GO Process	GO:0050896	Response to stimulus
RAD52	9606.ENSP00000351284	GO Process	GO:0051052	Regulation of DNA metabolic process
RAD52	9606.ENSP00000351284	GO Process	GO:0051171	Regulation of nitrogen compound metabolic process
RAD52	9606.ENSP00000351284	GO Process	GO:0051716	Cellular response to stimulus
RAD52	9606.ENSP00000351284	GO Process	GO:0060255	Regulation of macromolecule metabolic process
RAD52	9606.ENSP00000351284	GO Process	GO:0062197	Cellular response to chemical stress
RAD52	9606.ENSP00000351284	GO Process	GO:0065003	Protein-containing complex assembly
RAD52	9606.ENSP00000351284	GO Process	GO:0065004	protein-DNA complex assembly
RAD52	9606.ENSP00000351284	GO Process	GO:0065007	Biological regulation
RAD52	9606.ENSP00000351284	GO Process	GO:0070887	Cellular response to chemical stimulus
RAD52	9606.ENSP00000351284	GO Process	GO:0071704	Organic substance metabolic process
RAD52	9606.ENSP00000351284	GO Process	GO:0071824	protein-DNA complex subunit organization
RAD52	9606.ENSP00000351284	GO Process	GO:0071840	Cellular component organization or biogenesis
RAD52	9606.ENSP00000351284	GO Process	GO:0080090	Regulation of primary metabolic process
RAD52	9606.ENSP00000351284	GO Process	GO:0080134	Regulation of response to stress
RAD52	9606.ENSP00000351284	GO Process	GO:0080135	Regulation of cellular response to stress
RAD52	9606.ENSP00000351284	GO Process	GO:0090304	Nucleic acid metabolic process
RAD52	9606.ENSP00000351284	GO Process	GO:0090735	DNA repair complex assembly
RAD52	9606.ENSP00000351284	GO Process	GO:1901360	Organic cyclic compound metabolic process
RAD52	9606.ENSP00000351284	GO Process	GO:2000819	Regulation of nucleotide-excision repair
RAD52	9606.ENSP00000351284	GO Process	GO:2001020	Regulation of response to DNA damage stimulus
RAD52	9606.ENSP00000351284	GO Function	GO:0003676	Nucleic acid binding
RAD52	9606.ENSP00000351284	GO Function	GO:0003677	DNA binding
RAD52	9606.ENSP00000351284	GO Function	GO:0003697	Single-stranded DNA binding
RAD52	9606.ENSP00000351284	GO Function	GO:0005488	Binding
RAD52	9606.ENSP00000351284	GO Function	GO:0005515	Protein binding
RAD52	9606.ENSP00000351284	GO Function	GO:0042802	Identical protein binding
RAD52	9606.ENSP00000351284	GO Function	GO:0097159	Organic cyclic compound binding
RAD52	9606.ENSP00000351284	GO Function	GO:1901363	Heterocyclic compound binding
RAD52	9606.ENSP00000351284	GO Component	GO:0005622	Intracellular anatomical structure
RAD52	9606.ENSP00000351284	GO Component	GO:0005634	Nucleus
RAD52	9606.ENSP00000351284	GO Component	GO:0005654	Nucleoplasm
RAD52	9606.ENSP00000351284	GO Component	GO:0031974	Membrane-enclosed lumen
RAD52	9606.ENSP00000351284	GO Component	GO:0031981	Nuclear lumen
RAD52	9606.ENSP00000351284	GO Component	GO:0032991	Protein-containing complex
RAD52	9606.ENSP00000351284	GO Component	GO:0032993	protein-DNA complex
RAD52	9606.ENSP00000351284	GO Component	GO:0043226	Organelle
RAD52	9606.ENSP00000351284	GO Component	GO:0043227	Membrane-bounded organelle
RAD52	9606.ENSP00000351284	GO Component	GO:0043229	Intracellular organelle
RAD52	9606.ENSP00000351284	GO Component	GO:0043231	Intracellular membrane-bounded organelle
RAD52	9606.ENSP00000351284	GO Component	GO:0043233	Organelle lumen
RAD52	9606.ENSP00000351284	GO Component	GO:0070013	Intracellular organelle lumen
RAD52	9606.ENSP00000351284	GO Component	GO:0110165	Cellular anatomical entity
RAD52	9606.ENSP00000351284	STRING clusters	CL:6143	DNA repair pathways, full network, and HDR through Homologous Recombination (HRR)
RAD52	9606.ENSP00000351284	STRING clusters	CL:6144	DNA repair pathways, full network, and HDR through Homologous Recombination (HRR)
RAD52	9606.ENSP00000351284	STRING clusters	CL:6145	DNA repair pathways, full network, and HDR through Homologous Recombination (HRR)
RAD52	9606.ENSP00000351284	STRING clusters	CL:6146	Mixed, incl. Fanconi anemia pathway, and DNA repair complex
RAD52	9606.ENSP00000351284	STRING clusters	CL:6147	DNA repair pathways, full network, and HDR through Homologous Recombination (HRR)
RAD52	9606.ENSP00000351284	STRING clusters	CL:6148	Diseases of DNA repair, and DNA repair complex
RAD52	9606.ENSP00000351284	STRING clusters	CL:6149	Homologous DNA Pairing and Strand Exchange, and Response to intra-S DNA damage checkpoint signaling
RAD52	9606.ENSP00000351284	STRING clusters	CL:6150	Resolution of D-loop Structures through Holliday Junction Intermediates, and RIDDLE syndrome
RAD52	9606.ENSP00000351284	STRING clusters	CL:6151	Resolution of D-loop Structures through Holliday Junction Intermediates, and DNA translocase activity
RAD52	9606.ENSP00000351284	STRING clusters	CL:6177	DNA recombination and repair protein Rad51-like, C-terminal, and Rad52 family
RAD52	9606.ENSP00000351284	KEGG	hsa03440	Homologous recombination
RAD52	9606.ENSP00000351284	Reactome	HSA-2990846	SUMOylation
RAD52	9606.ENSP00000351284	Reactome	HSA-3108214	SUMOylation of DNA damage response and repair proteins
RAD52	9606.ENSP00000351284	Reactome	HSA-3108232	SUMO E3 ligases SUMOylate target proteins
RAD52	9606.ENSP00000351284	Reactome	HSA-392499	Metabolism of proteins
RAD52	9606.ENSP00000351284	Reactome	HSA-5685938	HDR through Single Strand Annealing (SSA)
RAD52	9606.ENSP00000351284	Reactome	HSA-5685939	HDR through MMEJ (alt-NHEJ)
RAD52	9606.ENSP00000351284	Reactome	HSA-5693532	DNA Double-Strand Break Repair
RAD52	9606.ENSP00000351284	Reactome	HSA-5693538	Homology Directed Repair
RAD52	9606.ENSP00000351284	Reactome	HSA-5693567	HDR through Homologous Recombination (HRR) or Single Strand Annealing (SSA)
RAD52	9606.ENSP00000351284	Reactome	HSA-597592	Post-translational protein modification
RAD52	9606.ENSP00000351284	Reactome	HSA-73894	DNA Repair
RAD52	9606.ENSP00000351284	WikiPathways	WP1530	miRNA regulation of DNA damage response
RAD52	9606.ENSP00000351284	WikiPathways	WP1545	miRNAs involved in DNA damage response
RAD52	9606.ENSP00000351284	WikiPathways	WP186	Homologous recombination
RAD52	9606.ENSP00000351284	WikiPathways	WP3959	DNA IR-double strand breaks and cellular response via ATM
RAD52	9606.ENSP00000351284	WikiPathways	WP4016	DNA IR-damage and cellular response via ATR
RAD52	9606.ENSP00000351284	WikiPathways	WP4946	DNA repair pathways, full network
RAD52	9606.ENSP00000351284	WikiPathways	WP707	DNA damage response
RAD52	9606.ENSP00000351284	TISSUES	BTO:0000000	Tissues, cell types and enzyme sources
RAD52	9606.ENSP00000351284	TISSUES	BTO:0000042	Animal
RAD52	9606.ENSP00000351284	TISSUES	BTO:0000081	Reproductive system
RAD52	9606.ENSP00000351284	TISSUES	BTO:0000083	Female reproductive system
RAD52	9606.ENSP00000351284	TISSUES	BTO:0000142	Brain
RAD52	9606.ENSP00000351284	TISSUES	BTO:0000174	Embryonic structure
RAD52	9606.ENSP00000351284	TISSUES	BTO:0000227	Central nervous system
RAD52	9606.ENSP00000351284	TISSUES	BTO:0000231	Cerebral hemisphere
RAD52	9606.ENSP00000351284	TISSUES	BTO:0000233	Cerebral cortex
RAD52	9606.ENSP00000351284	TISSUES	BTO:0000235	Basal ganglion
RAD52	9606.ENSP00000351284	TISSUES	BTO:0000239	Telencephalon
RAD52	9606.ENSP00000351284	TISSUES	BTO:0000254	Female reproductive gland
RAD52	9606.ENSP00000351284	TISSUES	BTO:0000282	Head
RAD52	9606.ENSP00000351284	TISSUES	BTO:0000284	Organism form
RAD52	9606.ENSP00000351284	TISSUES	BTO:0000379	Embryo
RAD52	9606.ENSP00000351284	TISSUES	BTO:0000421	Connective tissue
RAD52	9606.ENSP00000351284	TISSUES	BTO:0000445	Cerebral lobe
RAD52	9606.ENSP00000351284	TISSUES	BTO:0000478	Forebrain
RAD52	9606.ENSP00000351284	TISSUES	BTO:0000497	Ganglion
RAD52	9606.ENSP00000351284	TISSUES	BTO:0000522	Gland
RAD52	9606.ENSP00000351284	TISSUES	BTO:0000570	Hematopoietic system
RAD52	9606.ENSP00000351284	TISSUES	BTO:0000580	Blood cancer cell
RAD52	9606.ENSP00000351284	TISSUES	BTO:0000753	Lymphoid tissue
RAD52	9606.ENSP00000351284	TISSUES	BTO:0000928	Limbic system
RAD52	9606.ENSP00000351284	TISSUES	BTO:0001042	Amygdala
RAD52	9606.ENSP00000351284	TISSUES	BTO:0001271	Leukemia cell
RAD52	9606.ENSP00000351284	TISSUES	BTO:0001281	Spleen
RAD52	9606.ENSP00000351284	TISSUES	BTO:0001355	Temporal lobe
RAD52	9606.ENSP00000351284	TISSUES	BTO:0001484	Nervous system
RAD52	9606.ENSP00000351284	TISSUES	BTO:0001488	Endocrine gland
RAD52	9606.ENSP00000351284	TISSUES	BTO:0001489	Whole body
RAD52	9606.ENSP00000351284	TISSUES	BTO:0001491	Viscus
RAD52	9606.ENSP00000351284	TISSUES	BTO:0001541	Pronephros
RAD52	9606.ENSP00000351284	TISSUES	BTO:0003091	Urogenital system
RAD52	9606.ENSP00000351284	TISSUES	BTO:0003399	Avian pallium
RAD52	9606.ENSP00000351284	TISSUES	BTO:0005810	Immune system
RAD52	9606.ENSP00000351284	COMPARTMENTS	GOCC:0005622	Intracellular
RAD52	9606.ENSP00000351284	COMPARTMENTS	GOCC:0005634	Nucleus
RAD52	9606.ENSP00000351284	COMPARTMENTS	GOCC:0005654	Nucleoplasm
RAD52	9606.ENSP00000351284	COMPARTMENTS	GOCC:0005694	Chromosome
RAD52	9606.ENSP00000351284	COMPARTMENTS	GOCC:0030870	Mre11 complex
RAD52	9606.ENSP00000351284	COMPARTMENTS	GOCC:0031974	Membrane-enclosed lumen
RAD52	9606.ENSP00000351284	COMPARTMENTS	GOCC:0031981	Nuclear lumen
RAD52	9606.ENSP00000351284	COMPARTMENTS	GOCC:0032991	Protein-containing complex
RAD52	9606.ENSP00000351284	COMPARTMENTS	GOCC:0032993	protein-DNA complex
RAD52	9606.ENSP00000351284	COMPARTMENTS	GOCC:0033061	DNA recombinase mediator complex
RAD52	9606.ENSP00000351284	COMPARTMENTS	GOCC:0033062	Rhp55-Rhp57 complex
RAD52	9606.ENSP00000351284	COMPARTMENTS	GOCC:0043226	Organelle
RAD52	9606.ENSP00000351284	COMPARTMENTS	GOCC:0043227	Membrane-bounded organelle
RAD52	9606.ENSP00000351284	COMPARTMENTS	GOCC:0043228	Non-membrane-bounded organelle
RAD52	9606.ENSP00000351284	COMPARTMENTS	GOCC:0043229	Intracellular organelle
RAD52	9606.ENSP00000351284	COMPARTMENTS	GOCC:0043231	Intracellular membrane-bounded organelle
RAD52	9606.ENSP00000351284	COMPARTMENTS	GOCC:0043232	Intracellular non-membrane-bounded organelle
RAD52	9606.ENSP00000351284	COMPARTMENTS	GOCC:0043233	Organelle lumen
RAD52	9606.ENSP00000351284	COMPARTMENTS	GOCC:0043850	RecFOR complex
RAD52	9606.ENSP00000351284	COMPARTMENTS	GOCC:0070013	Intracellular organelle lumen
RAD52	9606.ENSP00000351284	COMPARTMENTS	GOCC:0110165	Cellular anatomical entity
RAD52	9606.ENSP00000351284	Monarch	EFO:0004302	Anthropometric measurement
RAD52	9606.ENSP00000351284	Monarch	EFO:0004303	Vital signs
RAD52	9606.ENSP00000351284	Monarch	EFO:0004306	Erythrocyte indices
RAD52	9606.ENSP00000351284	Monarch	EFO:0004308	Leukocyte count
RAD52	9606.ENSP00000351284	Monarch	EFO:0004324	Body weights and measures
RAD52	9606.ENSP00000351284	Monarch	EFO:0004325	Blood pressure
RAD52	9606.ENSP00000351284	Monarch	EFO:0004340	Body mass index
RAD52	9606.ENSP00000351284	Monarch	EFO:0004503	Hematological measurement
RAD52	9606.ENSP00000351284	Monarch	EFO:0004509	Hemoglobin measurement
RAD52	9606.ENSP00000351284	Monarch	EFO:0004526	Mean corpuscular volume
RAD52	9606.ENSP00000351284	Monarch	EFO:0004528	Mean corpuscular hemoglobin concentration
RAD52	9606.ENSP00000351284	Monarch	EFO:0004586	Complete blood cell count
RAD52	9606.ENSP00000351284	Monarch	EFO:0004747	Protein measurement
RAD52	9606.ENSP00000351284	Monarch	EFO:0004833	Neutrophil count
RAD52	9606.ENSP00000351284	Monarch	EFO:0004842	Eosinophil count
RAD52	9606.ENSP00000351284	Monarch	EFO:0005047	Erythrocyte measurement
RAD52	9606.ENSP00000351284	Monarch	EFO:0006335	Systolic blood pressure
RAD52	9606.ENSP00000351284	Monarch	EFO:0007937	Blood protein measurement
RAD52	9606.ENSP00000351284	Monarch	EFO:0007986	Reticulocyte count
RAD52	9606.ENSP00000351284	Monarch	EFO:0007987	Granulocyte count
RAD52	9606.ENSP00000351284	Monarch	EFO:0007988	Myeloid white cell count
RAD52	9606.ENSP00000351284	Monarch	EFO:0007994	Neutrophil percentage of granulocytes
RAD52	9606.ENSP00000351284	Monarch	EFO:0007996	Eosinophil percentage of granulocytes
RAD52	9606.ENSP00000351284	Monarch	EFO:0008006	Skin aging measurement
RAD52	9606.ENSP00000351284	Monarch	EFO:0010700	Reticulocyte measurement
RAD52	9606.ENSP00000351284	UniProt Keywords	KW-0025	Alternative splicing
RAD52	9606.ENSP00000351284	UniProt Keywords	KW-0227	DNA damage
RAD52	9606.ENSP00000351284	UniProt Keywords	KW-0233	DNA recombination
RAD52	9606.ENSP00000351284	UniProt Keywords	KW-0234	DNA repair
RAD52	9606.ENSP00000351284	UniProt Keywords	KW-0238	DNA-binding
RAD52	9606.ENSP00000351284	UniProt Keywords	KW-0539	Nucleus
RAD52	9606.ENSP00000351284	UniProt Keywords	KW-0597	Phosphoprotein
RAD52	9606.ENSP00000351284	Pfam	PF04098	Rad52/22 family double-strand break repair protein
RAD52	9606.ENSP00000351284	InterPro	IPR004585	DNA recombination/repair protein Rad52
RAD52	9606.ENSP00000351284	InterPro	IPR007232	DNA repair protein Rad52/59/22
RAD52	9606.ENSP00000351284	InterPro	IPR041247	Rad52 family
RAD52	9606.ENSP00000351284	InterPro	IPR042525	DNA repair protein Rad52/59/22 superfamily
RBM48	9606.ENSP00000265732	GO Function	GO:0003676	Nucleic acid binding
RBM48	9606.ENSP00000265732	GO Function	GO:0003723	RNA binding
RBM48	9606.ENSP00000265732	GO Function	GO:0005488	Binding
RBM48	9606.ENSP00000265732	GO Function	GO:0097159	Organic cyclic compound binding
RBM48	9606.ENSP00000265732	GO Function	GO:1901363	Heterocyclic compound binding
RBM48	9606.ENSP00000265732	GO Component	GO:0005622	Intracellular anatomical structure
RBM48	9606.ENSP00000265732	GO Component	GO:0005634	Nucleus
RBM48	9606.ENSP00000265732	GO Component	GO:0005654	Nucleoplasm
RBM48	9606.ENSP00000265732	GO Component	GO:0031974	Membrane-enclosed lumen
RBM48	9606.ENSP00000265732	GO Component	GO:0031981	Nuclear lumen
RBM48	9606.ENSP00000265732	GO Component	GO:0043226	Organelle
RBM48	9606.ENSP00000265732	GO Component	GO:0043227	Membrane-bounded organelle
RBM48	9606.ENSP00000265732	GO Component	GO:0043229	Intracellular organelle
RBM48	9606.ENSP00000265732	GO Component	GO:0043231	Intracellular membrane-bounded organelle
RBM48	9606.ENSP00000265732	GO Component	GO:0043233	Organelle lumen
RBM48	9606.ENSP00000265732	GO Component	GO:0070013	Intracellular organelle lumen
RBM48	9606.ENSP00000265732	GO Component	GO:0110165	Cellular anatomical entity
RBM48	9606.ENSP00000265732	STRING clusters	CL:2030	U2-type spliceosomal complex, and Sm-like protein family complex
RBM48	9606.ENSP00000265732	STRING clusters	CL:2032	U2-type spliceosomal complex, and mRNA Splicing - Major Pathway
RBM48	9606.ENSP00000265732	STRING clusters	CL:2034	U2-type spliceosomal complex, and mRNA Splicing - Major Pathway
RBM48	9606.ENSP00000265732	STRING clusters	CL:2247	Mixed, incl. Regulation of postsynaptic density protein 95 clustering, and Armadillo/beta-catenin-like repeat
RBM48	9606.ENSP00000265732	TISSUES	BTO:0000000	Tissues, cell types and enzyme sources
RBM48	9606.ENSP00000265732	TISSUES	BTO:0000042	Animal
RBM48	9606.ENSP00000265732	TISSUES	BTO:0000176	Carcinoma cell
RBM48	9606.ENSP00000265732	TISSUES	BTO:0000257	Uterine cancer cell
RBM48	9606.ENSP00000265732	TISSUES	BTO:0000415	Epithelioma cell
RBM48	9606.ENSP00000265732	TISSUES	BTO:0000604	Adenocarcinoma cell
RBM48	9606.ENSP00000265732	TISSUES	BTO:0000658	Uterine adenocarcinoma cell
RBM48	9606.ENSP00000265732	COMPARTMENTS	GOCC:0005622	Intracellular
RBM48	9606.ENSP00000265732	COMPARTMENTS	GOCC:0005634	Nucleus
RBM48	9606.ENSP00000265732	COMPARTMENTS	GOCC:0043226	Organelle
RBM48	9606.ENSP00000265732	COMPARTMENTS	GOCC:0043227	Membrane-bounded organelle
RBM48	9606.ENSP00000265732	COMPARTMENTS	GOCC:0043229	Intracellular organelle
RBM48	9606.ENSP00000265732	COMPARTMENTS	GOCC:0043231	Intracellular membrane-bounded organelle
RBM48	9606.ENSP00000265732	COMPARTMENTS	GOCC:0110165	Cellular anatomical entity
RBM48	9606.ENSP00000265732	UniProt Keywords	KW-0025	Alternative splicing
RBM48	9606.ENSP00000265732	UniProt Keywords	KW-0694	RNA-binding
RBM48	9606.ENSP00000265732	InterPro	IPR000504	RNA recognition motif domain
RBM48	9606.ENSP00000265732	InterPro	IPR034264	RBM48, RNA recognition motif
RBM48	9606.ENSP00000265732	InterPro	IPR035979	RNA-binding domain superfamily
RBM48	9606.ENSP00000265732	InterPro	IPR039599	RNA-binding protein 48
RPH3A	9606.ENSP00000374036	GO Process	GO:0001505	Regulation of neurotransmitter levels
RPH3A	9606.ENSP00000374036	GO Process	GO:0006810	Transport
RPH3A	9606.ENSP00000374036	GO Process	GO:0006836	Neurotransmitter transport
RPH3A	9606.ENSP00000374036	GO Process	GO:0006886	Intracellular protein transport
RPH3A	9606.ENSP00000374036	GO Process	GO:0006887	Exocytosis
RPH3A	9606.ENSP00000374036	GO Process	GO:0007154	Cell communication
RPH3A	9606.ENSP00000374036	GO Process	GO:0007267	Cell-cell signaling
RPH3A	9606.ENSP00000374036	GO Process	GO:0007268	Chemical synaptic transmission
RPH3A	9606.ENSP00000374036	GO Process	GO:0007269	Neurotransmitter secretion
RPH3A	9606.ENSP00000374036	GO Process	GO:0008104	Protein localization
RPH3A	9606.ENSP00000374036	GO Process	GO:0009987	Cellular process
RPH3A	9606.ENSP00000374036	GO Process	GO:0015031	Protein transport
RPH3A	9606.ENSP00000374036	GO Process	GO:0016192	Vesicle-mediated transport
RPH3A	9606.ENSP00000374036	GO Process	GO:0017157	Regulation of exocytosis
RPH3A	9606.ENSP00000374036	GO Process	GO:0017158	Regulation of calcium ion-dependent exocytosis
RPH3A	9606.ENSP00000374036	GO Process	GO:0023052	Signaling
RPH3A	9606.ENSP00000374036	GO Process	GO:0023061	Signal release
RPH3A	9606.ENSP00000374036	GO Process	GO:0032879	Regulation of localization
RPH3A	9606.ENSP00000374036	GO Process	GO:0032940	Secretion by cell
RPH3A	9606.ENSP00000374036	GO Process	GO:0033036	Macromolecule localization
RPH3A	9606.ENSP00000374036	GO Process	GO:0045184	Establishment of protein localization
RPH3A	9606.ENSP00000374036	GO Process	GO:0046903	Secretion
RPH3A	9606.ENSP00000374036	GO Process	GO:0046907	Intracellular transport
RPH3A	9606.ENSP00000374036	GO Process	GO:0050789	Regulation of biological process
RPH3A	9606.ENSP00000374036	GO Process	GO:0050794	Regulation of cellular process
RPH3A	9606.ENSP00000374036	GO Process	GO:0051046	Regulation of secretion
RPH3A	9606.ENSP00000374036	GO Process	GO:0051049	Regulation of transport
RPH3A	9606.ENSP00000374036	GO Process	GO:0051179	Localization
RPH3A	9606.ENSP00000374036	GO Process	GO:0051234	Establishment of localization
RPH3A	9606.ENSP00000374036	GO Process	GO:0051641	Cellular localization
RPH3A	9606.ENSP00000374036	GO Process	GO:0051649	Establishment of localization in cell
RPH3A	9606.ENSP00000374036	GO Process	GO:0060627	Regulation of vesicle-mediated transport
RPH3A	9606.ENSP00000374036	GO Process	GO:0061669	Spontaneous neurotransmitter secretion
RPH3A	9606.ENSP00000374036	GO Process	GO:0065007	Biological regulation
RPH3A	9606.ENSP00000374036	GO Process	GO:0065008	Regulation of biological quality
RPH3A	9606.ENSP00000374036	GO Process	GO:0070727	Cellular macromolecule localization
RPH3A	9606.ENSP00000374036	GO Process	GO:0071702	Organic substance transport
RPH3A	9606.ENSP00000374036	GO Process	GO:0071705	Nitrogen compound transport
RPH3A	9606.ENSP00000374036	GO Process	GO:0098814	Spontaneous synaptic transmission
RPH3A	9606.ENSP00000374036	GO Process	GO:0098916	Anterograde trans-synaptic signaling
RPH3A	9606.ENSP00000374036	GO Process	GO:0099536	Synaptic signaling
RPH3A	9606.ENSP00000374036	GO Process	GO:0099537	Trans-synaptic signaling
RPH3A	9606.ENSP00000374036	GO Process	GO:0099643	Signal release from synapse
RPH3A	9606.ENSP00000374036	GO Process	GO:0140352	Export from cell
RPH3A	9606.ENSP00000374036	GO Process	GO:1903305	Regulation of regulated secretory pathway
RPH3A	9606.ENSP00000374036	GO Process	GO:1903530	Regulation of secretion by cell
RPH3A	9606.ENSP00000374036	GO Function	GO:0005488	Binding
RPH3A	9606.ENSP00000374036	GO Function	GO:0005509	Calcium ion binding
RPH3A	9606.ENSP00000374036	GO Function	GO:0005515	Protein binding
RPH3A	9606.ENSP00000374036	GO Function	GO:0005543	Phospholipid binding
RPH3A	9606.ENSP00000374036	GO Function	GO:0005544	Calcium-dependent phospholipid binding
RPH3A	9606.ENSP00000374036	GO Function	GO:0005546	phosphatidylinositol-4,5-bisphosphate binding
RPH3A	9606.ENSP00000374036	GO Function	GO:0008270	Zinc ion binding
RPH3A	9606.ENSP00000374036	GO Function	GO:0008289	Lipid binding
RPH3A	9606.ENSP00000374036	GO Function	GO:0008430	Selenium binding
RPH3A	9606.ENSP00000374036	GO Function	GO:0019899	Enzyme binding
RPH3A	9606.ENSP00000374036	GO Function	GO:0031267	Small GTPase binding
RPH3A	9606.ENSP00000374036	GO Function	GO:0035091	Phosphatidylinositol binding
RPH3A	9606.ENSP00000374036	GO Function	GO:0036094	Small molecule binding
RPH3A	9606.ENSP00000374036	GO Function	GO:0042301	Phosphate ion binding
RPH3A	9606.ENSP00000374036	GO Function	GO:0043167	Ion binding
RPH3A	9606.ENSP00000374036	GO Function	GO:0043168	Anion binding
RPH3A	9606.ENSP00000374036	GO Function	GO:0043169	Cation binding
RPH3A	9606.ENSP00000374036	GO Function	GO:0043178	Alcohol binding
RPH3A	9606.ENSP00000374036	GO Function	GO:0044877	Protein-containing complex binding
RPH3A	9606.ENSP00000374036	GO Function	GO:0046872	Metal ion binding
RPH3A	9606.ENSP00000374036	GO Function	GO:0046914	Transition metal ion binding
RPH3A	9606.ENSP00000374036	GO Function	GO:0051020	GTPase binding
RPH3A	9606.ENSP00000374036	GO Function	GO:0070679	Inositol 1,4,5 trisphosphate binding
RPH3A	9606.ENSP00000374036	GO Function	GO:1901981	Phosphatidylinositol phosphate binding
RPH3A	9606.ENSP00000374036	GO Function	GO:1902936	Phosphatidylinositol bisphosphate binding
RPH3A	9606.ENSP00000374036	GO Component	GO:0005622	Intracellular anatomical structure
RPH3A	9606.ENSP00000374036	GO Component	GO:0005737	Cytoplasm
RPH3A	9606.ENSP00000374036	GO Component	GO:0005829	Cytosol
RPH3A	9606.ENSP00000374036	GO Component	GO:0005886	Plasma membrane
RPH3A	9606.ENSP00000374036	GO Component	GO:0008021	Synaptic vesicle
RPH3A	9606.ENSP00000374036	GO Component	GO:0012505	Endomembrane system
RPH3A	9606.ENSP00000374036	GO Component	GO:0012506	Vesicle membrane
RPH3A	9606.ENSP00000374036	GO Component	GO:0016020	Membrane
RPH3A	9606.ENSP00000374036	GO Component	GO:0019898	Extrinsic component of membrane
RPH3A	9606.ENSP00000374036	GO Component	GO:0030054	Cell junction
RPH3A	9606.ENSP00000374036	GO Component	GO:0030133	Transport vesicle
RPH3A	9606.ENSP00000374036	GO Component	GO:0030141	Secretory granule
RPH3A	9606.ENSP00000374036	GO Component	GO:0030425	Dendrite
RPH3A	9606.ENSP00000374036	GO Component	GO:0030658	Transport vesicle membrane
RPH3A	9606.ENSP00000374036	GO Component	GO:0030659	Cytoplasmic vesicle membrane
RPH3A	9606.ENSP00000374036	GO Component	GO:0030672	Synaptic vesicle membrane
RPH3A	9606.ENSP00000374036	GO Component	GO:0031090	Organelle membrane
RPH3A	9606.ENSP00000374036	GO Component	GO:0031312	Extrinsic component of organelle membrane
RPH3A	9606.ENSP00000374036	GO Component	GO:0031410	Cytoplasmic vesicle
RPH3A	9606.ENSP00000374036	GO Component	GO:0031982	Vesicle
RPH3A	9606.ENSP00000374036	GO Component	GO:0032991	Protein-containing complex
RPH3A	9606.ENSP00000374036	GO Component	GO:0036477	Somatodendritic compartment
RPH3A	9606.ENSP00000374036	GO Component	GO:0042995	Cell projection
RPH3A	9606.ENSP00000374036	GO Component	GO:0043005	Neuron projection
RPH3A	9606.ENSP00000374036	GO Component	GO:0043197	Dendritic spine
RPH3A	9606.ENSP00000374036	GO Component	GO:0043226	Organelle
RPH3A	9606.ENSP00000374036	GO Component	GO:0043227	Membrane-bounded organelle
RPH3A	9606.ENSP00000374036	GO Component	GO:0043229	Intracellular organelle
RPH3A	9606.ENSP00000374036	GO Component	GO:0043231	Intracellular membrane-bounded organelle
RPH3A	9606.ENSP00000374036	GO Component	GO:0044309	Neuron spine
RPH3A	9606.ENSP00000374036	GO Component	GO:0045202	Synapse
RPH3A	9606.ENSP00000374036	GO Component	GO:0045211	Postsynaptic membrane
RPH3A	9606.ENSP00000374036	GO Component	GO:0070161	Anchoring junction
RPH3A	9606.ENSP00000374036	GO Component	GO:0070382	Exocytic vesicle
RPH3A	9606.ENSP00000374036	GO Component	GO:0071944	Cell periphery
RPH3A	9606.ENSP00000374036	GO Component	GO:0097060	Synaptic membrane
RPH3A	9606.ENSP00000374036	GO Component	GO:0097447	Dendritic tree
RPH3A	9606.ENSP00000374036	GO Component	GO:0097708	Intracellular vesicle
RPH3A	9606.ENSP00000374036	GO Component	GO:0098588	Bounding membrane of organelle
RPH3A	9606.ENSP00000374036	GO Component	GO:0098590	Plasma membrane region
RPH3A	9606.ENSP00000374036	GO Component	GO:0098793	Presynapse
RPH3A	9606.ENSP00000374036	GO Component	GO:0098794	Postsynapse
RPH3A	9606.ENSP00000374036	GO Component	GO:0098850	Extrinsic component of synaptic vesicle membrane
RPH3A	9606.ENSP00000374036	GO Component	GO:0099501	Exocytic vesicle membrane
RPH3A	9606.ENSP00000374036	GO Component	GO:0099503	Secretory vesicle
RPH3A	9606.ENSP00000374036	GO Component	GO:0110165	Cellular anatomical entity
RPH3A	9606.ENSP00000374036	GO Component	GO:0120025	Plasma membrane bounded cell projection
RPH3A	9606.ENSP00000374036	STRING clusters	CL:23280	Mixed, incl. Exocytic vesicle membrane, and Acetylcholine Neurotransmitter Release Cycle
RPH3A	9606.ENSP00000374036	STRING clusters	CL:23282	Mixed, incl. Calcium-ion regulated exocytosis, and Neurotransmitter release cycle
RPH3A	9606.ENSP00000374036	STRING clusters	CL:23284	Calcium-ion regulated exocytosis, and Intrinsic component of synaptic vesicle membrane
RPH3A	9606.ENSP00000374036	STRING clusters	CL:23285	Neurotransmitter transport, and RIMS-binding protein, third SH3 domain
RPH3A	9606.ENSP00000374036	STRING clusters	CL:23286	Mixed, incl. Synaptic vesicle pathway, and Cytoskeleton of presynaptic active zone
RPH3A	9606.ENSP00000374036	STRING clusters	CL:23287	Mixed, incl. Presynaptic active zone cytoplasmic component, and Clathrin-sculpted vesicle
RPH3A	9606.ENSP00000374036	STRING clusters	CL:23288	Presynaptic active zone cytoplasmic component, and Anchored component of synaptic vesicle membrane
RPH3A	9606.ENSP00000374036	WikiPathways	WP2291	Deregulation of Rab and Rab effector genes in bladder cancer
RPH3A	9606.ENSP00000374036	WikiPathways	WP4875	Disruption of postsynaptic signaling by CNV
RPH3A	9606.ENSP00000374036	TISSUES	BTO:0000000	Tissues, cell types and enzyme sources
RPH3A	9606.ENSP00000374036	TISSUES	BTO:0000042	Animal
RPH3A	9606.ENSP00000374036	TISSUES	BTO:0000142	Brain
RPH3A	9606.ENSP00000374036	TISSUES	BTO:0000227	Central nervous system
RPH3A	9606.ENSP00000374036	TISSUES	BTO:0000231	Cerebral hemisphere
RPH3A	9606.ENSP00000374036	TISSUES	BTO:0000233	Cerebral cortex
RPH3A	9606.ENSP00000374036	TISSUES	BTO:0000239	Telencephalon
RPH3A	9606.ENSP00000374036	TISSUES	BTO:0000282	Head
RPH3A	9606.ENSP00000374036	TISSUES	BTO:0000445	Cerebral lobe
RPH3A	9606.ENSP00000374036	TISSUES	BTO:0000478	Forebrain
RPH3A	9606.ENSP00000374036	TISSUES	BTO:0000601	Hippocampus
RPH3A	9606.ENSP00000374036	TISSUES	BTO:0000928	Limbic system
RPH3A	9606.ENSP00000374036	TISSUES	BTO:0001355	Temporal lobe
RPH3A	9606.ENSP00000374036	TISSUES	BTO:0001484	Nervous system
RPH3A	9606.ENSP00000374036	TISSUES	BTO:0001489	Whole body
RPH3A	9606.ENSP00000374036	COMPARTMENTS	GOCC:0005622	Intracellular
RPH3A	9606.ENSP00000374036	COMPARTMENTS	GOCC:0005737	Cytoplasm
RPH3A	9606.ENSP00000374036	COMPARTMENTS	GOCC:0008021	Synaptic vesicle
RPH3A	9606.ENSP00000374036	COMPARTMENTS	GOCC:0012505	Endomembrane system
RPH3A	9606.ENSP00000374036	COMPARTMENTS	GOCC:0012506	Vesicle membrane
RPH3A	9606.ENSP00000374036	COMPARTMENTS	GOCC:0016020	Membrane
RPH3A	9606.ENSP00000374036	COMPARTMENTS	GOCC:0019898	Extrinsic component of membrane
RPH3A	9606.ENSP00000374036	COMPARTMENTS	GOCC:0030054	Cell junction
RPH3A	9606.ENSP00000374036	COMPARTMENTS	GOCC:0030133	Transport vesicle
RPH3A	9606.ENSP00000374036	COMPARTMENTS	GOCC:0030658	Transport vesicle membrane
RPH3A	9606.ENSP00000374036	COMPARTMENTS	GOCC:0030659	Cytoplasmic vesicle membrane
RPH3A	9606.ENSP00000374036	COMPARTMENTS	GOCC:0030672	Synaptic vesicle membrane
RPH3A	9606.ENSP00000374036	COMPARTMENTS	GOCC:0031090	Organelle membrane
RPH3A	9606.ENSP00000374036	COMPARTMENTS	GOCC:0031312	Extrinsic component of organelle membrane
RPH3A	9606.ENSP00000374036	COMPARTMENTS	GOCC:0031410	Cytoplasmic vesicle
RPH3A	9606.ENSP00000374036	COMPARTMENTS	GOCC:0031982	Vesicle
RPH3A	9606.ENSP00000374036	COMPARTMENTS	GOCC:0043226	Organelle
RPH3A	9606.ENSP00000374036	COMPARTMENTS	GOCC:0043227	Membrane-bounded organelle
RPH3A	9606.ENSP00000374036	COMPARTMENTS	GOCC:0043229	Intracellular organelle
RPH3A	9606.ENSP00000374036	COMPARTMENTS	GOCC:0045202	Synapse
RPH3A	9606.ENSP00000374036	COMPARTMENTS	GOCC:0070382	Exocytic vesicle
RPH3A	9606.ENSP00000374036	COMPARTMENTS	GOCC:0097708	Intracellular vesicle
RPH3A	9606.ENSP00000374036	COMPARTMENTS	GOCC:0098588	Bounding membrane of organelle
RPH3A	9606.ENSP00000374036	COMPARTMENTS	GOCC:0098793	Presynapse
RPH3A	9606.ENSP00000374036	COMPARTMENTS	GOCC:0098850	Extrinsic component of synaptic vesicle membrane
RPH3A	9606.ENSP00000374036	COMPARTMENTS	GOCC:0099501	Exocytic vesicle membrane
RPH3A	9606.ENSP00000374036	COMPARTMENTS	GOCC:0099503	Secretory vesicle
RPH3A	9606.ENSP00000374036	COMPARTMENTS	GOCC:0110165	Cellular anatomical entity
RPH3A	9606.ENSP00000374036	Monarch	EFO:0004298	Cardiovascular measurement
RPH3A	9606.ENSP00000374036	Monarch	EFO:0004302	Anthropometric measurement
RPH3A	9606.ENSP00000374036	Monarch	EFO:0004303	Vital signs
RPH3A	9606.ENSP00000374036	Monarch	EFO:0004308	Leukocyte count
RPH3A	9606.ENSP00000374036	Monarch	EFO:0004309	Platelet count
RPH3A	9606.ENSP00000374036	Monarch	EFO:0004324	Body weights and measures
RPH3A	9606.ENSP00000374036	Monarch	EFO:0004325	Blood pressure
RPH3A	9606.ENSP00000374036	Monarch	EFO:0004340	Body mass index
RPH3A	9606.ENSP00000374036	Monarch	EFO:0004468	Glucose measurement
RPH3A	9606.ENSP00000374036	Monarch	EFO:0004503	Hematological measurement
RPH3A	9606.ENSP00000374036	Monarch	EFO:0004509	Hemoglobin measurement
RPH3A	9606.ENSP00000374036	Monarch	EFO:0004529	Lipid measurement
RPH3A	9606.ENSP00000374036	Monarch	EFO:0004530	Triglyceride measurement
RPH3A	9606.ENSP00000374036	Monarch	EFO:0004531	Urate measurement
RPH3A	9606.ENSP00000374036	Monarch	EFO:0004541	HbA1c measurement
RPH3A	9606.ENSP00000374036	Monarch	EFO:0004555	Glycoprotein measurement
RPH3A	9606.ENSP00000374036	Monarch	EFO:0004570	Bilirubin measurement
RPH3A	9606.ENSP00000374036	Monarch	EFO:0004574	Total cholesterol measurement
RPH3A	9606.ENSP00000374036	Monarch	EFO:0004586	Complete blood cell count
RPH3A	9606.ENSP00000374036	Monarch	EFO:0004611	Low density lipoprotein cholesterol measurement
RPH3A	9606.ENSP00000374036	Monarch	EFO:0004612	High density lipoprotein cholesterol measurement
RPH3A	9606.ENSP00000374036	Monarch	EFO:0004615	Apolipoprotein B measurement
RPH3A	9606.ENSP00000374036	Monarch	EFO:0004617	Cystatin C measurement
RPH3A	9606.ENSP00000374036	Monarch	EFO:0004732	Lipoprotein measurement
RPH3A	9606.ENSP00000374036	Monarch	EFO:0004742	Renal system measurement
RPH3A	9606.ENSP00000374036	Monarch	EFO:0004747	Protein measurement
RPH3A	9606.ENSP00000374036	Monarch	EFO:0004761	Uric acid measurement
RPH3A	9606.ENSP00000374036	Monarch	EFO:0004842	Eosinophil count
RPH3A	9606.ENSP00000374036	Monarch	EFO:0005036	Platelet measurement
RPH3A	9606.ENSP00000374036	Monarch	EFO:0005105	Lipid or lipoprotein measurement
RPH3A	9606.ENSP00000374036	Monarch	EFO:0005278	Cardiovascular disease biomarker measurement
RPH3A	9606.ENSP00000374036	Monarch	EFO:0005671	Smoking behaviour measurement
RPH3A	9606.ENSP00000374036	Monarch	EFO:0005763	Pulse pressure measurement
RPH3A	9606.ENSP00000374036	Monarch	EFO:0006340	Mean arterial pressure
RPH3A	9606.ENSP00000374036	Monarch	EFO:0006527	Smoking status measurement
RPH3A	9606.ENSP00000374036	Monarch	EFO:0006842	Diabetes mellitus biomarker
RPH3A	9606.ENSP00000374036	Monarch	EFO:0007774	Thrombomodulin measurement
RPH3A	9606.ENSP00000374036	Monarch	EFO:0007878	Alcohol consumption measurement
RPH3A	9606.ENSP00000374036	Monarch	EFO:0007924	Tonsillectomy risk measurement
RPH3A	9606.ENSP00000374036	Monarch	EFO:0007937	Blood protein measurement
RPH3A	9606.ENSP00000374036	Monarch	EFO:0007987	Granulocyte count
RPH3A	9606.ENSP00000374036	Monarch	EFO:0007988	Myeloid white cell count
RPH3A	9606.ENSP00000374036	Monarch	EFO:0008035	Beta-nerve growth factor measurement
RPH3A	9606.ENSP00000374036	Monarch	EFO:0008354	Cognitive function measurement
RPH3A	9606.ENSP00000374036	Monarch	EFO:0008393	Reaction time measurement
RPH3A	9606.ENSP00000374036	Monarch	EFO:0009284	Chloride measurement
RPH3A	9606.ENSP00000374036	UniProt Keywords	KW-0025	Alternative splicing
RPH3A	9606.ENSP00000374036	UniProt Keywords	KW-0106	Calcium
RPH3A	9606.ENSP00000374036	UniProt Keywords	KW-0446	Lipid-binding
RPH3A	9606.ENSP00000374036	UniProt Keywords	KW-0472	Membrane
RPH3A	9606.ENSP00000374036	UniProt Keywords	KW-0479	Metal-binding
RPH3A	9606.ENSP00000374036	UniProt Keywords	KW-0488	Methylation
RPH3A	9606.ENSP00000374036	UniProt Keywords	KW-0597	Phosphoprotein
RPH3A	9606.ENSP00000374036	UniProt Keywords	KW-0628	Postsynaptic cell membrane
RPH3A	9606.ENSP00000374036	UniProt Keywords	KW-0653	Protein transport
RPH3A	9606.ENSP00000374036	UniProt Keywords	KW-0677	Repeat
RPH3A	9606.ENSP00000374036	UniProt Keywords	KW-0770	Synapse
RPH3A	9606.ENSP00000374036	UniProt Keywords	KW-0813	Transport
RPH3A	9606.ENSP00000374036	UniProt Keywords	KW-0832	Ubl conjugation
RPH3A	9606.ENSP00000374036	UniProt Keywords	KW-0862	Zinc
RPH3A	9606.ENSP00000374036	UniProt Keywords	KW-0863	Zinc-finger
RPH3A	9606.ENSP00000374036	UniProt Keywords	KW-0965	Cell junction
RPH3A	9606.ENSP00000374036	UniProt Keywords	KW-0966	Cell projection
RPH3A	9606.ENSP00000374036	UniProt Keywords	KW-0968	Cytoplasmic vesicle
RPH3A	9606.ENSP00000374036	UniProt Keywords	KW-1003	Cell membrane
RPH3A	9606.ENSP00000374036	Pfam	PF02318	FYVE-type zinc finger
RPH3A	9606.ENSP00000374036	InterPro	IPR000008	C2 domain
RPH3A	9606.ENSP00000374036	InterPro	IPR001565	Synaptotagmin
RPH3A	9606.ENSP00000374036	InterPro	IPR010911	Rab-binding domain
RPH3A	9606.ENSP00000374036	InterPro	IPR011011	Zinc finger, FYVE/PHD-type
RPH3A	9606.ENSP00000374036	InterPro	IPR013083	Zinc finger, RING/FYVE/PHD-type
RPH3A	9606.ENSP00000374036	InterPro	IPR017455	Zinc finger, FYVE-related
RPH3A	9606.ENSP00000374036	InterPro	IPR028698	Rabphilin-3A, FYVE domain
RPH3A	9606.ENSP00000374036	InterPro	IPR035892	C2 domain superfamily
RPH3A	9606.ENSP00000374036	InterPro	IPR041282	FYVE-type zinc finger
RPH3A	9606.ENSP00000374036	InterPro	IPR043566	Rabphilin/Doc2/Noc2
RPH3A	9606.ENSP00000374036	InterPro	IPR047022	Rabphilin/Doc2, first C2 domain
RPH3A	9606.ENSP00000374036	SMART	SM00239	Protein kinase C conserved region 2 (CalB)
SELE	9606.ENSP00000331736	GO Process	GO:0002090	Regulation of receptor internalization
SELE	9606.ENSP00000331736	GO Process	GO:0002092	Positive regulation of receptor internalization
SELE	9606.ENSP00000331736	GO Process	GO:0002237	Response to molecule of bacterial origin
SELE	9606.ENSP00000331736	GO Process	GO:0002376	Immune system process
SELE	9606.ENSP00000331736	GO Process	GO:0002523	Leukocyte migration involved in inflammatory response
SELE	9606.ENSP00000331736	GO Process	GO:0002682	Regulation of immune system process
SELE	9606.ENSP00000331736	GO Process	GO:0002685	Regulation of leukocyte migration
SELE	9606.ENSP00000331736	GO Process	GO:0002691	Regulation of cellular extravasation
SELE	9606.ENSP00000331736	GO Process	GO:0006950	Response to stress
SELE	9606.ENSP00000331736	GO Process	GO:0006952	Defense response
SELE	9606.ENSP00000331736	GO Process	GO:0006954	Inflammatory response
SELE	9606.ENSP00000331736	GO Process	GO:0007154	Cell communication
SELE	9606.ENSP00000331736	GO Process	GO:0007155	Cell adhesion
SELE	9606.ENSP00000331736	GO Process	GO:0007157	Heterophilic cell-cell adhesion via plasma membrane cell adhesion molecules
SELE	9606.ENSP00000331736	GO Process	GO:0007159	Leukocyte cell-cell adhesion
SELE	9606.ENSP00000331736	GO Process	GO:0007165	Signal transduction
SELE	9606.ENSP00000331736	GO Process	GO:0007202	Activation of phospholipase C activity
SELE	9606.ENSP00000331736	GO Process	GO:0009605	Response to external stimulus
SELE	9606.ENSP00000331736	GO Process	GO:0009607	Response to biotic stimulus
SELE	9606.ENSP00000331736	GO Process	GO:0009617	Response to bacterium
SELE	9606.ENSP00000331736	GO Process	GO:0009987	Cellular process
SELE	9606.ENSP00000331736	GO Process	GO:0010033	Response to organic substance
SELE	9606.ENSP00000331736	GO Process	GO:0010517	Regulation of phospholipase activity
SELE	9606.ENSP00000331736	GO Process	GO:0010518	Positive regulation of phospholipase activity
SELE	9606.ENSP00000331736	GO Process	GO:0010863	Positive regulation of phospholipase C activity
SELE	9606.ENSP00000331736	GO Process	GO:0016477	Cell migration
SELE	9606.ENSP00000331736	GO Process	GO:0019722	Calcium-mediated signaling
SELE	9606.ENSP00000331736	GO Process	GO:0019932	Second-messenger-mediated signaling
SELE	9606.ENSP00000331736	GO Process	GO:0022407	Regulation of cell-cell adhesion
SELE	9606.ENSP00000331736	GO Process	GO:0022409	Positive regulation of cell-cell adhesion
SELE	9606.ENSP00000331736	GO Process	GO:0023052	Signaling
SELE	9606.ENSP00000331736	GO Process	GO:0030029	Actin filament-based process
SELE	9606.ENSP00000331736	GO Process	GO:0030100	Regulation of endocytosis
SELE	9606.ENSP00000331736	GO Process	GO:0030155	Regulation of cell adhesion
SELE	9606.ENSP00000331736	GO Process	GO:0030334	Regulation of cell migration
SELE	9606.ENSP00000331736	GO Process	GO:0031347	Regulation of defense response
SELE	9606.ENSP00000331736	GO Process	GO:0032101	Regulation of response to external stimulus
SELE	9606.ENSP00000331736	GO Process	GO:0032496	Response to lipopolysaccharide
SELE	9606.ENSP00000331736	GO Process	GO:0032879	Regulation of localization
SELE	9606.ENSP00000331736	GO Process	GO:0033993	Response to lipid
SELE	9606.ENSP00000331736	GO Process	GO:0034097	Response to cytokine
SELE	9606.ENSP00000331736	GO Process	GO:0034612	Response to tumor necrosis factor
SELE	9606.ENSP00000331736	GO Process	GO:0035556	Intracellular signal transduction
SELE	9606.ENSP00000331736	GO Process	GO:0040012	Regulation of locomotion
SELE	9606.ENSP00000331736	GO Process	GO:0042221	Response to chemical
SELE	9606.ENSP00000331736	GO Process	GO:0043085	Positive regulation of catalytic activity
SELE	9606.ENSP00000331736	GO Process	GO:0043207	Response to external biotic stimulus
SELE	9606.ENSP00000331736	GO Process	GO:0044093	Positive regulation of molecular function
SELE	9606.ENSP00000331736	GO Process	GO:0044419	Biological process involved in interspecies interaction between organisms
SELE	9606.ENSP00000331736	GO Process	GO:0045123	Cellular extravasation
SELE	9606.ENSP00000331736	GO Process	GO:0045785	Positive regulation of cell adhesion
SELE	9606.ENSP00000331736	GO Process	GO:0045807	Positive regulation of endocytosis
SELE	9606.ENSP00000331736	GO Process	GO:0048259	Regulation of receptor-mediated endocytosis
SELE	9606.ENSP00000331736	GO Process	GO:0048260	Positive regulation of receptor-mediated endocytosis
SELE	9606.ENSP00000331736	GO Process	GO:0048518	Positive regulation of biological process
SELE	9606.ENSP00000331736	GO Process	GO:0048522	Positive regulation of cellular process
SELE	9606.ENSP00000331736	GO Process	GO:0048583	Regulation of response to stimulus
SELE	9606.ENSP00000331736	GO Process	GO:0048870	Cell motility
SELE	9606.ENSP00000331736	GO Process	GO:0050727	Regulation of inflammatory response
SELE	9606.ENSP00000331736	GO Process	GO:0050789	Regulation of biological process
SELE	9606.ENSP00000331736	GO Process	GO:0050790	Regulation of catalytic activity
SELE	9606.ENSP00000331736	GO Process	GO:0050794	Regulation of cellular process
SELE	9606.ENSP00000331736	GO Process	GO:0050896	Response to stimulus
SELE	9606.ENSP00000331736	GO Process	GO:0050900	Leukocyte migration
SELE	9606.ENSP00000331736	GO Process	GO:0050901	Leukocyte tethering or rolling
SELE	9606.ENSP00000331736	GO Process	GO:0051049	Regulation of transport
SELE	9606.ENSP00000331736	GO Process	GO:0051050	Positive regulation of transport
SELE	9606.ENSP00000331736	GO Process	GO:0051128	Regulation of cellular component organization
SELE	9606.ENSP00000331736	GO Process	GO:0051130	Positive regulation of cellular component organization
SELE	9606.ENSP00000331736	GO Process	GO:0051336	Regulation of hydrolase activity
SELE	9606.ENSP00000331736	GO Process	GO:0051345	Positive regulation of hydrolase activity
SELE	9606.ENSP00000331736	GO Process	GO:0051707	Response to other organism
SELE	9606.ENSP00000331736	GO Process	GO:0051716	Cellular response to stimulus
SELE	9606.ENSP00000331736	GO Process	GO:0060191	Regulation of lipase activity
SELE	9606.ENSP00000331736	GO Process	GO:0060193	Positive regulation of lipase activity
SELE	9606.ENSP00000331736	GO Process	GO:0060627	Regulation of vesicle-mediated transport
SELE	9606.ENSP00000331736	GO Process	GO:0061756	Leukocyte adhesion to vascular endothelial cell
SELE	9606.ENSP00000331736	GO Process	GO:0065007	Biological regulation
SELE	9606.ENSP00000331736	GO Process	GO:0065009	Regulation of molecular function
SELE	9606.ENSP00000331736	GO Process	GO:0070555	Response to interleukin-1
SELE	9606.ENSP00000331736	GO Process	GO:0080134	Regulation of response to stress
SELE	9606.ENSP00000331736	GO Process	GO:0098609	Cell-cell adhesion
SELE	9606.ENSP00000331736	GO Process	GO:0098742	Cell-cell adhesion via plasma-membrane adhesion molecules
SELE	9606.ENSP00000331736	GO Process	GO:1900274	Regulation of phospholipase C activity
SELE	9606.ENSP00000331736	GO Process	GO:1901700	Response to oxygen-containing compound
SELE	9606.ENSP00000331736	GO Process	GO:1903037	Regulation of leukocyte cell-cell adhesion
SELE	9606.ENSP00000331736	GO Process	GO:1903039	Positive regulation of leukocyte cell-cell adhesion
SELE	9606.ENSP00000331736	GO Process	GO:1903236	Regulation of leukocyte tethering or rolling
SELE	9606.ENSP00000331736	GO Process	GO:1903238	Positive regulation of leukocyte tethering or rolling
SELE	9606.ENSP00000331736	GO Process	GO:1904994	Regulation of leukocyte adhesion to vascular endothelial cell
SELE	9606.ENSP00000331736	GO Process	GO:1904996	Positive regulation of leukocyte adhesion to vascular endothelial cell
SELE	9606.ENSP00000331736	GO Process	GO:2000145	Regulation of cell motility
SELE	9606.ENSP00000331736	GO Function	GO:0004888	Transmembrane signaling receptor activity
SELE	9606.ENSP00000331736	GO Function	GO:0005488	Binding
SELE	9606.ENSP00000331736	GO Function	GO:0005515	Protein binding
SELE	9606.ENSP00000331736	GO Function	GO:0019899	Enzyme binding
SELE	9606.ENSP00000331736	GO Function	GO:0030246	Carbohydrate binding
SELE	9606.ENSP00000331736	GO Function	GO:0031406	Carboxylic acid binding
SELE	9606.ENSP00000331736	GO Function	GO:0033691	Sialic acid binding
SELE	9606.ENSP00000331736	GO Function	GO:0038023	Signaling receptor activity
SELE	9606.ENSP00000331736	GO Function	GO:0043167	Ion binding
SELE	9606.ENSP00000331736	GO Function	GO:0043168	Anion binding
SELE	9606.ENSP00000331736	GO Function	GO:0043169	Cation binding
SELE	9606.ENSP00000331736	GO Function	GO:0043274	Phospholipase binding
SELE	9606.ENSP00000331736	GO Function	GO:0046872	Metal ion binding
SELE	9606.ENSP00000331736	GO Function	GO:0060089	Molecular transducer activity
SELE	9606.ENSP00000331736	GO Function	GO:0070492	Oligosaccharide binding
SELE	9606.ENSP00000331736	GO Function	GO:0097367	Carbohydrate derivative binding
SELE	9606.ENSP00000331736	GO Component	GO:0005576	Extracellular region
SELE	9606.ENSP00000331736	GO Component	GO:0005615	Extracellular space
SELE	9606.ENSP00000331736	GO Component	GO:0005622	Intracellular anatomical structure
SELE	9606.ENSP00000331736	GO Component	GO:0005737	Cytoplasm
SELE	9606.ENSP00000331736	GO Component	GO:0005856	Cytoskeleton
SELE	9606.ENSP00000331736	GO Component	GO:0005886	Plasma membrane
SELE	9606.ENSP00000331736	GO Component	GO:0005887	Integral component of plasma membrane
SELE	9606.ENSP00000331736	GO Component	GO:0005901	Caveola
SELE	9606.ENSP00000331736	GO Component	GO:0005905	Clathrin-coated pit
SELE	9606.ENSP00000331736	GO Component	GO:0005938	Cell cortex
SELE	9606.ENSP00000331736	GO Component	GO:0009897	External side of plasma membrane
SELE	9606.ENSP00000331736	GO Component	GO:0009986	Cell surface
SELE	9606.ENSP00000331736	GO Component	GO:0012505	Endomembrane system
SELE	9606.ENSP00000331736	GO Component	GO:0016020	Membrane
SELE	9606.ENSP00000331736	GO Component	GO:0016021	Integral component of membrane
SELE	9606.ENSP00000331736	GO Component	GO:0030863	Cortical cytoskeleton
SELE	9606.ENSP00000331736	GO Component	GO:0031224	Intrinsic component of membrane
SELE	9606.ENSP00000331736	GO Component	GO:0031226	Intrinsic component of plasma membrane
SELE	9606.ENSP00000331736	GO Component	GO:0043226	Organelle
SELE	9606.ENSP00000331736	GO Component	GO:0043228	Non-membrane-bounded organelle
SELE	9606.ENSP00000331736	GO Component	GO:0043229	Intracellular organelle
SELE	9606.ENSP00000331736	GO Component	GO:0043232	Intracellular non-membrane-bounded organelle
SELE	9606.ENSP00000331736	GO Component	GO:0044853	Plasma membrane raft
SELE	9606.ENSP00000331736	GO Component	GO:0045121	Membrane raft
SELE	9606.ENSP00000331736	GO Component	GO:0048471	Perinuclear region of cytoplasm
SELE	9606.ENSP00000331736	GO Component	GO:0071944	Cell periphery
SELE	9606.ENSP00000331736	GO Component	GO:0098552	Side of membrane
SELE	9606.ENSP00000331736	GO Component	GO:0098590	Plasma membrane region
SELE	9606.ENSP00000331736	GO Component	GO:0098857	Membrane microdomain
SELE	9606.ENSP00000331736	GO Component	GO:0110165	Cellular anatomical entity
SELE	9606.ENSP00000331736	STRING clusters	CL:15535	Mixed, incl. Chemokine-mediated signaling pathway, and Adaptive immunity
SELE	9606.ENSP00000331736	STRING clusters	CL:15876	Mixed, incl. Selectin superfamily, and Myeloid sarcoma
SELE	9606.ENSP00000331736	STRING clusters	CL:15879	Selectin superfamily, and Myofibroma
SELE	9606.ENSP00000331736	KEGG	hsa04514	Cell adhesion molecules
SELE	9606.ENSP00000331736	KEGG	hsa04668	TNF signaling pathway
SELE	9606.ENSP00000331736	KEGG	hsa04933	AGE-RAGE signaling pathway in diabetic complications
SELE	9606.ENSP00000331736	KEGG	hsa05143	African trypanosomiasis
SELE	9606.ENSP00000331736	KEGG	hsa05144	Malaria
SELE	9606.ENSP00000331736	KEGG	hsa05418	Fluid shear stress and atherosclerosis
SELE	9606.ENSP00000331736	Reactome	HSA-109582	Hemostasis
SELE	9606.ENSP00000331736	Reactome	HSA-202733	Cell surface interactions at the vascular wall
SELE	9606.ENSP00000331736	WikiPathways	WP231	TNF-alpha signaling pathway
SELE	9606.ENSP00000331736	WikiPathways	WP2806	Complement system
SELE	9606.ENSP00000331736	WikiPathways	WP3617	Photodynamic therapy-induced NF-kB survival signaling
SELE	9606.ENSP00000331736	WikiPathways	WP3888	VEGFA-VEGFR2 signaling
SELE	9606.ENSP00000331736	WikiPathways	WP4462	Platelet-mediated interactions with vascular and circulating cells
SELE	9606.ENSP00000331736	WikiPathways	WP4747	Netrin-UNC5B signaling pathway
SELE	9606.ENSP00000331736	WikiPathways	WP5087	Malignant pleural mesothelioma
SELE	9606.ENSP00000331736	DISEASES	DOID:0050828	Artery disease
SELE	9606.ENSP00000331736	DISEASES	DOID:10763	Hypertension
SELE	9606.ENSP00000331736	DISEASES	DOID:1287	Cardiovascular system disease
SELE	9606.ENSP00000331736	DISEASES	DOID:178	Vascular disease
SELE	9606.ENSP00000331736	DISEASES	DOID:4	Disease
SELE	9606.ENSP00000331736	DISEASES	DOID:7	Disease of anatomical entity
SELE	9606.ENSP00000331736	TISSUES	BTO:0000000	Tissues, cell types and enzyme sources
SELE	9606.ENSP00000331736	TISSUES	BTO:0000042	Animal
SELE	9606.ENSP00000331736	TISSUES	BTO:0000081	Reproductive system
SELE	9606.ENSP00000331736	TISSUES	BTO:0000083	Female reproductive system
SELE	9606.ENSP00000331736	TISSUES	BTO:0000088	Cardiovascular system
SELE	9606.ENSP00000331736	TISSUES	BTO:0000174	Embryonic structure
SELE	9606.ENSP00000331736	TISSUES	BTO:0000234	Vein
SELE	9606.ENSP00000331736	TISSUES	BTO:0000284	Organism form
SELE	9606.ENSP00000331736	TISSUES	BTO:0000393	Endothelium
SELE	9606.ENSP00000331736	TISSUES	BTO:0000416	Epithelium
SELE	9606.ENSP00000331736	TISSUES	BTO:0000449	Fetus
SELE	9606.ENSP00000331736	TISSUES	BTO:0000562	Heart
SELE	9606.ENSP00000331736	TISSUES	BTO:0000634	Integument
SELE	9606.ENSP00000331736	TISSUES	BTO:0000766	Blood vessel endothelium
SELE	9606.ENSP00000331736	TISSUES	BTO:0001078	Placenta
SELE	9606.ENSP00000331736	TISSUES	BTO:0001085	Vascular system
SELE	9606.ENSP00000331736	TISSUES	BTO:0001102	Blood vessel
SELE	9606.ENSP00000331736	TISSUES	BTO:0001120	Epithelial cell line
SELE	9606.ENSP00000331736	TISSUES	BTO:0001176	Endothelial cell
SELE	9606.ENSP00000331736	TISSUES	BTO:0001415	Umbilical cord
SELE	9606.ENSP00000331736	TISSUES	BTO:0001416	Umbilical vein endothelium
SELE	9606.ENSP00000331736	TISSUES	BTO:0001489	Whole body
SELE	9606.ENSP00000331736	TISSUES	BTO:0001509	Umbilical vein
SELE	9606.ENSP00000331736	TISSUES	BTO:0001519	Endothelial cell line
SELE	9606.ENSP00000331736	TISSUES	BTO:0001520	Umbilical vein endothelial cell line
SELE	9606.ENSP00000331736	TISSUES	BTO:0001853	Vascular endothelium
SELE	9606.ENSP00000331736	TISSUES	BTO:0001854	Vascular endothelial cell
SELE	9606.ENSP00000331736	TISSUES	BTO:0001949	HUVEC cell
SELE	9606.ENSP00000331736	TISSUES	BTO:0002626	Venule
SELE	9606.ENSP00000331736	TISSUES	BTO:0002688	Vascular cell
SELE	9606.ENSP00000331736	TISSUES	BTO:0003091	Urogenital system
SELE	9606.ENSP00000331736	TISSUES	BTO:0003099	Internal female genital organ
SELE	9606.ENSP00000331736	TISSUES	BTO:0004296	Umbilical vein endothelial cell
SELE	9606.ENSP00000331736	COMPARTMENTS	GOCC:0005576	Extracellular region
SELE	9606.ENSP00000331736	COMPARTMENTS	GOCC:0005615	Extracellular space
SELE	9606.ENSP00000331736	COMPARTMENTS	GOCC:0005622	Intracellular
SELE	9606.ENSP00000331736	COMPARTMENTS	GOCC:0005737	Cytoplasm
SELE	9606.ENSP00000331736	COMPARTMENTS	GOCC:0005856	Cytoskeleton
SELE	9606.ENSP00000331736	COMPARTMENTS	GOCC:0005886	Plasma membrane
SELE	9606.ENSP00000331736	COMPARTMENTS	GOCC:0005887	Integral component of plasma membrane
SELE	9606.ENSP00000331736	COMPARTMENTS	GOCC:0005901	Caveola
SELE	9606.ENSP00000331736	COMPARTMENTS	GOCC:0005905	Clathrin-coated pit
SELE	9606.ENSP00000331736	COMPARTMENTS	GOCC:0005938	Cell cortex
SELE	9606.ENSP00000331736	COMPARTMENTS	GOCC:0012505	Endomembrane system
SELE	9606.ENSP00000331736	COMPARTMENTS	GOCC:0016020	Membrane
SELE	9606.ENSP00000331736	COMPARTMENTS	GOCC:0016021	Integral component of membrane
SELE	9606.ENSP00000331736	COMPARTMENTS	GOCC:0030863	Cortical cytoskeleton
SELE	9606.ENSP00000331736	COMPARTMENTS	GOCC:0031224	Intrinsic component of membrane
SELE	9606.ENSP00000331736	COMPARTMENTS	GOCC:0031226	Intrinsic component of plasma membrane
SELE	9606.ENSP00000331736	COMPARTMENTS	GOCC:0043226	Organelle
SELE	9606.ENSP00000331736	COMPARTMENTS	GOCC:0043228	Non-membrane-bounded organelle
SELE	9606.ENSP00000331736	COMPARTMENTS	GOCC:0043229	Intracellular organelle
SELE	9606.ENSP00000331736	COMPARTMENTS	GOCC:0043232	Intracellular non-membrane-bounded organelle
SELE	9606.ENSP00000331736	COMPARTMENTS	GOCC:0044853	Plasma membrane raft
SELE	9606.ENSP00000331736	COMPARTMENTS	GOCC:0045121	Membrane raft
SELE	9606.ENSP00000331736	COMPARTMENTS	GOCC:0071944	Cell periphery
SELE	9606.ENSP00000331736	COMPARTMENTS	GOCC:0072562	Blood microparticle
SELE	9606.ENSP00000331736	COMPARTMENTS	GOCC:0072563	Endothelial microparticle
SELE	9606.ENSP00000331736	COMPARTMENTS	GOCC:0098590	Plasma membrane region
SELE	9606.ENSP00000331736	COMPARTMENTS	GOCC:0098857	Membrane microdomain
SELE	9606.ENSP00000331736	COMPARTMENTS	GOCC:0110165	Cellular anatomical entity
SELE	9606.ENSP00000331736	Monarch	EFO:0000246	Age
SELE	9606.ENSP00000331736	Monarch	EFO:0000719	Temporal measurement
SELE	9606.ENSP00000331736	Monarch	EFO:0004308	Leukocyte count
SELE	9606.ENSP00000331736	Monarch	EFO:0004503	Hematological measurement
SELE	9606.ENSP00000331736	Monarch	EFO:0004522	Adhesion molecule measurement
SELE	9606.ENSP00000331736	Monarch	EFO:0004575	E-selectin measurement
SELE	9606.ENSP00000331736	Monarch	EFO:0004586	Complete blood cell count
SELE	9606.ENSP00000331736	Monarch	EFO:0004704	Age at menopause
SELE	9606.ENSP00000331736	Monarch	EFO:0004747	Protein measurement
SELE	9606.ENSP00000331736	Monarch	EFO:0004872	Inflammatory biomarker measurement
SELE	9606.ENSP00000331736	Monarch	EFO:0005091	Monocyte count
SELE	9606.ENSP00000331736	Monarch	EFO:0005127	Cancer biomarker measurement
SELE	9606.ENSP00000331736	Monarch	EFO:0007937	Blood protein measurement
SELE	9606.ENSP00000331736	Monarch	EFO:0007988	Myeloid white cell count
SELE	9606.ENSP00000331736	Monarch	EFO:0007989	Monocyte percentage of leukocytes
SELE	9606.ENSP00000331736	UniProt Keywords	KW-0106	Calcium
SELE	9606.ENSP00000331736	UniProt Keywords	KW-0130	Cell adhesion
SELE	9606.ENSP00000331736	UniProt Keywords	KW-0245	EGF-like domain
SELE	9606.ENSP00000331736	UniProt Keywords	KW-0325	Glycoprotein
SELE	9606.ENSP00000331736	UniProt Keywords	KW-0430	Lectin
SELE	9606.ENSP00000331736	UniProt Keywords	KW-0472	Membrane
SELE	9606.ENSP00000331736	UniProt Keywords	KW-0479	Metal-binding
SELE	9606.ENSP00000331736	UniProt Keywords	KW-0677	Repeat
SELE	9606.ENSP00000331736	UniProt Keywords	KW-0732	Signal
SELE	9606.ENSP00000331736	UniProt Keywords	KW-0768	Sushi
SELE	9606.ENSP00000331736	UniProt Keywords	KW-0812	Transmembrane
SELE	9606.ENSP00000331736	UniProt Keywords	KW-1003	Cell membrane
SELE	9606.ENSP00000331736	UniProt Keywords	KW-1015	Disulfide bond
SELE	9606.ENSP00000331736	UniProt Keywords	KW-1133	Transmembrane helix
SELE	9606.ENSP00000331736	InterPro	IPR000436	Sushi/SCR/CCP domain
SELE	9606.ENSP00000331736	InterPro	IPR000742	EGF-like domain
SELE	9606.ENSP00000331736	InterPro	IPR001304	C-type lectin-like
SELE	9606.ENSP00000331736	InterPro	IPR002396	Selectin superfamily
SELE	9606.ENSP00000331736	InterPro	IPR016186	C-type lectin-like/link domain superfamily
SELE	9606.ENSP00000331736	InterPro	IPR016187	C-type lectin fold
SELE	9606.ENSP00000331736	InterPro	IPR018378	C-type lectin, conserved site
SELE	9606.ENSP00000331736	InterPro	IPR033991	Selectin, C-type lectin-like domain
SELE	9606.ENSP00000331736	InterPro	IPR035976	Sushi/SCR/CCP superfamily
SELE	9606.ENSP00000331736	SMART	SM00032	Domain abundant in complement control proteins
SELE	9606.ENSP00000331736	SMART	SM00034	C-type lectin (CTL) or carbohydrate-recognition domain (CRD)
SELE	9606.ENSP00000331736	SMART	SM00181	Epidermal growth factor-like domain.
SGO1	9606.ENSP00000263753	GO Process	GO:0000003	Reproduction
SGO1	9606.ENSP00000263753	GO Process	GO:0000070	Mitotic sister chromatid segregation
SGO1	9606.ENSP00000263753	GO Process	GO:0000226	Microtubule cytoskeleton organization
SGO1	9606.ENSP00000263753	GO Process	GO:0000278	Mitotic cell cycle
SGO1	9606.ENSP00000263753	GO Process	GO:0000280	Nuclear division
SGO1	9606.ENSP00000263753	GO Process	GO:0000819	Sister chromatid segregation
SGO1	9606.ENSP00000263753	GO Process	GO:0006996	Organelle organization
SGO1	9606.ENSP00000263753	GO Process	GO:0007010	Cytoskeleton organization
SGO1	9606.ENSP00000263753	GO Process	GO:0007017	Microtubule-based process
SGO1	9606.ENSP00000263753	GO Process	GO:0007049	Cell cycle
SGO1	9606.ENSP00000263753	GO Process	GO:0007059	Chromosome segregation
SGO1	9606.ENSP00000263753	GO Process	GO:0007062	Sister chromatid cohesion
SGO1	9606.ENSP00000263753	GO Process	GO:0007064	Mitotic sister chromatid cohesion
SGO1	9606.ENSP00000263753	GO Process	GO:0007098	Centrosome cycle
SGO1	9606.ENSP00000263753	GO Process	GO:0007127	Meiosis I
SGO1	9606.ENSP00000263753	GO Process	GO:0007135	Meiosis II
SGO1	9606.ENSP00000263753	GO Process	GO:0008608	Attachment of spindle microtubules to kinetochore
SGO1	9606.ENSP00000263753	GO Process	GO:0009987	Cellular process
SGO1	9606.ENSP00000263753	GO Process	GO:0010457	Centriole-centriole cohesion
SGO1	9606.ENSP00000263753	GO Process	GO:0016043	Cellular component organization
SGO1	9606.ENSP00000263753	GO Process	GO:0022402	Cell cycle process
SGO1	9606.ENSP00000263753	GO Process	GO:0022414	Reproductive process
SGO1	9606.ENSP00000263753	GO Process	GO:0031023	Microtubule organizing center organization
SGO1	9606.ENSP00000263753	GO Process	GO:0045132	Meiotic chromosome segregation
SGO1	9606.ENSP00000263753	GO Process	GO:0045143	Homologous chromosome segregation
SGO1	9606.ENSP00000263753	GO Process	GO:0045144	Meiotic sister chromatid segregation
SGO1	9606.ENSP00000263753	GO Process	GO:0048285	Organelle fission
SGO1	9606.ENSP00000263753	GO Process	GO:0051177	Meiotic sister chromatid cohesion
SGO1	9606.ENSP00000263753	GO Process	GO:0051276	Chromosome organization
SGO1	9606.ENSP00000263753	GO Process	GO:0051301	Cell division
SGO1	9606.ENSP00000263753	GO Process	GO:0051321	Meiotic cell cycle
SGO1	9606.ENSP00000263753	GO Process	GO:0061982	Meiosis I cell cycle process
SGO1	9606.ENSP00000263753	GO Process	GO:0061983	Meiosis II cell cycle process
SGO1	9606.ENSP00000263753	GO Process	GO:0070192	Chromosome organization involved in meiotic cell cycle
SGO1	9606.ENSP00000263753	GO Process	GO:0070601	Centromeric sister chromatid cohesion
SGO1	9606.ENSP00000263753	GO Process	GO:0071840	Cellular component organization or biogenesis
SGO1	9606.ENSP00000263753	GO Process	GO:0071962	Mitotic sister chromatid cohesion, centromeric
SGO1	9606.ENSP00000263753	GO Process	GO:0098813	Nuclear chromosome segregation
SGO1	9606.ENSP00000263753	GO Process	GO:0140013	Meiotic nuclear division
SGO1	9606.ENSP00000263753	GO Process	GO:0140014	Mitotic nuclear division
SGO1	9606.ENSP00000263753	GO Process	GO:1903046	Meiotic cell cycle process
SGO1	9606.ENSP00000263753	GO Process	GO:1903047	Mitotic cell cycle process
SGO1	9606.ENSP00000263753	GO Function	GO:0005488	Binding
SGO1	9606.ENSP00000263753	GO Function	GO:0005515	Protein binding
SGO1	9606.ENSP00000263753	GO Function	GO:0019899	Enzyme binding
SGO1	9606.ENSP00000263753	GO Function	GO:0019900	Kinase binding
SGO1	9606.ENSP00000263753	GO Component	GO:0000775	Chromosome, centromeric region
SGO1	9606.ENSP00000263753	GO Component	GO:0000776	Kinetochore
SGO1	9606.ENSP00000263753	GO Component	GO:0000779	Condensed chromosome, centromeric region
SGO1	9606.ENSP00000263753	GO Component	GO:0000793	Condensed chromosome
SGO1	9606.ENSP00000263753	GO Component	GO:0000922	Spindle pole
SGO1	9606.ENSP00000263753	GO Component	GO:0005622	Intracellular anatomical structure
SGO1	9606.ENSP00000263753	GO Component	GO:0005634	Nucleus
SGO1	9606.ENSP00000263753	GO Component	GO:0005654	Nucleoplasm
SGO1	9606.ENSP00000263753	GO Component	GO:0005694	Chromosome
SGO1	9606.ENSP00000263753	GO Component	GO:0005737	Cytoplasm
SGO1	9606.ENSP00000263753	GO Component	GO:0005813	Centrosome
SGO1	9606.ENSP00000263753	GO Component	GO:0005815	Microtubule organizing center
SGO1	9606.ENSP00000263753	GO Component	GO:0005819	Spindle
SGO1	9606.ENSP00000263753	GO Component	GO:0005829	Cytosol
SGO1	9606.ENSP00000263753	GO Component	GO:0005856	Cytoskeleton
SGO1	9606.ENSP00000263753	GO Component	GO:0015630	Microtubule cytoskeleton
SGO1	9606.ENSP00000263753	GO Component	GO:0031974	Membrane-enclosed lumen
SGO1	9606.ENSP00000263753	GO Component	GO:0031981	Nuclear lumen
SGO1	9606.ENSP00000263753	GO Component	GO:0043226	Organelle
SGO1	9606.ENSP00000263753	GO Component	GO:0043227	Membrane-bounded organelle
SGO1	9606.ENSP00000263753	GO Component	GO:0043228	Non-membrane-bounded organelle
SGO1	9606.ENSP00000263753	GO Component	GO:0043229	Intracellular organelle
SGO1	9606.ENSP00000263753	GO Component	GO:0043231	Intracellular membrane-bounded organelle
SGO1	9606.ENSP00000263753	GO Component	GO:0043232	Intracellular non-membrane-bounded organelle
SGO1	9606.ENSP00000263753	GO Component	GO:0043233	Organelle lumen
SGO1	9606.ENSP00000263753	GO Component	GO:0070013	Intracellular organelle lumen
SGO1	9606.ENSP00000263753	GO Component	GO:0098687	Chromosomal region
SGO1	9606.ENSP00000263753	GO Component	GO:0099080	Supramolecular complex
SGO1	9606.ENSP00000263753	GO Component	GO:0110165	Cellular anatomical entity
SGO1	9606.ENSP00000263753	STRING clusters	CL:8023	Mixed, incl. Protein serine/threonine phosphatase complex, and Phosphatase regulator activity
SGO1	9606.ENSP00000263753	STRING clusters	CL:8024	Mixed, incl. Protein serine/threonine phosphatase complex, and Protein phosphatase regulator activity
SGO1	9606.ENSP00000263753	STRING clusters	CL:8026	Mixed, incl. Magnesium-dependent protein serine/threonine phosphatase complex, and Cerebral cavernous malformation 3
SGO1	9606.ENSP00000263753	STRING clusters	CL:8027	Mixed, incl. Magnesium-dependent protein serine/threonine phosphatase complex, and Calcipressin
SGO1	9606.ENSP00000263753	STRING clusters	CL:8028	Magnesium-dependent protein serine/threonine phosphatase complex, and Calcipressin
SGO1	9606.ENSP00000263753	STRING clusters	CL:8029	Magnesium-dependent protein serine/threonine phosphatase complex, and Calcipressin
SGO1	9606.ENSP00000263753	STRING clusters	CL:8030	Magnesium-dependent protein serine/threonine phosphatase complex
SGO1	9606.ENSP00000263753	STRING clusters	CL:8032	Protein phosphatase type 2A complex
SGO1	9606.ENSP00000263753	KEGG	hsa04114	Oocyte meiosis
SGO1	9606.ENSP00000263753	Reactome	HSA-141424	Amplification of signal from the kinetochores
SGO1	9606.ENSP00000263753	Reactome	HSA-141444	Amplification  of signal from unattached  kinetochores via a MAD2  inhibitory signal
SGO1	9606.ENSP00000263753	Reactome	HSA-162582	Signal Transduction
SGO1	9606.ENSP00000263753	Reactome	HSA-1640170	Cell Cycle
SGO1	9606.ENSP00000263753	Reactome	HSA-194315	Signaling by Rho GTPases
SGO1	9606.ENSP00000263753	Reactome	HSA-195258	RHO GTPase Effectors
SGO1	9606.ENSP00000263753	Reactome	HSA-2467813	Separation of Sister Chromatids
SGO1	9606.ENSP00000263753	Reactome	HSA-2500257	Resolution of Sister Chromatid Cohesion
SGO1	9606.ENSP00000263753	Reactome	HSA-2555396	Mitotic Metaphase and Anaphase
SGO1	9606.ENSP00000263753	Reactome	HSA-5663220	RHO GTPases Activate Formins
SGO1	9606.ENSP00000263753	Reactome	HSA-68877	Mitotic Prometaphase
SGO1	9606.ENSP00000263753	Reactome	HSA-68882	Mitotic Anaphase
SGO1	9606.ENSP00000263753	Reactome	HSA-68886	M Phase
SGO1	9606.ENSP00000263753	Reactome	HSA-69278	Cell Cycle, Mitotic
SGO1	9606.ENSP00000263753	Reactome	HSA-69618	Mitotic Spindle Checkpoint
SGO1	9606.ENSP00000263753	Reactome	HSA-69620	Cell Cycle Checkpoints
SGO1	9606.ENSP00000263753	Reactome	HSA-9648025	EML4 and NUDC in mitotic spindle formation
SGO1	9606.ENSP00000263753	Reactome	HSA-9716542	Signaling by Rho GTPases, Miro GTPases and RHOBTB3
SGO1	9606.ENSP00000263753	WikiPathways	WP5117	Cohesin complex - Cornelia de Lange syndrome
SGO1	9606.ENSP00000263753	DISEASES	DOID:0060339	Chronic atrial and intestinal dysrhythmia
SGO1	9606.ENSP00000263753	DISEASES	DOID:225	Syndrome
SGO1	9606.ENSP00000263753	DISEASES	DOID:4	Disease
SGO1	9606.ENSP00000263753	TISSUES	BTO:0000000	Tissues, cell types and enzyme sources
SGO1	9606.ENSP00000263753	TISSUES	BTO:0000042	Animal
SGO1	9606.ENSP00000263753	TISSUES	BTO:0000081	Reproductive system
SGO1	9606.ENSP00000263753	TISSUES	BTO:0000083	Female reproductive system
SGO1	9606.ENSP00000263753	TISSUES	BTO:0000149	Breast
SGO1	9606.ENSP00000263753	TISSUES	BTO:0000254	Female reproductive gland
SGO1	9606.ENSP00000263753	TISSUES	BTO:0000431	Excretory gland
SGO1	9606.ENSP00000263753	TISSUES	BTO:0000522	Gland
SGO1	9606.ENSP00000263753	TISSUES	BTO:0000817	Mammary gland
SGO1	9606.ENSP00000263753	TISSUES	BTO:0001368	Thorax
SGO1	9606.ENSP00000263753	TISSUES	BTO:0001421	Uterine cervix
SGO1	9606.ENSP00000263753	TISSUES	BTO:0001424	Uterus
SGO1	9606.ENSP00000263753	TISSUES	BTO:0001488	Endocrine gland
SGO1	9606.ENSP00000263753	TISSUES	BTO:0001489	Whole body
SGO1	9606.ENSP00000263753	TISSUES	BTO:0001493	Trunk
SGO1	9606.ENSP00000263753	TISSUES	BTO:0003091	Urogenital system
SGO1	9606.ENSP00000263753	TISSUES	BTO:0003099	Internal female genital organ
SGO1	9606.ENSP00000263753	COMPARTMENTS	GOCC:0000775	Chromosome, centromeric region
SGO1	9606.ENSP00000263753	COMPARTMENTS	GOCC:0000776	Kinetochore
SGO1	9606.ENSP00000263753	COMPARTMENTS	GOCC:0000779	Condensed chromosome, centromeric region
SGO1	9606.ENSP00000263753	COMPARTMENTS	GOCC:0000793	Condensed chromosome
SGO1	9606.ENSP00000263753	COMPARTMENTS	GOCC:0000922	Spindle pole
SGO1	9606.ENSP00000263753	COMPARTMENTS	GOCC:0005622	Intracellular
SGO1	9606.ENSP00000263753	COMPARTMENTS	GOCC:0005634	Nucleus
SGO1	9606.ENSP00000263753	COMPARTMENTS	GOCC:0005694	Chromosome
SGO1	9606.ENSP00000263753	COMPARTMENTS	GOCC:0005813	Centrosome
SGO1	9606.ENSP00000263753	COMPARTMENTS	GOCC:0005815	Microtubule organizing center
SGO1	9606.ENSP00000263753	COMPARTMENTS	GOCC:0005819	Spindle
SGO1	9606.ENSP00000263753	COMPARTMENTS	GOCC:0005856	Cytoskeleton
SGO1	9606.ENSP00000263753	COMPARTMENTS	GOCC:0015630	Microtubule cytoskeleton
SGO1	9606.ENSP00000263753	COMPARTMENTS	GOCC:0043226	Organelle
SGO1	9606.ENSP00000263753	COMPARTMENTS	GOCC:0043227	Membrane-bounded organelle
SGO1	9606.ENSP00000263753	COMPARTMENTS	GOCC:0043228	Non-membrane-bounded organelle
SGO1	9606.ENSP00000263753	COMPARTMENTS	GOCC:0043229	Intracellular organelle
SGO1	9606.ENSP00000263753	COMPARTMENTS	GOCC:0043231	Intracellular membrane-bounded organelle
SGO1	9606.ENSP00000263753	COMPARTMENTS	GOCC:0043232	Intracellular non-membrane-bounded organelle
SGO1	9606.ENSP00000263753	COMPARTMENTS	GOCC:0098687	Chromosomal region
SGO1	9606.ENSP00000263753	COMPARTMENTS	GOCC:0099080	Supramolecular complex
SGO1	9606.ENSP00000263753	COMPARTMENTS	GOCC:0110165	Cellular anatomical entity
SGO1	9606.ENSP00000263753	Monarch	EFO:0004365	Personality trait
SGO1	9606.ENSP00000263753	Monarch	EFO:0004503	Hematological measurement
SGO1	9606.ENSP00000263753	Monarch	EFO:0004782	Behavior or behavioral disorder measurement
SGO1	9606.ENSP00000263753	Monarch	EFO:0010700	Reticulocyte measurement
SGO1	9606.ENSP00000263753	Monarch	HP:0000118	Phenotypic abnormality
SGO1	9606.ENSP00000263753	Monarch	HP:0001507	Growth abnormality
SGO1	9606.ENSP00000263753	Monarch	HP:0001508	Failure to thrive
SGO1	9606.ENSP00000263753	Monarch	HP:0001626	Abnormality of the cardiovascular system
SGO1	9606.ENSP00000263753	Monarch	HP:0001627	Abnormal heart morphology
SGO1	9606.ENSP00000263753	Monarch	HP:0001642	Pulmonic stenosis
SGO1	9606.ENSP00000263753	Monarch	HP:0001646	Abnormal aortic valve morphology
SGO1	9606.ENSP00000263753	Monarch	HP:0001647	Bicuspid aortic valve
SGO1	9606.ENSP00000263753	Monarch	HP:0001653	Mitral regurgitation
SGO1	9606.ENSP00000263753	Monarch	HP:0001654	Abnormal heart valve morphology
SGO1	9606.ENSP00000263753	Monarch	HP:0001662	Bradycardia
SGO1	9606.ENSP00000263753	Monarch	HP:0001692	Atrial arrhythmia
SGO1	9606.ENSP00000263753	Monarch	HP:0004323	Abnormality of body weight
SGO1	9606.ENSP00000263753	Monarch	HP:0004325	Decreased body weight
SGO1	9606.ENSP00000263753	Monarch	HP:0004749	Atrial flutter
SGO1	9606.ENSP00000263753	Monarch	HP:0005110	Atrial fibrillation
SGO1	9606.ENSP00000263753	Monarch	HP:0005115	Supraventricular arrhythmia
SGO1	9606.ENSP00000263753	Monarch	HP:0011025	Abnormal cardiovascular system physiology
SGO1	9606.ENSP00000263753	Monarch	HP:0011675	Arrhythmia
SGO1	9606.ENSP00000263753	Monarch	HP:0011702	Abnormal electrophysiology of sinoatrial node origin
SGO1	9606.ENSP00000263753	Monarch	HP:0011704	Sick sinus syndrome
SGO1	9606.ENSP00000263753	Monarch	HP:0012722	Heart block
SGO1	9606.ENSP00000263753	Monarch	HP:0030680	Abnormality of cardiovascular system morphology
SGO1	9606.ENSP00000263753	Monarch	HP:0030956	Abnormality of cardiovascular system electrophysiology
SGO1	9606.ENSP00000263753	Monarch	HP:0031481	Abnormal mitral valve physiology
SGO1	9606.ENSP00000263753	Monarch	HP:0031546	Cardiac conduction abnormality
SGO1	9606.ENSP00000263753	Monarch	HP:0031567	Abnormal aortic valve cusp morphology
SGO1	9606.ENSP00000263753	Monarch	HP:0031650	Abnormal atrioventricular valve physiology
SGO1	9606.ENSP00000263753	Monarch	HP:0031653	Abnormal heart valve physiology
SGO1	9606.ENSP00000263753	Monarch	HP:0031654	Abnormal pulmonary valve physiology
SGO1	9606.ENSP00000263753	Monarch	HP:0034376	Atrioventricular valve regurgitation
SGO1	9606.ENSP00000263753	UniProt Keywords	KW-0025	Alternative splicing
SGO1	9606.ENSP00000263753	UniProt Keywords	KW-0131	Cell cycle
SGO1	9606.ENSP00000263753	UniProt Keywords	KW-0132	Cell division
SGO1	9606.ENSP00000263753	UniProt Keywords	KW-0137	Centromere
SGO1	9606.ENSP00000263753	UniProt Keywords	KW-0158	Chromosome
SGO1	9606.ENSP00000263753	UniProt Keywords	KW-0159	Chromosome partition
SGO1	9606.ENSP00000263753	UniProt Keywords	KW-0175	Coiled coil
SGO1	9606.ENSP00000263753	UniProt Keywords	KW-0206	Cytoskeleton
SGO1	9606.ENSP00000263753	UniProt Keywords	KW-0498	Mitosis
SGO1	9606.ENSP00000263753	UniProt Keywords	KW-0539	Nucleus
SGO1	9606.ENSP00000263753	UniProt Keywords	KW-0597	Phosphoprotein
SGO1	9606.ENSP00000263753	UniProt Keywords	KW-0832	Ubl conjugation
SGO1	9606.ENSP00000263753	UniProt Keywords	KW-0963	Cytoplasm
SGO1	9606.ENSP00000263753	UniProt Keywords	KW-0995	Kinetochore
SGO1	9606.ENSP00000263753	Pfam	PF07557	Shugoshin C terminus
SGO1	9606.ENSP00000263753	Pfam	PF07558	Shugoshin N-terminal coiled-coil region
SGO1	9606.ENSP00000263753	InterPro	IPR011515	Shugoshin, C-terminal
SGO1	9606.ENSP00000263753	InterPro	IPR011516	Shugoshin, N-terminal coiled-coil domain
SGO1	9606.ENSP00000263753	InterPro	IPR038889	Shugoshin 1/2
SMAD4	9606.ENSP00000341551	GO Process	GO:0000003	Reproduction
SMAD4	9606.ENSP00000341551	GO Process	GO:0000122	Negative regulation of transcription by RNA polymerase II
SMAD4	9606.ENSP00000341551	GO Process	GO:0000165	MAPK cascade
SMAD4	9606.ENSP00000341551	GO Process	GO:0000578	Embryonic axis specification
SMAD4	9606.ENSP00000341551	GO Process	GO:0000902	Cell morphogenesis
SMAD4	9606.ENSP00000341551	GO Process	GO:0000904	Cell morphogenesis involved in differentiation
SMAD4	9606.ENSP00000341551	GO Process	GO:0001503	Ossification
SMAD4	9606.ENSP00000341551	GO Process	GO:0001541	Ovarian follicle development
SMAD4	9606.ENSP00000341551	GO Process	GO:0001558	Regulation of cell growth
SMAD4	9606.ENSP00000341551	GO Process	GO:0001649	Osteoblast differentiation
SMAD4	9606.ENSP00000341551	GO Process	GO:0001655	Urogenital system development
SMAD4	9606.ENSP00000341551	GO Process	GO:0001656	Metanephros development
SMAD4	9606.ENSP00000341551	GO Process	GO:0001657	Ureteric bud development
SMAD4	9606.ENSP00000341551	GO Process	GO:0001658	Branching involved in ureteric bud morphogenesis
SMAD4	9606.ENSP00000341551	GO Process	GO:0001666	Response to hypoxia
SMAD4	9606.ENSP00000341551	GO Process	GO:0001678	Cellular glucose homeostasis
SMAD4	9606.ENSP00000341551	GO Process	GO:0001701	In utero embryonic development
SMAD4	9606.ENSP00000341551	GO Process	GO:0001702	Gastrulation with mouth forming second
SMAD4	9606.ENSP00000341551	GO Process	GO:0001756	Somitogenesis
SMAD4	9606.ENSP00000341551	GO Process	GO:0001763	Morphogenesis of a branching structure
SMAD4	9606.ENSP00000341551	GO Process	GO:0001775	Cell activation
SMAD4	9606.ENSP00000341551	GO Process	GO:0001817	Regulation of cytokine production
SMAD4	9606.ENSP00000341551	GO Process	GO:0001822	Kidney development
SMAD4	9606.ENSP00000341551	GO Process	GO:0001823	Mesonephros development
SMAD4	9606.ENSP00000341551	GO Process	GO:0001837	Epithelial to mesenchymal transition
SMAD4	9606.ENSP00000341551	GO Process	GO:0001932	Regulation of protein phosphorylation
SMAD4	9606.ENSP00000341551	GO Process	GO:0001934	Positive regulation of protein phosphorylation
SMAD4	9606.ENSP00000341551	GO Process	GO:0002009	Morphogenesis of an epithelium
SMAD4	9606.ENSP00000341551	GO Process	GO:0003002	Regionalization
SMAD4	9606.ENSP00000341551	GO Process	GO:0003006	Developmental process involved in reproduction
SMAD4	9606.ENSP00000341551	GO Process	GO:0003007	Heart morphogenesis
SMAD4	9606.ENSP00000341551	GO Process	GO:0003148	Outflow tract septum morphogenesis
SMAD4	9606.ENSP00000341551	GO Process	GO:0003151	Outflow tract morphogenesis
SMAD4	9606.ENSP00000341551	GO Process	GO:0003157	Endocardium development
SMAD4	9606.ENSP00000341551	GO Process	GO:0003158	Endothelium development
SMAD4	9606.ENSP00000341551	GO Process	GO:0003161	Cardiac conduction system development
SMAD4	9606.ENSP00000341551	GO Process	GO:0003170	Heart valve development
SMAD4	9606.ENSP00000341551	GO Process	GO:0003171	Atrioventricular valve development
SMAD4	9606.ENSP00000341551	GO Process	GO:0003179	Heart valve morphogenesis
SMAD4	9606.ENSP00000341551	GO Process	GO:0003181	Atrioventricular valve morphogenesis
SMAD4	9606.ENSP00000341551	GO Process	GO:0003188	Heart valve formation
SMAD4	9606.ENSP00000341551	GO Process	GO:0003190	Atrioventricular valve formation
SMAD4	9606.ENSP00000341551	GO Process	GO:0003197	Endocardial cushion development
SMAD4	9606.ENSP00000341551	GO Process	GO:0003198	Epithelial to mesenchymal transition involved in endocardial cushion formation
SMAD4	9606.ENSP00000341551	GO Process	GO:0003203	Endocardial cushion morphogenesis
SMAD4	9606.ENSP00000341551	GO Process	GO:0003205	Cardiac chamber development
SMAD4	9606.ENSP00000341551	GO Process	GO:0003206	Cardiac chamber morphogenesis
SMAD4	9606.ENSP00000341551	GO Process	GO:0003208	Cardiac ventricle morphogenesis
SMAD4	9606.ENSP00000341551	GO Process	GO:0003214	Cardiac left ventricle morphogenesis
SMAD4	9606.ENSP00000341551	GO Process	GO:0003220	Left ventricular cardiac muscle tissue morphogenesis
SMAD4	9606.ENSP00000341551	GO Process	GO:0003229	Ventricular cardiac muscle tissue development
SMAD4	9606.ENSP00000341551	GO Process	GO:0003231	Cardiac ventricle development
SMAD4	9606.ENSP00000341551	GO Process	GO:0003250	Regulation of cell proliferation involved in heart valve morphogenesis
SMAD4	9606.ENSP00000341551	GO Process	GO:0003251	Positive regulation of cell proliferation involved in heart valve morphogenesis
SMAD4	9606.ENSP00000341551	GO Process	GO:0003272	Endocardial cushion formation
SMAD4	9606.ENSP00000341551	GO Process	GO:0003279	Cardiac septum development
SMAD4	9606.ENSP00000341551	GO Process	GO:0003281	Ventricular septum development
SMAD4	9606.ENSP00000341551	GO Process	GO:0003348	Cardiac endothelial cell differentiation
SMAD4	9606.ENSP00000341551	GO Process	GO:0003360	Brainstem development
SMAD4	9606.ENSP00000341551	GO Process	GO:0006139	Nucleobase-containing compound metabolic process
SMAD4	9606.ENSP00000341551	GO Process	GO:0006351	Transcription, DNA-templated
SMAD4	9606.ENSP00000341551	GO Process	GO:0006355	Regulation of transcription, DNA-templated
SMAD4	9606.ENSP00000341551	GO Process	GO:0006357	Regulation of transcription by RNA polymerase II
SMAD4	9606.ENSP00000341551	GO Process	GO:0006366	Transcription by RNA polymerase II
SMAD4	9606.ENSP00000341551	GO Process	GO:0006725	Cellular aromatic compound metabolic process
SMAD4	9606.ENSP00000341551	GO Process	GO:0006807	Nitrogen compound metabolic process
SMAD4	9606.ENSP00000341551	GO Process	GO:0006873	Cellular ion homeostasis
SMAD4	9606.ENSP00000341551	GO Process	GO:0006875	Cellular metal ion homeostasis
SMAD4	9606.ENSP00000341551	GO Process	GO:0006879	Cellular iron ion homeostasis
SMAD4	9606.ENSP00000341551	GO Process	GO:0006935	Chemotaxis
SMAD4	9606.ENSP00000341551	GO Process	GO:0006950	Response to stress
SMAD4	9606.ENSP00000341551	GO Process	GO:0007154	Cell communication
SMAD4	9606.ENSP00000341551	GO Process	GO:0007165	Signal transduction
SMAD4	9606.ENSP00000341551	GO Process	GO:0007166	Cell surface receptor signaling pathway
SMAD4	9606.ENSP00000341551	GO Process	GO:0007167	Enzyme-linked receptor protein signaling pathway
SMAD4	9606.ENSP00000341551	GO Process	GO:0007178	Transmembrane receptor protein serine/threonine kinase signaling pathway
SMAD4	9606.ENSP00000341551	GO Process	GO:0007179	Transforming growth factor beta receptor signaling pathway
SMAD4	9606.ENSP00000341551	GO Process	GO:0007183	SMAD protein complex assembly
SMAD4	9606.ENSP00000341551	GO Process	GO:0007275	Multicellular organism development
SMAD4	9606.ENSP00000341551	GO Process	GO:0007276	Gamete generation
SMAD4	9606.ENSP00000341551	GO Process	GO:0007283	Spermatogenesis
SMAD4	9606.ENSP00000341551	GO Process	GO:0007338	Single fertilization
SMAD4	9606.ENSP00000341551	GO Process	GO:0007369	Gastrulation
SMAD4	9606.ENSP00000341551	GO Process	GO:0007389	Pattern specification process
SMAD4	9606.ENSP00000341551	GO Process	GO:0007399	Nervous system development
SMAD4	9606.ENSP00000341551	GO Process	GO:0007409	Axonogenesis
SMAD4	9606.ENSP00000341551	GO Process	GO:0007411	Axon guidance
SMAD4	9606.ENSP00000341551	GO Process	GO:0007492	Endoderm development
SMAD4	9606.ENSP00000341551	GO Process	GO:0007498	Mesoderm development
SMAD4	9606.ENSP00000341551	GO Process	GO:0007507	Heart development
SMAD4	9606.ENSP00000341551	GO Process	GO:0007517	Muscle organ development
SMAD4	9606.ENSP00000341551	GO Process	GO:0007548	Sex differentiation
SMAD4	9606.ENSP00000341551	GO Process	GO:0007568	Aging
SMAD4	9606.ENSP00000341551	GO Process	GO:0008152	Metabolic process
SMAD4	9606.ENSP00000341551	GO Process	GO:0008283	Cell population proliferation
SMAD4	9606.ENSP00000341551	GO Process	GO:0008284	Positive regulation of cell population proliferation
SMAD4	9606.ENSP00000341551	GO Process	GO:0008285	Negative regulation of cell population proliferation
SMAD4	9606.ENSP00000341551	GO Process	GO:0008406	Gonad development
SMAD4	9606.ENSP00000341551	GO Process	GO:0008584	Male gonad development
SMAD4	9606.ENSP00000341551	GO Process	GO:0008585	Female gonad development
SMAD4	9606.ENSP00000341551	GO Process	GO:0009058	Biosynthetic process
SMAD4	9606.ENSP00000341551	GO Process	GO:0009059	Macromolecule biosynthetic process
SMAD4	9606.ENSP00000341551	GO Process	GO:0009566	Fertilization
SMAD4	9606.ENSP00000341551	GO Process	GO:0009605	Response to external stimulus
SMAD4	9606.ENSP00000341551	GO Process	GO:0009611	Response to wounding
SMAD4	9606.ENSP00000341551	GO Process	GO:0009628	Response to abiotic stimulus
SMAD4	9606.ENSP00000341551	GO Process	GO:0009653	Anatomical structure morphogenesis
SMAD4	9606.ENSP00000341551	GO Process	GO:0009719	Response to endogenous stimulus
SMAD4	9606.ENSP00000341551	GO Process	GO:0009743	Response to carbohydrate
SMAD4	9606.ENSP00000341551	GO Process	GO:0009746	Response to hexose
SMAD4	9606.ENSP00000341551	GO Process	GO:0009749	Response to glucose
SMAD4	9606.ENSP00000341551	GO Process	GO:0009790	Embryo development
SMAD4	9606.ENSP00000341551	GO Process	GO:0009792	Embryo development ending in birth or egg hatching
SMAD4	9606.ENSP00000341551	GO Process	GO:0009798	Axis specification
SMAD4	9606.ENSP00000341551	GO Process	GO:0009880	Embryonic pattern specification
SMAD4	9606.ENSP00000341551	GO Process	GO:0009887	Animal organ morphogenesis
SMAD4	9606.ENSP00000341551	GO Process	GO:0009888	Tissue development
SMAD4	9606.ENSP00000341551	GO Process	GO:0009889	Regulation of biosynthetic process
SMAD4	9606.ENSP00000341551	GO Process	GO:0009890	Negative regulation of biosynthetic process
SMAD4	9606.ENSP00000341551	GO Process	GO:0009891	Positive regulation of biosynthetic process
SMAD4	9606.ENSP00000341551	GO Process	GO:0009892	Negative regulation of metabolic process
SMAD4	9606.ENSP00000341551	GO Process	GO:0009893	Positive regulation of metabolic process
SMAD4	9606.ENSP00000341551	GO Process	GO:0009894	Regulation of catabolic process
SMAD4	9606.ENSP00000341551	GO Process	GO:0009895	Negative regulation of catabolic process
SMAD4	9606.ENSP00000341551	GO Process	GO:0009948	Anterior/posterior axis specification
SMAD4	9606.ENSP00000341551	GO Process	GO:0009952	Anterior/posterior pattern specification
SMAD4	9606.ENSP00000341551	GO Process	GO:0009966	Regulation of signal transduction
SMAD4	9606.ENSP00000341551	GO Process	GO:0009967	Positive regulation of signal transduction
SMAD4	9606.ENSP00000341551	GO Process	GO:0009968	Negative regulation of signal transduction
SMAD4	9606.ENSP00000341551	GO Process	GO:0009987	Cellular process
SMAD4	9606.ENSP00000341551	GO Process	GO:0010033	Response to organic substance
SMAD4	9606.ENSP00000341551	GO Process	GO:0010467	Gene expression
SMAD4	9606.ENSP00000341551	GO Process	GO:0010468	Regulation of gene expression
SMAD4	9606.ENSP00000341551	GO Process	GO:0010556	Regulation of macromolecule biosynthetic process
SMAD4	9606.ENSP00000341551	GO Process	GO:0010557	Positive regulation of macromolecule biosynthetic process
SMAD4	9606.ENSP00000341551	GO Process	GO:0010558	Negative regulation of macromolecule biosynthetic process
SMAD4	9606.ENSP00000341551	GO Process	GO:0010562	Positive regulation of phosphorus metabolic process
SMAD4	9606.ENSP00000341551	GO Process	GO:0010604	Positive regulation of macromolecule metabolic process
SMAD4	9606.ENSP00000341551	GO Process	GO:0010605	Negative regulation of macromolecule metabolic process
SMAD4	9606.ENSP00000341551	GO Process	GO:0010611	Regulation of cardiac muscle hypertrophy
SMAD4	9606.ENSP00000341551	GO Process	GO:0010614	Negative regulation of cardiac muscle hypertrophy
SMAD4	9606.ENSP00000341551	GO Process	GO:0010639	Negative regulation of organelle organization
SMAD4	9606.ENSP00000341551	GO Process	GO:0010646	Regulation of cell communication
SMAD4	9606.ENSP00000341551	GO Process	GO:0010647	Positive regulation of cell communication
SMAD4	9606.ENSP00000341551	GO Process	GO:0010648	Negative regulation of cell communication
SMAD4	9606.ENSP00000341551	GO Process	GO:0010660	Regulation of muscle cell apoptotic process
SMAD4	9606.ENSP00000341551	GO Process	GO:0010661	Positive regulation of muscle cell apoptotic process
SMAD4	9606.ENSP00000341551	GO Process	GO:0010662	Regulation of striated muscle cell apoptotic process
SMAD4	9606.ENSP00000341551	GO Process	GO:0010663	Positive regulation of striated muscle cell apoptotic process
SMAD4	9606.ENSP00000341551	GO Process	GO:0010665	Regulation of cardiac muscle cell apoptotic process
SMAD4	9606.ENSP00000341551	GO Process	GO:0010666	Positive regulation of cardiac muscle cell apoptotic process
SMAD4	9606.ENSP00000341551	GO Process	GO:0010717	Regulation of epithelial to mesenchymal transition
SMAD4	9606.ENSP00000341551	GO Process	GO:0010718	Positive regulation of epithelial to mesenchymal transition
SMAD4	9606.ENSP00000341551	GO Process	GO:0010817	Regulation of hormone levels
SMAD4	9606.ENSP00000341551	GO Process	GO:0010862	Positive regulation of pathway-restricted SMAD protein phosphorylation
SMAD4	9606.ENSP00000341551	GO Process	GO:0010941	Regulation of cell death
SMAD4	9606.ENSP00000341551	GO Process	GO:0010942	Positive regulation of cell death
SMAD4	9606.ENSP00000341551	GO Process	GO:0014033	Neural crest cell differentiation
SMAD4	9606.ENSP00000341551	GO Process	GO:0014706	Striated muscle tissue development
SMAD4	9606.ENSP00000341551	GO Process	GO:0014741	Negative regulation of muscle hypertrophy
SMAD4	9606.ENSP00000341551	GO Process	GO:0014743	Regulation of muscle hypertrophy
SMAD4	9606.ENSP00000341551	GO Process	GO:0016043	Cellular component organization
SMAD4	9606.ENSP00000341551	GO Process	GO:0016070	RNA metabolic process
SMAD4	9606.ENSP00000341551	GO Process	GO:0017015	Regulation of transforming growth factor beta receptor signaling pathway
SMAD4	9606.ENSP00000341551	GO Process	GO:0018130	Heterocycle biosynthetic process
SMAD4	9606.ENSP00000341551	GO Process	GO:0019219	Regulation of nucleobase-containing compound metabolic process
SMAD4	9606.ENSP00000341551	GO Process	GO:0019220	Regulation of phosphate metabolic process
SMAD4	9606.ENSP00000341551	GO Process	GO:0019221	Cytokine-mediated signaling pathway
SMAD4	9606.ENSP00000341551	GO Process	GO:0019222	Regulation of metabolic process
SMAD4	9606.ENSP00000341551	GO Process	GO:0019438	Aromatic compound biosynthetic process
SMAD4	9606.ENSP00000341551	GO Process	GO:0019725	Cellular homeostasis
SMAD4	9606.ENSP00000341551	GO Process	GO:0019953	Sexual reproduction
SMAD4	9606.ENSP00000341551	GO Process	GO:0022008	Neurogenesis
SMAD4	9606.ENSP00000341551	GO Process	GO:0022414	Reproductive process
SMAD4	9606.ENSP00000341551	GO Process	GO:0022607	Cellular component assembly
SMAD4	9606.ENSP00000341551	GO Process	GO:0023051	Regulation of signaling
SMAD4	9606.ENSP00000341551	GO Process	GO:0023052	Signaling
SMAD4	9606.ENSP00000341551	GO Process	GO:0023056	Positive regulation of signaling
SMAD4	9606.ENSP00000341551	GO Process	GO:0023057	Negative regulation of signaling
SMAD4	9606.ENSP00000341551	GO Process	GO:0030003	Cellular cation homeostasis
SMAD4	9606.ENSP00000341551	GO Process	GO:0030030	Cell projection organization
SMAD4	9606.ENSP00000341551	GO Process	GO:0030154	Cell differentiation
SMAD4	9606.ENSP00000341551	GO Process	GO:0030182	Neuron differentiation
SMAD4	9606.ENSP00000341551	GO Process	GO:0030308	Negative regulation of cell growth
SMAD4	9606.ENSP00000341551	GO Process	GO:0030325	Adrenal gland development
SMAD4	9606.ENSP00000341551	GO Process	GO:0030326	Embryonic limb morphogenesis
SMAD4	9606.ENSP00000341551	GO Process	GO:0030509	BMP signaling pathway
SMAD4	9606.ENSP00000341551	GO Process	GO:0030510	Regulation of BMP signaling pathway
SMAD4	9606.ENSP00000341551	GO Process	GO:0030511	Positive regulation of transforming growth factor beta receptor signaling pathway
SMAD4	9606.ENSP00000341551	GO Process	GO:0030513	Positive regulation of BMP signaling pathway
SMAD4	9606.ENSP00000341551	GO Process	GO:0030855	Epithelial cell differentiation
SMAD4	9606.ENSP00000341551	GO Process	GO:0031056	Regulation of histone modification
SMAD4	9606.ENSP00000341551	GO Process	GO:0031058	Positive regulation of histone modification
SMAD4	9606.ENSP00000341551	GO Process	GO:0031060	Regulation of histone methylation
SMAD4	9606.ENSP00000341551	GO Process	GO:0031062	Positive regulation of histone methylation
SMAD4	9606.ENSP00000341551	GO Process	GO:0031175	Neuron projection development
SMAD4	9606.ENSP00000341551	GO Process	GO:0031323	Regulation of cellular metabolic process
SMAD4	9606.ENSP00000341551	GO Process	GO:0031324	Negative regulation of cellular metabolic process
SMAD4	9606.ENSP00000341551	GO Process	GO:0031325	Positive regulation of cellular metabolic process
SMAD4	9606.ENSP00000341551	GO Process	GO:0031326	Regulation of cellular biosynthetic process
SMAD4	9606.ENSP00000341551	GO Process	GO:0031327	Negative regulation of cellular biosynthetic process
SMAD4	9606.ENSP00000341551	GO Process	GO:0031328	Positive regulation of cellular biosynthetic process
SMAD4	9606.ENSP00000341551	GO Process	GO:0031399	Regulation of protein modification process
SMAD4	9606.ENSP00000341551	GO Process	GO:0031401	Positive regulation of protein modification process
SMAD4	9606.ENSP00000341551	GO Process	GO:0032276	Regulation of gonadotropin secretion
SMAD4	9606.ENSP00000341551	GO Process	GO:0032278	Positive regulation of gonadotropin secretion
SMAD4	9606.ENSP00000341551	GO Process	GO:0032501	Multicellular organismal process
SMAD4	9606.ENSP00000341551	GO Process	GO:0032502	Developmental process
SMAD4	9606.ENSP00000341551	GO Process	GO:0032504	Multicellular organism reproduction
SMAD4	9606.ENSP00000341551	GO Process	GO:0032525	Somite rostral/caudal axis specification
SMAD4	9606.ENSP00000341551	GO Process	GO:0032774	RNA biosynthetic process
SMAD4	9606.ENSP00000341551	GO Process	GO:0032879	Regulation of localization
SMAD4	9606.ENSP00000341551	GO Process	GO:0032909	Regulation of transforming growth factor beta2 production
SMAD4	9606.ENSP00000341551	GO Process	GO:0032924	Activin receptor signaling pathway
SMAD4	9606.ENSP00000341551	GO Process	GO:0032956	Regulation of actin cytoskeleton organization
SMAD4	9606.ENSP00000341551	GO Process	GO:0032970	Regulation of actin filament-based process
SMAD4	9606.ENSP00000341551	GO Process	GO:0032989	Cellular component morphogenesis
SMAD4	9606.ENSP00000341551	GO Process	GO:0032990	Cell part morphogenesis
SMAD4	9606.ENSP00000341551	GO Process	GO:0033043	Regulation of organelle organization
SMAD4	9606.ENSP00000341551	GO Process	GO:0033500	Carbohydrate homeostasis
SMAD4	9606.ENSP00000341551	GO Process	GO:0033684	Regulation of luteinizing hormone secretion
SMAD4	9606.ENSP00000341551	GO Process	GO:0033686	Positive regulation of luteinizing hormone secretion
SMAD4	9606.ENSP00000341551	GO Process	GO:0034097	Response to cytokine
SMAD4	9606.ENSP00000341551	GO Process	GO:0034284	Response to monosaccharide
SMAD4	9606.ENSP00000341551	GO Process	GO:0034641	Cellular nitrogen compound metabolic process
SMAD4	9606.ENSP00000341551	GO Process	GO:0034654	Nucleobase-containing compound biosynthetic process
SMAD4	9606.ENSP00000341551	GO Process	GO:0035051	Cardiocyte differentiation
SMAD4	9606.ENSP00000341551	GO Process	GO:0035065	Regulation of histone acetylation
SMAD4	9606.ENSP00000341551	GO Process	GO:0035066	Positive regulation of histone acetylation
SMAD4	9606.ENSP00000341551	GO Process	GO:0035107	Appendage morphogenesis
SMAD4	9606.ENSP00000341551	GO Process	GO:0035108	Limb morphogenesis
SMAD4	9606.ENSP00000341551	GO Process	GO:0035113	Embryonic appendage morphogenesis
SMAD4	9606.ENSP00000341551	GO Process	GO:0035239	Tube morphogenesis
SMAD4	9606.ENSP00000341551	GO Process	GO:0035262	Gonad morphogenesis
SMAD4	9606.ENSP00000341551	GO Process	GO:0035270	Endocrine system development
SMAD4	9606.ENSP00000341551	GO Process	GO:0035282	Segmentation
SMAD4	9606.ENSP00000341551	GO Process	GO:0035295	Tube development
SMAD4	9606.ENSP00000341551	GO Process	GO:0035556	Intracellular signal transduction
SMAD4	9606.ENSP00000341551	GO Process	GO:0036293	Response to decreased oxygen levels
SMAD4	9606.ENSP00000341551	GO Process	GO:0036302	Atrioventricular canal development
SMAD4	9606.ENSP00000341551	GO Process	GO:0040007	Growth
SMAD4	9606.ENSP00000341551	GO Process	GO:0040008	Regulation of growth
SMAD4	9606.ENSP00000341551	GO Process	GO:0040011	Locomotion
SMAD4	9606.ENSP00000341551	GO Process	GO:0042060	Wound healing
SMAD4	9606.ENSP00000341551	GO Process	GO:0042118	Endothelial cell activation
SMAD4	9606.ENSP00000341551	GO Process	GO:0042127	Regulation of cell population proliferation
SMAD4	9606.ENSP00000341551	GO Process	GO:0042176	Regulation of protein catabolic process
SMAD4	9606.ENSP00000341551	GO Process	GO:0042177	Negative regulation of protein catabolic process
SMAD4	9606.ENSP00000341551	GO Process	GO:0042221	Response to chemical
SMAD4	9606.ENSP00000341551	GO Process	GO:0042325	Regulation of phosphorylation
SMAD4	9606.ENSP00000341551	GO Process	GO:0042327	Positive regulation of phosphorylation
SMAD4	9606.ENSP00000341551	GO Process	GO:0042330	Taxis
SMAD4	9606.ENSP00000341551	GO Process	GO:0042592	Homeostatic process
SMAD4	9606.ENSP00000341551	GO Process	GO:0042593	Glucose homeostasis
SMAD4	9606.ENSP00000341551	GO Process	GO:0042634	Regulation of hair cycle
SMAD4	9606.ENSP00000341551	GO Process	GO:0042733	Embryonic digit morphogenesis
SMAD4	9606.ENSP00000341551	GO Process	GO:0042981	Regulation of apoptotic process
SMAD4	9606.ENSP00000341551	GO Process	GO:0043009	Chordate embryonic development
SMAD4	9606.ENSP00000341551	GO Process	GO:0043065	Positive regulation of apoptotic process
SMAD4	9606.ENSP00000341551	GO Process	GO:0043067	Regulation of programmed cell death
SMAD4	9606.ENSP00000341551	GO Process	GO:0043068	Positive regulation of programmed cell death
SMAD4	9606.ENSP00000341551	GO Process	GO:0043170	Macromolecule metabolic process
SMAD4	9606.ENSP00000341551	GO Process	GO:0043408	Regulation of MAPK cascade
SMAD4	9606.ENSP00000341551	GO Process	GO:0043409	Negative regulation of MAPK cascade
SMAD4	9606.ENSP00000341551	GO Process	GO:0043502	Regulation of muscle adaptation
SMAD4	9606.ENSP00000341551	GO Process	GO:0043588	Skin development
SMAD4	9606.ENSP00000341551	GO Process	GO:0043933	Protein-containing complex organization
SMAD4	9606.ENSP00000341551	GO Process	GO:0044057	Regulation of system process
SMAD4	9606.ENSP00000341551	GO Process	GO:0044060	Regulation of endocrine process
SMAD4	9606.ENSP00000341551	GO Process	GO:0044085	Cellular component biogenesis
SMAD4	9606.ENSP00000341551	GO Process	GO:0044087	Regulation of cellular component biogenesis
SMAD4	9606.ENSP00000341551	GO Process	GO:0044237	Cellular metabolic process
SMAD4	9606.ENSP00000341551	GO Process	GO:0044238	Primary metabolic process
SMAD4	9606.ENSP00000341551	GO Process	GO:0044249	Cellular biosynthetic process
SMAD4	9606.ENSP00000341551	GO Process	GO:0044271	Cellular nitrogen compound biosynthetic process
SMAD4	9606.ENSP00000341551	GO Process	GO:0045137	Development of primary sexual characteristics
SMAD4	9606.ENSP00000341551	GO Process	GO:0045165	Cell fate commitment
SMAD4	9606.ENSP00000341551	GO Process	GO:0045446	Endothelial cell differentiation
SMAD4	9606.ENSP00000341551	GO Process	GO:0045595	Regulation of cell differentiation
SMAD4	9606.ENSP00000341551	GO Process	GO:0045596	Negative regulation of cell differentiation
SMAD4	9606.ENSP00000341551	GO Process	GO:0045597	Positive regulation of cell differentiation
SMAD4	9606.ENSP00000341551	GO Process	GO:0045892	Negative regulation of transcription, DNA-templated
SMAD4	9606.ENSP00000341551	GO Process	GO:0045893	Positive regulation of transcription, DNA-templated
SMAD4	9606.ENSP00000341551	GO Process	GO:0045926	Negative regulation of growth
SMAD4	9606.ENSP00000341551	GO Process	GO:0045934	Negative regulation of nucleobase-containing compound metabolic process
SMAD4	9606.ENSP00000341551	GO Process	GO:0045935	Positive regulation of nucleobase-containing compound metabolic process
SMAD4	9606.ENSP00000341551	GO Process	GO:0045937	Positive regulation of phosphate metabolic process
SMAD4	9606.ENSP00000341551	GO Process	GO:0045944	Positive regulation of transcription by RNA polymerase II
SMAD4	9606.ENSP00000341551	GO Process	GO:0046483	Heterocycle metabolic process
SMAD4	9606.ENSP00000341551	GO Process	GO:0046545	Development of primary female sexual characteristics
SMAD4	9606.ENSP00000341551	GO Process	GO:0046546	Development of primary male sexual characteristics
SMAD4	9606.ENSP00000341551	GO Process	GO:0046660	Female sex differentiation
SMAD4	9606.ENSP00000341551	GO Process	GO:0046661	Male sex differentiation
SMAD4	9606.ENSP00000341551	GO Process	GO:0046880	Regulation of follicle-stimulating hormone secretion
SMAD4	9606.ENSP00000341551	GO Process	GO:0046881	Positive regulation of follicle-stimulating hormone secretion
SMAD4	9606.ENSP00000341551	GO Process	GO:0046883	Regulation of hormone secretion
SMAD4	9606.ENSP00000341551	GO Process	GO:0046887	Positive regulation of hormone secretion
SMAD4	9606.ENSP00000341551	GO Process	GO:0046916	Cellular transition metal ion homeostasis
SMAD4	9606.ENSP00000341551	GO Process	GO:0048232	Male gamete generation
SMAD4	9606.ENSP00000341551	GO Process	GO:0048382	Mesendoderm development
SMAD4	9606.ENSP00000341551	GO Process	GO:0048468	Cell development
SMAD4	9606.ENSP00000341551	GO Process	GO:0048513	Animal organ development
SMAD4	9606.ENSP00000341551	GO Process	GO:0048518	Positive regulation of biological process
SMAD4	9606.ENSP00000341551	GO Process	GO:0048519	Negative regulation of biological process
SMAD4	9606.ENSP00000341551	GO Process	GO:0048522	Positive regulation of cellular process
SMAD4	9606.ENSP00000341551	GO Process	GO:0048523	Negative regulation of cellular process
SMAD4	9606.ENSP00000341551	GO Process	GO:0048583	Regulation of response to stimulus
SMAD4	9606.ENSP00000341551	GO Process	GO:0048584	Positive regulation of response to stimulus
SMAD4	9606.ENSP00000341551	GO Process	GO:0048585	Negative regulation of response to stimulus
SMAD4	9606.ENSP00000341551	GO Process	GO:0048589	Developmental growth
SMAD4	9606.ENSP00000341551	GO Process	GO:0048598	Embryonic morphogenesis
SMAD4	9606.ENSP00000341551	GO Process	GO:0048608	Reproductive structure development
SMAD4	9606.ENSP00000341551	GO Process	GO:0048609	Multicellular organismal reproductive process
SMAD4	9606.ENSP00000341551	GO Process	GO:0048644	Muscle organ morphogenesis
SMAD4	9606.ENSP00000341551	GO Process	GO:0048646	Anatomical structure formation involved in morphogenesis
SMAD4	9606.ENSP00000341551	GO Process	GO:0048663	Neuron fate commitment
SMAD4	9606.ENSP00000341551	GO Process	GO:0048666	Neuron development
SMAD4	9606.ENSP00000341551	GO Process	GO:0048667	Cell morphogenesis involved in neuron differentiation
SMAD4	9606.ENSP00000341551	GO Process	GO:0048699	Generation of neurons
SMAD4	9606.ENSP00000341551	GO Process	GO:0048729	Tissue morphogenesis
SMAD4	9606.ENSP00000341551	GO Process	GO:0048731	System development
SMAD4	9606.ENSP00000341551	GO Process	GO:0048732	Gland development
SMAD4	9606.ENSP00000341551	GO Process	GO:0048733	Sebaceous gland development
SMAD4	9606.ENSP00000341551	GO Process	GO:0048736	Appendage development
SMAD4	9606.ENSP00000341551	GO Process	GO:0048738	Cardiac muscle tissue development
SMAD4	9606.ENSP00000341551	GO Process	GO:0048754	Branching morphogenesis of an epithelial tube
SMAD4	9606.ENSP00000341551	GO Process	GO:0048762	Mesenchymal cell differentiation
SMAD4	9606.ENSP00000341551	GO Process	GO:0048812	Neuron projection morphogenesis
SMAD4	9606.ENSP00000341551	GO Process	GO:0048856	Anatomical structure development
SMAD4	9606.ENSP00000341551	GO Process	GO:0048858	Cell projection morphogenesis
SMAD4	9606.ENSP00000341551	GO Process	GO:0048859	Formation of anatomical boundary
SMAD4	9606.ENSP00000341551	GO Process	GO:0048863	Stem cell differentiation
SMAD4	9606.ENSP00000341551	GO Process	GO:0048869	Cellular developmental process
SMAD4	9606.ENSP00000341551	GO Process	GO:0048878	Chemical homeostasis
SMAD4	9606.ENSP00000341551	GO Process	GO:0050789	Regulation of biological process
SMAD4	9606.ENSP00000341551	GO Process	GO:0050793	Regulation of developmental process
SMAD4	9606.ENSP00000341551	GO Process	GO:0050794	Regulation of cellular process
SMAD4	9606.ENSP00000341551	GO Process	GO:0050801	Ion homeostasis
SMAD4	9606.ENSP00000341551	GO Process	GO:0050896	Response to stimulus
SMAD4	9606.ENSP00000341551	GO Process	GO:0051046	Regulation of secretion
SMAD4	9606.ENSP00000341551	GO Process	GO:0051047	Positive regulation of secretion
SMAD4	9606.ENSP00000341551	GO Process	GO:0051049	Regulation of transport
SMAD4	9606.ENSP00000341551	GO Process	GO:0051050	Positive regulation of transport
SMAD4	9606.ENSP00000341551	GO Process	GO:0051093	Negative regulation of developmental process
SMAD4	9606.ENSP00000341551	GO Process	GO:0051094	Positive regulation of developmental process
SMAD4	9606.ENSP00000341551	GO Process	GO:0051098	Regulation of binding
SMAD4	9606.ENSP00000341551	GO Process	GO:0051128	Regulation of cellular component organization
SMAD4	9606.ENSP00000341551	GO Process	GO:0051129	Negative regulation of cellular component organization
SMAD4	9606.ENSP00000341551	GO Process	GO:0051147	Regulation of muscle cell differentiation
SMAD4	9606.ENSP00000341551	GO Process	GO:0051148	Negative regulation of muscle cell differentiation
SMAD4	9606.ENSP00000341551	GO Process	GO:0051153	Regulation of striated muscle cell differentiation
SMAD4	9606.ENSP00000341551	GO Process	GO:0051154	Negative regulation of striated muscle cell differentiation
SMAD4	9606.ENSP00000341551	GO Process	GO:0051171	Regulation of nitrogen compound metabolic process
SMAD4	9606.ENSP00000341551	GO Process	GO:0051172	Negative regulation of nitrogen compound metabolic process
SMAD4	9606.ENSP00000341551	GO Process	GO:0051173	Positive regulation of nitrogen compound metabolic process
SMAD4	9606.ENSP00000341551	GO Process	GO:0051174	Regulation of phosphorus metabolic process
SMAD4	9606.ENSP00000341551	GO Process	GO:0051239	Regulation of multicellular organismal process
SMAD4	9606.ENSP00000341551	GO Process	GO:0051240	Positive regulation of multicellular organismal process
SMAD4	9606.ENSP00000341551	GO Process	GO:0051241	Negative regulation of multicellular organismal process
SMAD4	9606.ENSP00000341551	GO Process	GO:0051246	Regulation of protein metabolic process
SMAD4	9606.ENSP00000341551	GO Process	GO:0051247	Positive regulation of protein metabolic process
SMAD4	9606.ENSP00000341551	GO Process	GO:0051248	Negative regulation of protein metabolic process
SMAD4	9606.ENSP00000341551	GO Process	GO:0051252	Regulation of RNA metabolic process
SMAD4	9606.ENSP00000341551	GO Process	GO:0051253	Negative regulation of RNA metabolic process
SMAD4	9606.ENSP00000341551	GO Process	GO:0051254	Positive regulation of RNA metabolic process
SMAD4	9606.ENSP00000341551	GO Process	GO:0051493	Regulation of cytoskeleton organization
SMAD4	9606.ENSP00000341551	GO Process	GO:0051494	Negative regulation of cytoskeleton organization
SMAD4	9606.ENSP00000341551	GO Process	GO:0051569	Regulation of histone H3-K4 methylation
SMAD4	9606.ENSP00000341551	GO Process	GO:0051571	Positive regulation of histone H3-K4 methylation
SMAD4	9606.ENSP00000341551	GO Process	GO:0051716	Cellular response to stimulus
SMAD4	9606.ENSP00000341551	GO Process	GO:0051797	Regulation of hair follicle development
SMAD4	9606.ENSP00000341551	GO Process	GO:0055008	Cardiac muscle tissue morphogenesis
SMAD4	9606.ENSP00000341551	GO Process	GO:0055010	Ventricular cardiac muscle tissue morphogenesis
SMAD4	9606.ENSP00000341551	GO Process	GO:0055065	Metal ion homeostasis
SMAD4	9606.ENSP00000341551	GO Process	GO:0055072	Iron ion homeostasis
SMAD4	9606.ENSP00000341551	GO Process	GO:0055076	Transition metal ion homeostasis
SMAD4	9606.ENSP00000341551	GO Process	GO:0055080	Cation homeostasis
SMAD4	9606.ENSP00000341551	GO Process	GO:0055082	Cellular chemical homeostasis
SMAD4	9606.ENSP00000341551	GO Process	GO:0060021	Roof of mouth development
SMAD4	9606.ENSP00000341551	GO Process	GO:0060065	Uterus development
SMAD4	9606.ENSP00000341551	GO Process	GO:0060173	Limb development
SMAD4	9606.ENSP00000341551	GO Process	GO:0060255	Regulation of macromolecule metabolic process
SMAD4	9606.ENSP00000341551	GO Process	GO:0060284	Regulation of cell development
SMAD4	9606.ENSP00000341551	GO Process	GO:0060317	Cardiac epithelial to mesenchymal transition
SMAD4	9606.ENSP00000341551	GO Process	GO:0060390	Regulation of SMAD protein signal transduction
SMAD4	9606.ENSP00000341551	GO Process	GO:0060391	Positive regulation of SMAD protein signal transduction
SMAD4	9606.ENSP00000341551	GO Process	GO:0060393	Regulation of pathway-restricted SMAD protein phosphorylation
SMAD4	9606.ENSP00000341551	GO Process	GO:0060395	SMAD protein signal transduction
SMAD4	9606.ENSP00000341551	GO Process	GO:0060411	Cardiac septum morphogenesis
SMAD4	9606.ENSP00000341551	GO Process	GO:0060412	Ventricular septum morphogenesis
SMAD4	9606.ENSP00000341551	GO Process	GO:0060415	Muscle tissue morphogenesis
SMAD4	9606.ENSP00000341551	GO Process	GO:0060429	Epithelium development
SMAD4	9606.ENSP00000341551	GO Process	GO:0060485	Mesenchyme development
SMAD4	9606.ENSP00000341551	GO Process	GO:0060537	Muscle tissue development
SMAD4	9606.ENSP00000341551	GO Process	GO:0060548	Negative regulation of cell death
SMAD4	9606.ENSP00000341551	GO Process	GO:0060562	Epithelial tube morphogenesis
SMAD4	9606.ENSP00000341551	GO Process	GO:0060675	Ureteric bud morphogenesis
SMAD4	9606.ENSP00000341551	GO Process	GO:0060956	Endocardial cell differentiation
SMAD4	9606.ENSP00000341551	GO Process	GO:0060993	Kidney morphogenesis
SMAD4	9606.ENSP00000341551	GO Process	GO:0061040	Female gonad morphogenesis
SMAD4	9606.ENSP00000341551	GO Process	GO:0061053	Somite development
SMAD4	9606.ENSP00000341551	GO Process	GO:0061061	Muscle structure development
SMAD4	9606.ENSP00000341551	GO Process	GO:0061138	Morphogenesis of a branching epithelium
SMAD4	9606.ENSP00000341551	GO Process	GO:0061326	Renal tubule development
SMAD4	9606.ENSP00000341551	GO Process	GO:0061333	Renal tubule morphogenesis
SMAD4	9606.ENSP00000341551	GO Process	GO:0061458	Reproductive system development
SMAD4	9606.ENSP00000341551	GO Process	GO:0061564	Axon development
SMAD4	9606.ENSP00000341551	GO Process	GO:0062009	Secondary palate development
SMAD4	9606.ENSP00000341551	GO Process	GO:0065003	Protein-containing complex assembly
SMAD4	9606.ENSP00000341551	GO Process	GO:0065007	Biological regulation
SMAD4	9606.ENSP00000341551	GO Process	GO:0065008	Regulation of biological quality
SMAD4	9606.ENSP00000341551	GO Process	GO:0065009	Regulation of molecular function
SMAD4	9606.ENSP00000341551	GO Process	GO:0070102	interleukin-6-mediated signaling pathway
SMAD4	9606.ENSP00000341551	GO Process	GO:0070371	ERK1 and ERK2 cascade
SMAD4	9606.ENSP00000341551	GO Process	GO:0070372	Regulation of ERK1 and ERK2 cascade
SMAD4	9606.ENSP00000341551	GO Process	GO:0070373	Negative regulation of ERK1 and ERK2 cascade
SMAD4	9606.ENSP00000341551	GO Process	GO:0070482	Response to oxygen levels
SMAD4	9606.ENSP00000341551	GO Process	GO:0070741	Response to interleukin-6
SMAD4	9606.ENSP00000341551	GO Process	GO:0070848	Response to growth factor
SMAD4	9606.ENSP00000341551	GO Process	GO:0070887	Cellular response to chemical stimulus
SMAD4	9606.ENSP00000341551	GO Process	GO:0071310	Cellular response to organic substance
SMAD4	9606.ENSP00000341551	GO Process	GO:0071322	Cellular response to carbohydrate stimulus
SMAD4	9606.ENSP00000341551	GO Process	GO:0071326	Cellular response to monosaccharide stimulus
SMAD4	9606.ENSP00000341551	GO Process	GO:0071331	Cellular response to hexose stimulus
SMAD4	9606.ENSP00000341551	GO Process	GO:0071333	Cellular response to glucose stimulus
SMAD4	9606.ENSP00000341551	GO Process	GO:0071345	Cellular response to cytokine stimulus
SMAD4	9606.ENSP00000341551	GO Process	GO:0071354	Cellular response to interleukin-6
SMAD4	9606.ENSP00000341551	GO Process	GO:0071363	Cellular response to growth factor stimulus
SMAD4	9606.ENSP00000341551	GO Process	GO:0071495	Cellular response to endogenous stimulus
SMAD4	9606.ENSP00000341551	GO Process	GO:0071559	Response to transforming growth factor beta
SMAD4	9606.ENSP00000341551	GO Process	GO:0071560	Cellular response to transforming growth factor beta stimulus
SMAD4	9606.ENSP00000341551	GO Process	GO:0071634	Regulation of transforming growth factor beta production
SMAD4	9606.ENSP00000341551	GO Process	GO:0071704	Organic substance metabolic process
SMAD4	9606.ENSP00000341551	GO Process	GO:0071772	Response to BMP
SMAD4	9606.ENSP00000341551	GO Process	GO:0071773	Cellular response to BMP stimulus
SMAD4	9606.ENSP00000341551	GO Process	GO:0071840	Cellular component organization or biogenesis
SMAD4	9606.ENSP00000341551	GO Process	GO:0072001	Renal system development
SMAD4	9606.ENSP00000341551	GO Process	GO:0072006	Nephron development
SMAD4	9606.ENSP00000341551	GO Process	GO:0072009	Nephron epithelium development
SMAD4	9606.ENSP00000341551	GO Process	GO:0072028	Nephron morphogenesis
SMAD4	9606.ENSP00000341551	GO Process	GO:0072073	Kidney epithelium development
SMAD4	9606.ENSP00000341551	GO Process	GO:0072074	Kidney mesenchyme development
SMAD4	9606.ENSP00000341551	GO Process	GO:0072075	Metanephric mesenchyme development
SMAD4	9606.ENSP00000341551	GO Process	GO:0072076	Nephrogenic mesenchyme development
SMAD4	9606.ENSP00000341551	GO Process	GO:0072078	Nephron tubule morphogenesis
SMAD4	9606.ENSP00000341551	GO Process	GO:0072080	Nephron tubule development
SMAD4	9606.ENSP00000341551	GO Process	GO:0072088	Nephron epithelium morphogenesis
SMAD4	9606.ENSP00000341551	GO Process	GO:0072131	Kidney mesenchyme morphogenesis
SMAD4	9606.ENSP00000341551	GO Process	GO:0072132	Mesenchyme morphogenesis
SMAD4	9606.ENSP00000341551	GO Process	GO:0072133	Metanephric mesenchyme morphogenesis
SMAD4	9606.ENSP00000341551	GO Process	GO:0072134	Nephrogenic mesenchyme morphogenesis
SMAD4	9606.ENSP00000341551	GO Process	GO:0072163	Mesonephric epithelium development
SMAD4	9606.ENSP00000341551	GO Process	GO:0072164	Mesonephric tubule development
SMAD4	9606.ENSP00000341551	GO Process	GO:0072171	Mesonephric tubule morphogenesis
SMAD4	9606.ENSP00000341551	GO Process	GO:0072359	Circulatory system development
SMAD4	9606.ENSP00000341551	GO Process	GO:0072520	Seminiferous tubule development
SMAD4	9606.ENSP00000341551	GO Process	GO:0080090	Regulation of primary metabolic process
SMAD4	9606.ENSP00000341551	GO Process	GO:0090092	Regulation of transmembrane receptor protein serine/threonine kinase signaling pathway
SMAD4	9606.ENSP00000341551	GO Process	GO:0090100	Positive regulation of transmembrane receptor protein serine/threonine kinase signaling pathway
SMAD4	9606.ENSP00000341551	GO Process	GO:0090257	Regulation of muscle system process
SMAD4	9606.ENSP00000341551	GO Process	GO:0090287	Regulation of cellular response to growth factor stimulus
SMAD4	9606.ENSP00000341551	GO Process	GO:0090304	Nucleic acid metabolic process
SMAD4	9606.ENSP00000341551	GO Process	GO:0097485	Neuron projection guidance
SMAD4	9606.ENSP00000341551	GO Process	GO:0097659	Nucleic acid-templated transcription
SMAD4	9606.ENSP00000341551	GO Process	GO:0098771	Inorganic ion homeostasis
SMAD4	9606.ENSP00000341551	GO Process	GO:0110020	Regulation of actomyosin structure organization
SMAD4	9606.ENSP00000341551	GO Process	GO:0120036	Plasma membrane bounded cell projection organization
SMAD4	9606.ENSP00000341551	GO Process	GO:0120039	Plasma membrane bounded cell projection morphogenesis
SMAD4	9606.ENSP00000341551	GO Process	GO:1901360	Organic cyclic compound metabolic process
SMAD4	9606.ENSP00000341551	GO Process	GO:1901362	Organic cyclic compound biosynthetic process
SMAD4	9606.ENSP00000341551	GO Process	GO:1901522	Positive regulation of transcription from RNA polymerase II promoter involved in cellular response to chemical stimulus
SMAD4	9606.ENSP00000341551	GO Process	GO:1901576	Organic substance biosynthetic process
SMAD4	9606.ENSP00000341551	GO Process	GO:1901700	Response to oxygen-containing compound
SMAD4	9606.ENSP00000341551	GO Process	GO:1901701	Cellular response to oxygen-containing compound
SMAD4	9606.ENSP00000341551	GO Process	GO:1901983	Regulation of protein acetylation
SMAD4	9606.ENSP00000341551	GO Process	GO:1901985	Positive regulation of protein acetylation
SMAD4	9606.ENSP00000341551	GO Process	GO:1902115	Regulation of organelle assembly
SMAD4	9606.ENSP00000341551	GO Process	GO:1902116	Negative regulation of organelle assembly
SMAD4	9606.ENSP00000341551	GO Process	GO:1902531	Regulation of intracellular signal transduction
SMAD4	9606.ENSP00000341551	GO Process	GO:1902532	Negative regulation of intracellular signal transduction
SMAD4	9606.ENSP00000341551	GO Process	GO:1902679	Negative regulation of RNA biosynthetic process
SMAD4	9606.ENSP00000341551	GO Process	GO:1902680	Positive regulation of RNA biosynthetic process
SMAD4	9606.ENSP00000341551	GO Process	GO:1902893	Regulation of miRNA transcription
SMAD4	9606.ENSP00000341551	GO Process	GO:1902895	Positive regulation of miRNA transcription
SMAD4	9606.ENSP00000341551	GO Process	GO:1902903	Regulation of supramolecular fiber organization
SMAD4	9606.ENSP00000341551	GO Process	GO:1902904	Negative regulation of supramolecular fiber organization
SMAD4	9606.ENSP00000341551	GO Process	GO:1903506	Regulation of nucleic acid-templated transcription
SMAD4	9606.ENSP00000341551	GO Process	GO:1903507	Negative regulation of nucleic acid-templated transcription
SMAD4	9606.ENSP00000341551	GO Process	GO:1903508	Positive regulation of nucleic acid-templated transcription
SMAD4	9606.ENSP00000341551	GO Process	GO:1903530	Regulation of secretion by cell
SMAD4	9606.ENSP00000341551	GO Process	GO:1903532	Positive regulation of secretion by cell
SMAD4	9606.ENSP00000341551	GO Process	GO:1903844	Regulation of cellular response to transforming growth factor beta stimulus
SMAD4	9606.ENSP00000341551	GO Process	GO:1903846	Positive regulation of cellular response to transforming growth factor beta stimulus
SMAD4	9606.ENSP00000341551	GO Process	GO:1905207	Regulation of cardiocyte differentiation
SMAD4	9606.ENSP00000341551	GO Process	GO:1905208	Negative regulation of cardiocyte differentiation
SMAD4	9606.ENSP00000341551	GO Process	GO:1905304	Regulation of cardiac myofibril assembly
SMAD4	9606.ENSP00000341551	GO Process	GO:1905305	Negative regulation of cardiac myofibril assembly
SMAD4	9606.ENSP00000341551	GO Process	GO:2000026	Regulation of multicellular organismal development
SMAD4	9606.ENSP00000341551	GO Process	GO:2000136	Regulation of cell proliferation involved in heart morphogenesis
SMAD4	9606.ENSP00000341551	GO Process	GO:2000138	Positive regulation of cell proliferation involved in heart morphogenesis
SMAD4	9606.ENSP00000341551	GO Process	GO:2000615	Regulation of histone H3-K9 acetylation
SMAD4	9606.ENSP00000341551	GO Process	GO:2000617	Positive regulation of histone H3-K9 acetylation
SMAD4	9606.ENSP00000341551	GO Process	GO:2000628	Regulation of miRNA metabolic process
SMAD4	9606.ENSP00000341551	GO Process	GO:2000630	Positive regulation of miRNA metabolic process
SMAD4	9606.ENSP00000341551	GO Process	GO:2000725	Regulation of cardiac muscle cell differentiation
SMAD4	9606.ENSP00000341551	GO Process	GO:2000726	Negative regulation of cardiac muscle cell differentiation
SMAD4	9606.ENSP00000341551	GO Process	GO:2000756	Regulation of peptidyl-lysine acetylation
SMAD4	9606.ENSP00000341551	GO Process	GO:2000758	Positive regulation of peptidyl-lysine acetylation
SMAD4	9606.ENSP00000341551	GO Process	GO:2001141	Regulation of RNA biosynthetic process
SMAD4	9606.ENSP00000341551	GO Function	GO:0000976	Transcription cis-regulatory region binding
SMAD4	9606.ENSP00000341551	GO Function	GO:0000977	RNA polymerase II transcription regulatory region sequence-specific DNA binding
SMAD4	9606.ENSP00000341551	GO Function	GO:0000978	RNA polymerase II cis-regulatory region sequence-specific DNA binding
SMAD4	9606.ENSP00000341551	GO Function	GO:0000981	DNA-binding transcription factor activity, RNA polymerase II-specific
SMAD4	9606.ENSP00000341551	GO Function	GO:0000987	Cis-regulatory region sequence-specific DNA binding
SMAD4	9606.ENSP00000341551	GO Function	GO:0001067	Transcription regulatory region nucleic acid binding
SMAD4	9606.ENSP00000341551	GO Function	GO:0001216	DNA-binding transcription activator activity
SMAD4	9606.ENSP00000341551	GO Function	GO:0001221	Transcription coregulator binding
SMAD4	9606.ENSP00000341551	GO Function	GO:0001223	Transcription coactivator binding
SMAD4	9606.ENSP00000341551	GO Function	GO:0001228	DNA-binding transcription activator activity, RNA polymerase II-specific
SMAD4	9606.ENSP00000341551	GO Function	GO:0003676	Nucleic acid binding
SMAD4	9606.ENSP00000341551	GO Function	GO:0003677	DNA binding
SMAD4	9606.ENSP00000341551	GO Function	GO:0003682	Chromatin binding
SMAD4	9606.ENSP00000341551	GO Function	GO:0003690	Double-stranded DNA binding
SMAD4	9606.ENSP00000341551	GO Function	GO:0003700	DNA-binding transcription factor activity
SMAD4	9606.ENSP00000341551	GO Function	GO:0005488	Binding
SMAD4	9606.ENSP00000341551	GO Function	GO:0005515	Protein binding
SMAD4	9606.ENSP00000341551	GO Function	GO:0005518	Collagen binding
SMAD4	9606.ENSP00000341551	GO Function	GO:0008092	Cytoskeletal protein binding
SMAD4	9606.ENSP00000341551	GO Function	GO:0008134	Transcription factor binding
SMAD4	9606.ENSP00000341551	GO Function	GO:0031005	Filamin binding
SMAD4	9606.ENSP00000341551	GO Function	GO:0042802	Identical protein binding
SMAD4	9606.ENSP00000341551	GO Function	GO:0042803	Protein homodimerization activity
SMAD4	9606.ENSP00000341551	GO Function	GO:0043167	Ion binding
SMAD4	9606.ENSP00000341551	GO Function	GO:0043168	Anion binding
SMAD4	9606.ENSP00000341551	GO Function	GO:0043169	Cation binding
SMAD4	9606.ENSP00000341551	GO Function	GO:0043199	Sulfate binding
SMAD4	9606.ENSP00000341551	GO Function	GO:0043565	Sequence-specific DNA binding
SMAD4	9606.ENSP00000341551	GO Function	GO:0044877	Protein-containing complex binding
SMAD4	9606.ENSP00000341551	GO Function	GO:0046332	SMAD binding
SMAD4	9606.ENSP00000341551	GO Function	GO:0046872	Metal ion binding
SMAD4	9606.ENSP00000341551	GO Function	GO:0046983	Protein dimerization activity
SMAD4	9606.ENSP00000341551	GO Function	GO:0061629	RNA polymerase II-specific DNA-binding transcription factor binding
SMAD4	9606.ENSP00000341551	GO Function	GO:0070411	I-SMAD binding
SMAD4	9606.ENSP00000341551	GO Function	GO:0070412	R-SMAD binding
SMAD4	9606.ENSP00000341551	GO Function	GO:0097159	Organic cyclic compound binding
SMAD4	9606.ENSP00000341551	GO Function	GO:0140110	Transcription regulator activity
SMAD4	9606.ENSP00000341551	GO Function	GO:0140297	DNA-binding transcription factor binding
SMAD4	9606.ENSP00000341551	GO Function	GO:1901363	Heterocyclic compound binding
SMAD4	9606.ENSP00000341551	GO Function	GO:1901681	Sulfur compound binding
SMAD4	9606.ENSP00000341551	GO Function	GO:1990837	Sequence-specific double-stranded DNA binding
SMAD4	9606.ENSP00000341551	GO Component	GO:0000785	Chromatin
SMAD4	9606.ENSP00000341551	GO Component	GO:0005622	Intracellular anatomical structure
SMAD4	9606.ENSP00000341551	GO Component	GO:0005634	Nucleus
SMAD4	9606.ENSP00000341551	GO Component	GO:0005654	Nucleoplasm
SMAD4	9606.ENSP00000341551	GO Component	GO:0005667	Transcription regulator complex
SMAD4	9606.ENSP00000341551	GO Component	GO:0005694	Chromosome
SMAD4	9606.ENSP00000341551	GO Component	GO:0005737	Cytoplasm
SMAD4	9606.ENSP00000341551	GO Component	GO:0005813	Centrosome
SMAD4	9606.ENSP00000341551	GO Component	GO:0005815	Microtubule organizing center
SMAD4	9606.ENSP00000341551	GO Component	GO:0005829	Cytosol
SMAD4	9606.ENSP00000341551	GO Component	GO:0005856	Cytoskeleton
SMAD4	9606.ENSP00000341551	GO Component	GO:0015630	Microtubule cytoskeleton
SMAD4	9606.ENSP00000341551	GO Component	GO:0031974	Membrane-enclosed lumen
SMAD4	9606.ENSP00000341551	GO Component	GO:0031981	Nuclear lumen
SMAD4	9606.ENSP00000341551	GO Component	GO:0032444	Activin responsive factor complex
SMAD4	9606.ENSP00000341551	GO Component	GO:0032991	Protein-containing complex
SMAD4	9606.ENSP00000341551	GO Component	GO:0043226	Organelle
SMAD4	9606.ENSP00000341551	GO Component	GO:0043227	Membrane-bounded organelle
SMAD4	9606.ENSP00000341551	GO Component	GO:0043228	Non-membrane-bounded organelle
SMAD4	9606.ENSP00000341551	GO Component	GO:0043229	Intracellular organelle
SMAD4	9606.ENSP00000341551	GO Component	GO:0043231	Intracellular membrane-bounded organelle
SMAD4	9606.ENSP00000341551	GO Component	GO:0043232	Intracellular non-membrane-bounded organelle
SMAD4	9606.ENSP00000341551	GO Component	GO:0043233	Organelle lumen
SMAD4	9606.ENSP00000341551	GO Component	GO:0070013	Intracellular organelle lumen
SMAD4	9606.ENSP00000341551	GO Component	GO:0071141	SMAD protein complex
SMAD4	9606.ENSP00000341551	GO Component	GO:0071144	Heteromeric SMAD protein complex
SMAD4	9606.ENSP00000341551	GO Component	GO:0090575	RNA polymerase II transcription regulator complex
SMAD4	9606.ENSP00000341551	GO Component	GO:0110165	Cellular anatomical entity
SMAD4	9606.ENSP00000341551	GO Component	GO:0140513	Nuclear protein-containing complex
SMAD4	9606.ENSP00000341551	STRING clusters	CL:21047	Wnt signaling pathway, and Regulation of pathway-restricted SMAD protein phosphorylation
SMAD4	9606.ENSP00000341551	STRING clusters	CL:21048	Wnt signaling pathway, and Regulation of pathway-restricted SMAD protein phosphorylation
SMAD4	9606.ENSP00000341551	STRING clusters	CL:21270	Regulation of pathway-restricted SMAD protein phosphorylation, and Signaling by BMP
SMAD4	9606.ENSP00000341551	STRING clusters	CL:21272	Regulation of pathway-restricted SMAD protein phosphorylation, and Signaling by BMP
SMAD4	9606.ENSP00000341551	STRING clusters	CL:21274	Regulation of pathway-restricted SMAD protein phosphorylation, and Signaling by BMP
SMAD4	9606.ENSP00000341551	STRING clusters	CL:21275	Signaling by BMP, and TGF-beta propeptide
SMAD4	9606.ENSP00000341551	STRING clusters	CL:21327	Dwarfin, and E3 ubiquitin-protein ligase, SMURF1 type
SMAD4	9606.ENSP00000341551	STRING clusters	CL:21329	Dwarfin, and E3 ubiquitin-protein ligase, SMURF1 type
SMAD4	9606.ENSP00000341551	KEGG	hsa04068	FoxO signaling pathway
SMAD4	9606.ENSP00000341551	KEGG	hsa04110	Cell cycle
SMAD4	9606.ENSP00000341551	KEGG	hsa04310	Wnt signaling pathway
SMAD4	9606.ENSP00000341551	KEGG	hsa04350	TGF-beta signaling pathway
SMAD4	9606.ENSP00000341551	KEGG	hsa04371	Apelin signaling pathway
SMAD4	9606.ENSP00000341551	KEGG	hsa04390	Hippo signaling pathway
SMAD4	9606.ENSP00000341551	KEGG	hsa04520	Adherens junction
SMAD4	9606.ENSP00000341551	KEGG	hsa04550	Signaling pathways regulating pluripotency of stem cells
SMAD4	9606.ENSP00000341551	KEGG	hsa04659	Th17 cell differentiation
SMAD4	9606.ENSP00000341551	KEGG	hsa04933	AGE-RAGE signaling pathway in diabetic complications
SMAD4	9606.ENSP00000341551	KEGG	hsa05161	Hepatitis B
SMAD4	9606.ENSP00000341551	KEGG	hsa05166	Human T-cell leukemia virus 1 infection
SMAD4	9606.ENSP00000341551	KEGG	hsa05200	Pathways in cancer
SMAD4	9606.ENSP00000341551	KEGG	hsa05210	Colorectal cancer
SMAD4	9606.ENSP00000341551	KEGG	hsa05212	Pancreatic cancer
SMAD4	9606.ENSP00000341551	KEGG	hsa05220	Chronic myeloid leukemia
SMAD4	9606.ENSP00000341551	KEGG	hsa05225	Hepatocellular carcinoma
SMAD4	9606.ENSP00000341551	KEGG	hsa05226	Gastric cancer
SMAD4	9606.ENSP00000341551	Reactome	HSA-1181150	Signaling by NODAL
SMAD4	9606.ENSP00000341551	Reactome	HSA-1266738	Developmental Biology
SMAD4	9606.ENSP00000341551	Reactome	HSA-1502540	Signaling by Activin
SMAD4	9606.ENSP00000341551	Reactome	HSA-162582	Signal Transduction
SMAD4	9606.ENSP00000341551	Reactome	HSA-1643685	Disease
SMAD4	9606.ENSP00000341551	Reactome	HSA-170834	Signaling by TGF-beta Receptor Complex
SMAD4	9606.ENSP00000341551	Reactome	HSA-201451	Signaling by BMP
SMAD4	9606.ENSP00000341551	Reactome	HSA-212436	Generic Transcription Pathway
SMAD4	9606.ENSP00000341551	Reactome	HSA-2173789	TGF-beta receptor signaling activates SMADs
SMAD4	9606.ENSP00000341551	Reactome	HSA-2173793	Transcriptional activity of SMAD2/SMAD3:SMAD4 heterotrimer
SMAD4	9606.ENSP00000341551	Reactome	HSA-2173795	Downregulation of SMAD2/3:SMAD4 transcriptional activity
SMAD4	9606.ENSP00000341551	Reactome	HSA-2173796	SMAD2/SMAD3:SMAD4 heterotrimer regulates transcription
SMAD4	9606.ENSP00000341551	Reactome	HSA-3304347	Loss of Function of SMAD4 in Cancer
SMAD4	9606.ENSP00000341551	Reactome	HSA-3304349	Loss of Function of SMAD2/3 in Cancer
SMAD4	9606.ENSP00000341551	Reactome	HSA-3304351	Signaling by TGF-beta Receptor Complex in Cancer
SMAD4	9606.ENSP00000341551	Reactome	HSA-3311021	SMAD4 MH2 Domain Mutants in Cancer
SMAD4	9606.ENSP00000341551	Reactome	HSA-3315487	SMAD2/3 MH2 Domain Mutants in Cancer
SMAD4	9606.ENSP00000341551	Reactome	HSA-392499	Metabolism of proteins
SMAD4	9606.ENSP00000341551	Reactome	HSA-452723	Transcriptional regulation of pluripotent stem cells
SMAD4	9606.ENSP00000341551	Reactome	HSA-5663202	Diseases of signal transduction by growth factor receptors and second messengers
SMAD4	9606.ENSP00000341551	Reactome	HSA-5663205	Infectious disease
SMAD4	9606.ENSP00000341551	Reactome	HSA-5688426	Deubiquitination
SMAD4	9606.ENSP00000341551	Reactome	HSA-5689880	Ub-specific processing proteases
SMAD4	9606.ENSP00000341551	Reactome	HSA-597592	Post-translational protein modification
SMAD4	9606.ENSP00000341551	Reactome	HSA-73857	RNA Polymerase II Transcription
SMAD4	9606.ENSP00000341551	Reactome	HSA-74160	Gene expression (Transcription)
SMAD4	9606.ENSP00000341551	Reactome	HSA-8878159	Transcriptional regulation by RUNX3
SMAD4	9606.ENSP00000341551	Reactome	HSA-8878166	Transcriptional regulation by RUNX2
SMAD4	9606.ENSP00000341551	Reactome	HSA-8941326	RUNX2 regulates bone development
SMAD4	9606.ENSP00000341551	Reactome	HSA-8941855	RUNX3 regulates CDKN1A transcription
SMAD4	9606.ENSP00000341551	Reactome	HSA-8952158	RUNX3 regulates BCL2L11 (BIM) transcription
SMAD4	9606.ENSP00000341551	Reactome	HSA-9006936	Signaling by TGFB family members
SMAD4	9606.ENSP00000341551	Reactome	HSA-9614085	FOXO-mediated transcription
SMAD4	9606.ENSP00000341551	Reactome	HSA-9615017	FOXO-mediated transcription of oxidative stress, metabolic and neuronal genes
SMAD4	9606.ENSP00000341551	Reactome	HSA-9617828	FOXO-mediated transcription of cell cycle genes
SMAD4	9606.ENSP00000341551	Reactome	HSA-9678108	SARS-CoV-1 Infection
SMAD4	9606.ENSP00000341551	Reactome	HSA-9679506	SARS-CoV Infections
SMAD4	9606.ENSP00000341551	Reactome	HSA-9692914	SARS-CoV-1-host interactions
SMAD4	9606.ENSP00000341551	Reactome	HSA-9735871	SARS-CoV-1 targets host intracellular signalling and regulatory pathways
SMAD4	9606.ENSP00000341551	Reactome	HSA-9754189	Germ layer formation at gastrulation
SMAD4	9606.ENSP00000341551	Reactome	HSA-9758941	Gastrulation
SMAD4	9606.ENSP00000341551	WikiPathways	WP138	Androgen receptor signaling pathway
SMAD4	9606.ENSP00000341551	WikiPathways	WP1425	Bone morphogenic protein signaling and regulation
SMAD4	9606.ENSP00000341551	WikiPathways	WP1591	Heart development
SMAD4	9606.ENSP00000341551	WikiPathways	WP179	Cell cycle
SMAD4	9606.ENSP00000341551	WikiPathways	WP2840	Hair follicle development: cytodifferentiation - part 3 of 3
SMAD4	9606.ENSP00000341551	WikiPathways	WP2853	Endoderm differentiation
SMAD4	9606.ENSP00000341551	WikiPathways	WP2857	Mesodermal commitment pathway
SMAD4	9606.ENSP00000341551	WikiPathways	WP2858	Ectoderm differentiation
SMAD4	9606.ENSP00000341551	WikiPathways	WP2870	Extracellular vesicle-mediated signaling in recipient cells
SMAD4	9606.ENSP00000341551	WikiPathways	WP3646	Hepatitis C and hepatocellular carcinoma
SMAD4	9606.ENSP00000341551	WikiPathways	WP3657	Hematopoietic stem cell gene regulation by GABP alpha/beta complex
SMAD4	9606.ENSP00000341551	WikiPathways	WP366	TGF-beta signaling pathway
SMAD4	9606.ENSP00000341551	WikiPathways	WP3668	Hypothesized pathways in pathogenesis of cardiovascular disease
SMAD4	9606.ENSP00000341551	WikiPathways	WP3859	TGF-beta signaling in thyroid cells for epithelial-mesenchymal transition
SMAD4	9606.ENSP00000341551	WikiPathways	WP3874	Canonical and non-canonical TGF-B signaling
SMAD4	9606.ENSP00000341551	WikiPathways	WP3927	BMP signaling in eyelid development
SMAD4	9606.ENSP00000341551	WikiPathways	WP3931	Embryonic stem cell pluripotency pathways
SMAD4	9606.ENSP00000341551	WikiPathways	WP4216	Chromosomal and microsatellite instability in colorectal cancer 
SMAD4	9606.ENSP00000341551	WikiPathways	WP4239	Epithelial to mesenchymal transition in colorectal cancer
SMAD4	9606.ENSP00000341551	WikiPathways	WP4263	Pancreatic adenocarcinoma pathway
SMAD4	9606.ENSP00000341551	WikiPathways	WP4482	Vitamin D in inflammatory diseases
SMAD4	9606.ENSP00000341551	WikiPathways	WP4535	Envelope proteins and their potential roles in EDMD physiopathology
SMAD4	9606.ENSP00000341551	WikiPathways	WP4666	Hepatitis B infection
SMAD4	9606.ENSP00000341551	WikiPathways	WP4674	Head and neck squamous cell carcinoma
SMAD4	9606.ENSP00000341551	WikiPathways	WP4787	Osteoblast differentiation and related diseases
SMAD4	9606.ENSP00000341551	WikiPathways	WP4816	TGF-beta receptor signaling in skeletal dysplasias
SMAD4	9606.ENSP00000341551	WikiPathways	WP4838	Regucalcin in proximal tubule epithelial kidney cells
SMAD4	9606.ENSP00000341551	WikiPathways	WP5036	Angiotensin II receptor type 1 pathway
SMAD4	9606.ENSP00000341551	WikiPathways	WP5083	Neuroinflammation and glutamatergic signaling
SMAD4	9606.ENSP00000341551	WikiPathways	WP5103	Progeria-associated lipodystrophy
SMAD4	9606.ENSP00000341551	WikiPathways	WP5144	NRP1-triggered signaling pathways in pancreatic cancer 
SMAD4	9606.ENSP00000341551	WikiPathways	WP5205	Clock-controlled autophagy in bone metabolism
SMAD4	9606.ENSP00000341551	WikiPathways	WP5322	CKAP4 signaling pathway map
SMAD4	9606.ENSP00000341551	WikiPathways	WP560	TGF-beta receptor signaling
SMAD4	9606.ENSP00000341551	WikiPathways	WP710	DNA damage response (only ATM dependent)
SMAD4	9606.ENSP00000341551	DISEASES	DOID:0050177	Monogenic disease
SMAD4	9606.ENSP00000341551	DISEASES	DOID:0050686	Organ system cancer
SMAD4	9606.ENSP00000341551	DISEASES	DOID:0050687	Cell type cancer
SMAD4	9606.ENSP00000341551	DISEASES	DOID:0050736	Autosomal dominant disease
SMAD4	9606.ENSP00000341551	DISEASES	DOID:0050739	Autosomal genetic disease
SMAD4	9606.ENSP00000341551	DISEASES	DOID:0050787	Juvenile polyposis syndrome
SMAD4	9606.ENSP00000341551	DISEASES	DOID:0080355	Hepatobiliary system cancer
SMAD4	9606.ENSP00000341551	DISEASES	DOID:1270	Hereditary hemorrhagic telangiectasia
SMAD4	9606.ENSP00000341551	DISEASES	DOID:1287	Cardiovascular system disease
SMAD4	9606.ENSP00000341551	DISEASES	DOID:14566	Disease of cellular proliferation
SMAD4	9606.ENSP00000341551	DISEASES	DOID:162	Cancer
SMAD4	9606.ENSP00000341551	DISEASES	DOID:170	Endocrine gland cancer
SMAD4	9606.ENSP00000341551	DISEASES	DOID:178	Vascular disease
SMAD4	9606.ENSP00000341551	DISEASES	DOID:1793	Pancreatic cancer
SMAD4	9606.ENSP00000341551	DISEASES	DOID:1795	Tumor of exocrine pancreas
SMAD4	9606.ENSP00000341551	DISEASES	DOID:26	Pancreas disease
SMAD4	9606.ENSP00000341551	DISEASES	DOID:28	Endocrine system disease
SMAD4	9606.ENSP00000341551	DISEASES	DOID:299	Adenocarcinoma
SMAD4	9606.ENSP00000341551	DISEASES	DOID:305	Carcinoma
SMAD4	9606.ENSP00000341551	DISEASES	DOID:3118	Hepatobiliary disease
SMAD4	9606.ENSP00000341551	DISEASES	DOID:3119	Gastrointestinal system cancer
SMAD4	9606.ENSP00000341551	DISEASES	DOID:3498	Pancreatic ductal adenocarcinoma
SMAD4	9606.ENSP00000341551	DISEASES	DOID:4	Disease
SMAD4	9606.ENSP00000341551	DISEASES	DOID:4074	Pancreatic adenocarcinoma
SMAD4	9606.ENSP00000341551	DISEASES	DOID:4138	Bile duct disease
SMAD4	9606.ENSP00000341551	DISEASES	DOID:4606	Bile duct cancer
SMAD4	9606.ENSP00000341551	DISEASES	DOID:4607	Biliary tract cancer
SMAD4	9606.ENSP00000341551	DISEASES	DOID:4896	Bile duct adenocarcinoma
SMAD4	9606.ENSP00000341551	DISEASES	DOID:4897	Bile duct carcinoma
SMAD4	9606.ENSP00000341551	DISEASES	DOID:4905	Pancreatic carcinoma
SMAD4	9606.ENSP00000341551	DISEASES	DOID:4947	Cholangiocarcinoma
SMAD4	9606.ENSP00000341551	DISEASES	DOID:630	Genetic disease
SMAD4	9606.ENSP00000341551	DISEASES	DOID:7	Disease of anatomical entity
SMAD4	9606.ENSP00000341551	DISEASES	DOID:77	Gastrointestinal system disease
SMAD4	9606.ENSP00000341551	DISEASES	DOID:9741	Biliary tract disease
SMAD4	9606.ENSP00000341551	TISSUES	BTO:0000000	Tissues, cell types and enzyme sources
SMAD4	9606.ENSP00000341551	TISSUES	BTO:0000042	Animal
SMAD4	9606.ENSP00000341551	TISSUES	BTO:0000081	Reproductive system
SMAD4	9606.ENSP00000341551	TISSUES	BTO:0000083	Female reproductive system
SMAD4	9606.ENSP00000341551	TISSUES	BTO:0000142	Brain
SMAD4	9606.ENSP00000341551	TISSUES	BTO:0000174	Embryonic structure
SMAD4	9606.ENSP00000341551	TISSUES	BTO:0000227	Central nervous system
SMAD4	9606.ENSP00000341551	TISSUES	BTO:0000282	Head
SMAD4	9606.ENSP00000341551	TISSUES	BTO:0000284	Organism form
SMAD4	9606.ENSP00000341551	TISSUES	BTO:0000345	Digestive gland
SMAD4	9606.ENSP00000341551	TISSUES	BTO:0000449	Fetus
SMAD4	9606.ENSP00000341551	TISSUES	BTO:0000522	Gland
SMAD4	9606.ENSP00000341551	TISSUES	BTO:0000759	Liver
SMAD4	9606.ENSP00000341551	TISSUES	BTO:0000887	Muscle
SMAD4	9606.ENSP00000341551	TISSUES	BTO:0001078	Placenta
SMAD4	9606.ENSP00000341551	TISSUES	BTO:0001484	Nervous system
SMAD4	9606.ENSP00000341551	TISSUES	BTO:0001485	Muscular system
SMAD4	9606.ENSP00000341551	TISSUES	BTO:0001488	Endocrine gland
SMAD4	9606.ENSP00000341551	TISSUES	BTO:0001489	Whole body
SMAD4	9606.ENSP00000341551	TISSUES	BTO:0001491	Viscus
SMAD4	9606.ENSP00000341551	TISSUES	BTO:0003091	Urogenital system
SMAD4	9606.ENSP00000341551	TISSUES	BTO:0003099	Internal female genital organ
SMAD4	9606.ENSP00000341551	COMPARTMENTS	GOCC:0000785	Chromatin
SMAD4	9606.ENSP00000341551	COMPARTMENTS	GOCC:0005576	Extracellular region
SMAD4	9606.ENSP00000341551	COMPARTMENTS	GOCC:0005622	Intracellular
SMAD4	9606.ENSP00000341551	COMPARTMENTS	GOCC:0005634	Nucleus
SMAD4	9606.ENSP00000341551	COMPARTMENTS	GOCC:0005654	Nucleoplasm
SMAD4	9606.ENSP00000341551	COMPARTMENTS	GOCC:0005694	Chromosome
SMAD4	9606.ENSP00000341551	COMPARTMENTS	GOCC:0005737	Cytoplasm
SMAD4	9606.ENSP00000341551	COMPARTMENTS	GOCC:0005813	Centrosome
SMAD4	9606.ENSP00000341551	COMPARTMENTS	GOCC:0005815	Microtubule organizing center
SMAD4	9606.ENSP00000341551	COMPARTMENTS	GOCC:0005829	Cytosol
SMAD4	9606.ENSP00000341551	COMPARTMENTS	GOCC:0005856	Cytoskeleton
SMAD4	9606.ENSP00000341551	COMPARTMENTS	GOCC:0015630	Microtubule cytoskeleton
SMAD4	9606.ENSP00000341551	COMPARTMENTS	GOCC:0031012	Extracellular matrix
SMAD4	9606.ENSP00000341551	COMPARTMENTS	GOCC:0031974	Membrane-enclosed lumen
SMAD4	9606.ENSP00000341551	COMPARTMENTS	GOCC:0031981	Nuclear lumen
SMAD4	9606.ENSP00000341551	COMPARTMENTS	GOCC:0032991	Protein-containing complex
SMAD4	9606.ENSP00000341551	COMPARTMENTS	GOCC:0043226	Organelle
SMAD4	9606.ENSP00000341551	COMPARTMENTS	GOCC:0043227	Membrane-bounded organelle
SMAD4	9606.ENSP00000341551	COMPARTMENTS	GOCC:0043228	Non-membrane-bounded organelle
SMAD4	9606.ENSP00000341551	COMPARTMENTS	GOCC:0043229	Intracellular organelle
SMAD4	9606.ENSP00000341551	COMPARTMENTS	GOCC:0043231	Intracellular membrane-bounded organelle
SMAD4	9606.ENSP00000341551	COMPARTMENTS	GOCC:0043232	Intracellular non-membrane-bounded organelle
SMAD4	9606.ENSP00000341551	COMPARTMENTS	GOCC:0043233	Organelle lumen
SMAD4	9606.ENSP00000341551	COMPARTMENTS	GOCC:0062023	Collagen-containing extracellular matrix
SMAD4	9606.ENSP00000341551	COMPARTMENTS	GOCC:0070013	Intracellular organelle lumen
SMAD4	9606.ENSP00000341551	COMPARTMENTS	GOCC:0071141	SMAD protein complex
SMAD4	9606.ENSP00000341551	COMPARTMENTS	GOCC:0099126	Transforming growth factor beta complex
SMAD4	9606.ENSP00000341551	COMPARTMENTS	GOCC:0110165	Cellular anatomical entity
SMAD4	9606.ENSP00000341551	Monarch	EFO:0000319	Cardiovascular disease
SMAD4	9606.ENSP00000341551	Monarch	EFO:0000408	Disease
SMAD4	9606.ENSP00000341551	Monarch	EFO:0000556	Ischemia
SMAD4	9606.ENSP00000341551	Monarch	EFO:0003765	Sign or symptom
SMAD4	9606.ENSP00000341551	Monarch	EFO:0003777	Heart disease
SMAD4	9606.ENSP00000341551	Monarch	EFO:0003843	Pain
SMAD4	9606.ENSP00000341551	Monarch	EFO:0003959	Cleft lip
SMAD4	9606.ENSP00000341551	Monarch	EFO:0004272	Anemia (phenotype)
SMAD4	9606.ENSP00000341551	Monarch	EFO:0009551	Heart valve disease
SMAD4	9606.ENSP00000341551	Monarch	EFO:0009557	Mitral valve disease
SMAD4	9606.ENSP00000341551	Monarch	HP:0000002	Abnormality of body height
SMAD4	9606.ENSP00000341551	Monarch	HP:0000008	Abnormal morphology of female internal genitalia
SMAD4	9606.ENSP00000341551	Monarch	HP:0000023	Inguinal hernia
SMAD4	9606.ENSP00000341551	Monarch	HP:0000028	Cryptorchidism
SMAD4	9606.ENSP00000341551	Monarch	HP:0000032	Abnormality of male external genitalia
SMAD4	9606.ENSP00000341551	Monarch	HP:0000035	Abnormal testis morphology
SMAD4	9606.ENSP00000341551	Monarch	HP:0000036	Abnormal penis morphology
SMAD4	9606.ENSP00000341551	Monarch	HP:0000039	Epispadias
SMAD4	9606.ENSP00000341551	Monarch	HP:0000047	Hypospadias
SMAD4	9606.ENSP00000341551	Monarch	HP:0000077	Abnormality of the kidney
SMAD4	9606.ENSP00000341551	Monarch	HP:0000078	Abnormality of the genital system
SMAD4	9606.ENSP00000341551	Monarch	HP:0000079	Abnormality of the urinary system
SMAD4	9606.ENSP00000341551	Monarch	HP:0000080	Abnormality of reproductive system physiology
SMAD4	9606.ENSP00000341551	Monarch	HP:0000098	Tall stature
SMAD4	9606.ENSP00000341551	Monarch	HP:0000118	Phenotypic abnormality
SMAD4	9606.ENSP00000341551	Monarch	HP:0000119	Abnormality of the genitourinary system
SMAD4	9606.ENSP00000341551	Monarch	HP:0000135	Hypogonadism
SMAD4	9606.ENSP00000341551	Monarch	HP:0000137	Abnormality of the ovary
SMAD4	9606.ENSP00000341551	Monarch	HP:0000142	Abnormal vagina morphology
SMAD4	9606.ENSP00000341551	Monarch	HP:0000152	Abnormality of head or neck
SMAD4	9606.ENSP00000341551	Monarch	HP:0000153	Abnormality of the mouth
SMAD4	9606.ENSP00000341551	Monarch	HP:0000159	Abnormal lip morphology
SMAD4	9606.ENSP00000341551	Monarch	HP:0000160	Narrow mouth
SMAD4	9606.ENSP00000341551	Monarch	HP:0000163	Abnormal oral cavity morphology
SMAD4	9606.ENSP00000341551	Monarch	HP:0000168	Abnormality of the gingiva
SMAD4	9606.ENSP00000341551	Monarch	HP:0000172	Abnormal uvula morphology
SMAD4	9606.ENSP00000341551	Monarch	HP:0000174	Abnormal palate morphology
SMAD4	9606.ENSP00000341551	Monarch	HP:0000175	Cleft palate
SMAD4	9606.ENSP00000341551	Monarch	HP:0000176	Submucous cleft hard palate
SMAD4	9606.ENSP00000341551	Monarch	HP:0000177	Abnormal upper lip morphology
SMAD4	9606.ENSP00000341551	Monarch	HP:0000185	Cleft soft palate
SMAD4	9606.ENSP00000341551	Monarch	HP:0000189	Narrow palate
SMAD4	9606.ENSP00000341551	Monarch	HP:0000193	Bifid uvula
SMAD4	9606.ENSP00000341551	Monarch	HP:0000202	Oral cleft
SMAD4	9606.ENSP00000341551	Monarch	HP:0000204	Cleft upper lip
SMAD4	9606.ENSP00000341551	Monarch	HP:0000218	High palate
SMAD4	9606.ENSP00000341551	Monarch	HP:0000219	Thin upper lip vermilion
SMAD4	9606.ENSP00000341551	Monarch	HP:0000233	Thin vermilion border
SMAD4	9606.ENSP00000341551	Monarch	HP:0000234	Abnormality of the head
SMAD4	9606.ENSP00000341551	Monarch	HP:0000240	Abnormality of skull size
SMAD4	9606.ENSP00000341551	Monarch	HP:0000252	Microcephaly
SMAD4	9606.ENSP00000341551	Monarch	HP:0000256	Macrocephaly
SMAD4	9606.ENSP00000341551	Monarch	HP:0000271	Abnormality of the face
SMAD4	9606.ENSP00000341551	Monarch	HP:0000272	Malar flattening
SMAD4	9606.ENSP00000341551	Monarch	HP:0000277	Abnormal mandible morphology
SMAD4	9606.ENSP00000341551	Monarch	HP:0000278	Retrognathia
SMAD4	9606.ENSP00000341551	Monarch	HP:0000288	Abnormality of the philtrum
SMAD4	9606.ENSP00000341551	Monarch	HP:0000290	Abnormality of the forehead
SMAD4	9606.ENSP00000341551	Monarch	HP:0000303	Mandibular prognathia
SMAD4	9606.ENSP00000341551	Monarch	HP:0000306	Abnormality of the chin
SMAD4	9606.ENSP00000341551	Monarch	HP:0000309	Abnormal midface morphology
SMAD4	9606.ENSP00000341551	Monarch	HP:0000315	Abnormality of the orbital region
SMAD4	9606.ENSP00000341551	Monarch	HP:0000316	Hypertelorism
SMAD4	9606.ENSP00000341551	Monarch	HP:0000322	Short philtrum
SMAD4	9606.ENSP00000341551	Monarch	HP:0000326	Abnormality of the maxilla
SMAD4	9606.ENSP00000341551	Monarch	HP:0000327	Hypoplasia of the maxilla
SMAD4	9606.ENSP00000341551	Monarch	HP:0000331	Short chin
SMAD4	9606.ENSP00000341551	Monarch	HP:0000356	Abnormality of the outer ear
SMAD4	9606.ENSP00000341551	Monarch	HP:0000357	Abnormal location of ears
SMAD4	9606.ENSP00000341551	Monarch	HP:0000364	Hearing abnormality
SMAD4	9606.ENSP00000341551	Monarch	HP:0000365	Hearing impairment
SMAD4	9606.ENSP00000341551	Monarch	HP:0000366	Abnormality of the nose
SMAD4	9606.ENSP00000341551	Monarch	HP:0000369	Low-set ears
SMAD4	9606.ENSP00000341551	Monarch	HP:0000377	Abnormal pinna morphology
SMAD4	9606.ENSP00000341551	Monarch	HP:0000421	Epistaxis
SMAD4	9606.ENSP00000341551	Monarch	HP:0000422	Abnormal nasal bridge morphology
SMAD4	9606.ENSP00000341551	Monarch	HP:0000426	Prominent nasal bridge
SMAD4	9606.ENSP00000341551	Monarch	HP:0000464	Abnormality of the neck
SMAD4	9606.ENSP00000341551	Monarch	HP:0000470	Short neck
SMAD4	9606.ENSP00000341551	Monarch	HP:0000478	Abnormality of the eye
SMAD4	9606.ENSP00000341551	Monarch	HP:0000479	Abnormal retinal morphology
SMAD4	9606.ENSP00000341551	Monarch	HP:0000486	Strabismus
SMAD4	9606.ENSP00000341551	Monarch	HP:0000490	Deeply set eye
SMAD4	9606.ENSP00000341551	Monarch	HP:0000492	Abnormal eyelid morphology
SMAD4	9606.ENSP00000341551	Monarch	HP:0000494	Downslanted palpebral fissures
SMAD4	9606.ENSP00000341551	Monarch	HP:0000496	Abnormality of eye movement
SMAD4	9606.ENSP00000341551	Monarch	HP:0000502	Abnormal conjunctiva morphology
SMAD4	9606.ENSP00000341551	Monarch	HP:0000504	Abnormality of vision
SMAD4	9606.ENSP00000341551	Monarch	HP:0000505	Visual impairment
SMAD4	9606.ENSP00000341551	Monarch	HP:0000508	Ptosis
SMAD4	9606.ENSP00000341551	Monarch	HP:0000517	Abnormal lens morphology
SMAD4	9606.ENSP00000341551	Monarch	HP:0000518	Cataract
SMAD4	9606.ENSP00000341551	Monarch	HP:0000524	Conjunctival telangiectasia
SMAD4	9606.ENSP00000341551	Monarch	HP:0000525	Abnormality iris morphology
SMAD4	9606.ENSP00000341551	Monarch	HP:0000534	Abnormal eyebrow morphology
SMAD4	9606.ENSP00000341551	Monarch	HP:0000539	Abnormality of refraction
SMAD4	9606.ENSP00000341551	Monarch	HP:0000540	Hypermetropia
SMAD4	9606.ENSP00000341551	Monarch	HP:0000549	Abnormal conjugate eye movement
SMAD4	9606.ENSP00000341551	Monarch	HP:0000553	Abnormal uvea morphology
SMAD4	9606.ENSP00000341551	Monarch	HP:0000568	Microphthalmia
SMAD4	9606.ENSP00000341551	Monarch	HP:0000574	Thick eyebrow
SMAD4	9606.ENSP00000341551	Monarch	HP:0000581	Blepharophimosis
SMAD4	9606.ENSP00000341551	Monarch	HP:0000598	Abnormality of the ear
SMAD4	9606.ENSP00000341551	Monarch	HP:0000646	Amblyopia
SMAD4	9606.ENSP00000341551	Monarch	HP:0000707	Abnormality of the nervous system
SMAD4	9606.ENSP00000341551	Monarch	HP:0000708	Behavioral abnormality
SMAD4	9606.ENSP00000341551	Monarch	HP:0000717	Autism
SMAD4	9606.ENSP00000341551	Monarch	HP:0000729	Autistic behavior
SMAD4	9606.ENSP00000341551	Monarch	HP:0000765	Abnormal thorax morphology
SMAD4	9606.ENSP00000341551	Monarch	HP:0000766	Abnormal sternum morphology
SMAD4	9606.ENSP00000341551	Monarch	HP:0000769	Abnormality of the breast
SMAD4	9606.ENSP00000341551	Monarch	HP:0000772	Abnormal rib morphology
SMAD4	9606.ENSP00000341551	Monarch	HP:0000787	Nephrolithiasis
SMAD4	9606.ENSP00000341551	Monarch	HP:0000790	Hematuria
SMAD4	9606.ENSP00000341551	Monarch	HP:0000795	Abnormality of the urethra
SMAD4	9606.ENSP00000341551	Monarch	HP:0000811	Abnormal external genitalia
SMAD4	9606.ENSP00000341551	Monarch	HP:0000812	Abnormal internal genitalia
SMAD4	9606.ENSP00000341551	Monarch	HP:0000818	Abnormality of the endocrine system
SMAD4	9606.ENSP00000341551	Monarch	HP:0000819	Diabetes mellitus
SMAD4	9606.ENSP00000341551	Monarch	HP:0000822	Hypertension
SMAD4	9606.ENSP00000341551	Monarch	HP:0000826	Precocious puberty
SMAD4	9606.ENSP00000341551	Monarch	HP:0000885	Broad ribs
SMAD4	9606.ENSP00000341551	Monarch	HP:0000924	Abnormality of the skeletal system
SMAD4	9606.ENSP00000341551	Monarch	HP:0000925	Abnormality of the vertebral column
SMAD4	9606.ENSP00000341551	Monarch	HP:0000926	Platyspondyly
SMAD4	9606.ENSP00000341551	Monarch	HP:0000929	Abnormal skull morphology
SMAD4	9606.ENSP00000341551	Monarch	HP:0000944	Abnormal metaphysis morphology
SMAD4	9606.ENSP00000341551	Monarch	HP:0000946	Hypoplastic ilia
SMAD4	9606.ENSP00000341551	Monarch	HP:0000951	Abnormality of the skin
SMAD4	9606.ENSP00000341551	Monarch	HP:0000952	Jaundice
SMAD4	9606.ENSP00000341551	Monarch	HP:0000964	Eczema
SMAD4	9606.ENSP00000341551	Monarch	HP:0000965	Cutis marmorata
SMAD4	9606.ENSP00000341551	Monarch	HP:0000969	Edema
SMAD4	9606.ENSP00000341551	Monarch	HP:0000978	Bruising susceptibility
SMAD4	9606.ENSP00000341551	Monarch	HP:0000980	Pallor
SMAD4	9606.ENSP00000341551	Monarch	HP:0001005	Dermatological manifestations of systemic disorders
SMAD4	9606.ENSP00000341551	Monarch	HP:0001009	Telangiectasia
SMAD4	9606.ENSP00000341551	Monarch	HP:0001012	Multiple lipomas
SMAD4	9606.ENSP00000341551	Monarch	HP:0001017	Anemic pallor
SMAD4	9606.ENSP00000341551	Monarch	HP:0001028	Hemangioma
SMAD4	9606.ENSP00000341551	Monarch	HP:0001048	Cavernous hemangioma
SMAD4	9606.ENSP00000341551	Monarch	HP:0001072	Thickened skin
SMAD4	9606.ENSP00000341551	Monarch	HP:0001081	Cholelithiasis
SMAD4	9606.ENSP00000341551	Monarch	HP:0001082	Cholecystitis
SMAD4	9606.ENSP00000341551	Monarch	HP:0001098	Abnormal fundus morphology
SMAD4	9606.ENSP00000341551	Monarch	HP:0001155	Abnormality of the hand
SMAD4	9606.ENSP00000341551	Monarch	HP:0001156	Brachydactyly
SMAD4	9606.ENSP00000341551	Monarch	HP:0001159	Syndactyly
SMAD4	9606.ENSP00000341551	Monarch	HP:0001166	Arachnodactyly
SMAD4	9606.ENSP00000341551	Monarch	HP:0001167	Abnormality of finger
SMAD4	9606.ENSP00000341551	Monarch	HP:0001197	Abnormality of prenatal development or birth
SMAD4	9606.ENSP00000341551	Monarch	HP:0001211	Abnormal fingertip morphology
SMAD4	9606.ENSP00000341551	Monarch	HP:0001217	Clubbing
SMAD4	9606.ENSP00000341551	Monarch	HP:0001238	Slender finger
SMAD4	9606.ENSP00000341551	Monarch	HP:0001249	Intellectual disability
SMAD4	9606.ENSP00000341551	Monarch	HP:0001250	Seizure
SMAD4	9606.ENSP00000341551	Monarch	HP:0001251	Ataxia
SMAD4	9606.ENSP00000341551	Monarch	HP:0001256	Intellectual disability, mild
SMAD4	9606.ENSP00000341551	Monarch	HP:0001263	Global developmental delay
SMAD4	9606.ENSP00000341551	Monarch	HP:0001297	Stroke
SMAD4	9606.ENSP00000341551	Monarch	HP:0001328	Specific learning disability
SMAD4	9606.ENSP00000341551	Monarch	HP:0001342	Cerebral hemorrhage
SMAD4	9606.ENSP00000341551	Monarch	HP:0001367	Abnormal joint morphology
SMAD4	9606.ENSP00000341551	Monarch	HP:0001371	Flexion contracture
SMAD4	9606.ENSP00000341551	Monarch	HP:0001376	Limitation of joint mobility
SMAD4	9606.ENSP00000341551	Monarch	HP:0001387	Joint stiffness
SMAD4	9606.ENSP00000341551	Monarch	HP:0001392	Abnormality of the liver
SMAD4	9606.ENSP00000341551	Monarch	HP:0001394	Cirrhosis
SMAD4	9606.ENSP00000341551	Monarch	HP:0001396	Cholestasis
SMAD4	9606.ENSP00000341551	Monarch	HP:0001399	Hepatic failure
SMAD4	9606.ENSP00000341551	Monarch	HP:0001409	Portal hypertension
SMAD4	9606.ENSP00000341551	Monarch	HP:0001410	Decreased liver function
SMAD4	9606.ENSP00000341551	Monarch	HP:0001433	Hepatosplenomegaly
SMAD4	9606.ENSP00000341551	Monarch	HP:0001438	Abnormal abdomen morphology
SMAD4	9606.ENSP00000341551	Monarch	HP:0001507	Growth abnormality
SMAD4	9606.ENSP00000341551	Monarch	HP:0001508	Failure to thrive
SMAD4	9606.ENSP00000341551	Monarch	HP:0001510	Growth delay
SMAD4	9606.ENSP00000341551	Monarch	HP:0001511	Intrauterine growth retardation
SMAD4	9606.ENSP00000341551	Monarch	HP:0001513	Obesity
SMAD4	9606.ENSP00000341551	Monarch	HP:0001518	Small for gestational age
SMAD4	9606.ENSP00000341551	Monarch	HP:0001547	Abnormal rib cage morphology
SMAD4	9606.ENSP00000341551	Monarch	HP:0001574	Abnormality of the integument
SMAD4	9606.ENSP00000341551	Monarch	HP:0001595	Abnormal hair morphology
SMAD4	9606.ENSP00000341551	Monarch	HP:0001600	Abnormality of the larynx
SMAD4	9606.ENSP00000341551	Monarch	HP:0001602	Laryngeal stenosis
SMAD4	9606.ENSP00000341551	Monarch	HP:0001608	Abnormality of the voice
SMAD4	9606.ENSP00000341551	Monarch	HP:0001626	Abnormality of the cardiovascular system
SMAD4	9606.ENSP00000341551	Monarch	HP:0001627	Abnormal heart morphology
SMAD4	9606.ENSP00000341551	Monarch	HP:0001629	Ventricular septal defect
SMAD4	9606.ENSP00000341551	Monarch	HP:0001631	Atrial septal defect
SMAD4	9606.ENSP00000341551	Monarch	HP:0001633	Abnormal mitral valve morphology
SMAD4	9606.ENSP00000341551	Monarch	HP:0001634	Mitral valve prolapse
SMAD4	9606.ENSP00000341551	Monarch	HP:0001635	Congestive heart failure
SMAD4	9606.ENSP00000341551	Monarch	HP:0001640	Cardiomegaly
SMAD4	9606.ENSP00000341551	Monarch	HP:0001643	Patent ductus arteriosus
SMAD4	9606.ENSP00000341551	Monarch	HP:0001646	Abnormal aortic valve morphology
SMAD4	9606.ENSP00000341551	Monarch	HP:0001647	Bicuspid aortic valve
SMAD4	9606.ENSP00000341551	Monarch	HP:0001650	Aortic valve stenosis
SMAD4	9606.ENSP00000341551	Monarch	HP:0001653	Mitral regurgitation
SMAD4	9606.ENSP00000341551	Monarch	HP:0001654	Abnormal heart valve morphology
SMAD4	9606.ENSP00000341551	Monarch	HP:0001659	Aortic regurgitation
SMAD4	9606.ENSP00000341551	Monarch	HP:0001671	Abnormal cardiac septum morphology
SMAD4	9606.ENSP00000341551	Monarch	HP:0001677	Coronary artery atherosclerosis
SMAD4	9606.ENSP00000341551	Monarch	HP:0001679	Abnormal aortic morphology
SMAD4	9606.ENSP00000341551	Monarch	HP:0001680	Coarctation of aorta
SMAD4	9606.ENSP00000341551	Monarch	HP:0001697	Abnormal pericardium morphology
SMAD4	9606.ENSP00000341551	Monarch	HP:0001698	Pericardial effusion
SMAD4	9606.ENSP00000341551	Monarch	HP:0001713	Abnormal cardiac ventricle morphology
SMAD4	9606.ENSP00000341551	Monarch	HP:0001732	Abnormality of the pancreas
SMAD4	9606.ENSP00000341551	Monarch	HP:0001738	Exocrine pancreatic insufficiency
SMAD4	9606.ENSP00000341551	Monarch	HP:0001743	Abnormality of the spleen
SMAD4	9606.ENSP00000341551	Monarch	HP:0001744	Splenomegaly
SMAD4	9606.ENSP00000341551	Monarch	HP:0001760	Abnormal foot morphology
SMAD4	9606.ENSP00000341551	Monarch	HP:0001763	Pes planus
SMAD4	9606.ENSP00000341551	Monarch	HP:0001770	Toe syndactyly
SMAD4	9606.ENSP00000341551	Monarch	HP:0001780	Abnormality of toe
SMAD4	9606.ENSP00000341551	Monarch	HP:0001824	Weight loss
SMAD4	9606.ENSP00000341551	Monarch	HP:0001831	Short toe
SMAD4	9606.ENSP00000341551	Monarch	HP:0001845	Overlapping toe
SMAD4	9606.ENSP00000341551	Monarch	HP:0001871	Abnormality of blood and blood-forming tissues
SMAD4	9606.ENSP00000341551	Monarch	HP:0001877	Abnormal erythrocyte morphology
SMAD4	9606.ENSP00000341551	Monarch	HP:0001892	Abnormal bleeding
SMAD4	9606.ENSP00000341551	Monarch	HP:0001903	Anemia
SMAD4	9606.ENSP00000341551	Monarch	HP:0001933	Subcutaneous hemorrhage
SMAD4	9606.ENSP00000341551	Monarch	HP:0001935	Microcytic anemia
SMAD4	9606.ENSP00000341551	Monarch	HP:0001939	Abnormality of metabolism/homeostasis
SMAD4	9606.ENSP00000341551	Monarch	HP:0001952	Glucose intolerance
SMAD4	9606.ENSP00000341551	Monarch	HP:0001977	Abnormal thrombosis
SMAD4	9606.ENSP00000341551	Monarch	HP:0001991	Aplasia/Hypoplasia of toe
SMAD4	9606.ENSP00000341551	Monarch	HP:0001999	Abnormal facial shape
SMAD4	9606.ENSP00000341551	Monarch	HP:0002003	Large forehead
SMAD4	9606.ENSP00000341551	Monarch	HP:0002011	Morphological central nervous system abnormality
SMAD4	9606.ENSP00000341551	Monarch	HP:0002012	Abnormality of the abdominal organs
SMAD4	9606.ENSP00000341551	Monarch	HP:0002014	Diarrhea
SMAD4	9606.ENSP00000341551	Monarch	HP:0002017	Nausea and vomiting
SMAD4	9606.ENSP00000341551	Monarch	HP:0002027	Abdominal pain
SMAD4	9606.ENSP00000341551	Monarch	HP:0002031	Abnormal esophagus morphology
SMAD4	9606.ENSP00000341551	Monarch	HP:0002034	Abnormal rectum morphology
SMAD4	9606.ENSP00000341551	Monarch	HP:0002035	Rectal prolapse
SMAD4	9606.ENSP00000341551	Monarch	HP:0002039	Anorexia
SMAD4	9606.ENSP00000341551	Monarch	HP:0002040	Esophageal varix
SMAD4	9606.ENSP00000341551	Monarch	HP:0002060	Abnormal cerebral morphology
SMAD4	9606.ENSP00000341551	Monarch	HP:0002076	Migraine
SMAD4	9606.ENSP00000341551	Monarch	HP:0002086	Abnormality of the respiratory system
SMAD4	9606.ENSP00000341551	Monarch	HP:0002087	Abnormality of the upper respiratory tract
SMAD4	9606.ENSP00000341551	Monarch	HP:0002088	Abnormal lung morphology
SMAD4	9606.ENSP00000341551	Monarch	HP:0002092	Pulmonary arterial hypertension
SMAD4	9606.ENSP00000341551	Monarch	HP:0002093	Respiratory insufficiency
SMAD4	9606.ENSP00000341551	Monarch	HP:0002094	Dyspnea
SMAD4	9606.ENSP00000341551	Monarch	HP:0002103	Abnormal pleura morphology
SMAD4	9606.ENSP00000341551	Monarch	HP:0002105	Hemoptysis
SMAD4	9606.ENSP00000341551	Monarch	HP:0002107	Pneumothorax
SMAD4	9606.ENSP00000341551	Monarch	HP:0002138	Subarachnoid hemorrhage
SMAD4	9606.ENSP00000341551	Monarch	HP:0002140	Ischemic stroke
SMAD4	9606.ENSP00000341551	Monarch	HP:0002143	Abnormality of the spinal cord
SMAD4	9606.ENSP00000341551	Monarch	HP:0002170	Intracranial hemorrhage
SMAD4	9606.ENSP00000341551	Monarch	HP:0002204	Pulmonary embolism
SMAD4	9606.ENSP00000341551	Monarch	HP:0002213	Fine hair
SMAD4	9606.ENSP00000341551	Monarch	HP:0002239	Gastrointestinal hemorrhage
SMAD4	9606.ENSP00000341551	Monarch	HP:0002240	Hepatomegaly
SMAD4	9606.ENSP00000341551	Monarch	HP:0002242	Abnormal intestine morphology
SMAD4	9606.ENSP00000341551	Monarch	HP:0002243	Protein-losing enteropathy
SMAD4	9606.ENSP00000341551	Monarch	HP:0002244	Abnormality of the small intestine
SMAD4	9606.ENSP00000341551	Monarch	HP:0002250	Abnormal large intestine morphology
SMAD4	9606.ENSP00000341551	Monarch	HP:0002254	Intermittent diarrhea
SMAD4	9606.ENSP00000341551	Monarch	HP:0002315	Headache
SMAD4	9606.ENSP00000341551	Monarch	HP:0002326	Transient ischemic attack
SMAD4	9606.ENSP00000341551	Monarch	HP:0002408	Cerebral arteriovenous malformation
SMAD4	9606.ENSP00000341551	Monarch	HP:0002573	Hematochezia
SMAD4	9606.ENSP00000341551	Monarch	HP:0002576	Intussusception
SMAD4	9606.ENSP00000341551	Monarch	HP:0002577	Abnormal stomach morphology
SMAD4	9606.ENSP00000341551	Monarch	HP:0002579	Gastrointestinal dysmotility
SMAD4	9606.ENSP00000341551	Monarch	HP:0002585	Abnormality of the peritoneum
SMAD4	9606.ENSP00000341551	Monarch	HP:0002597	Abnormality of the vasculature
SMAD4	9606.ENSP00000341551	Monarch	HP:0002616	Aortic root aneurysm
SMAD4	9606.ENSP00000341551	Monarch	HP:0002617	Vascular dilatation
SMAD4	9606.ENSP00000341551	Monarch	HP:0002621	Atherosclerosis
SMAD4	9606.ENSP00000341551	Monarch	HP:0002634	Arteriosclerosis
SMAD4	9606.ENSP00000341551	Monarch	HP:0002637	Cerebral ischemia
SMAD4	9606.ENSP00000341551	Monarch	HP:0002644	Abnormal pelvic girdle bone morphology
SMAD4	9606.ENSP00000341551	Monarch	HP:0002647	Aortic dissection
SMAD4	9606.ENSP00000341551	Monarch	HP:0002650	Scoliosis
SMAD4	9606.ENSP00000341551	Monarch	HP:0002664	Neoplasm
SMAD4	9606.ENSP00000341551	Monarch	HP:0002672	Gastrointestinal carcinoma
SMAD4	9606.ENSP00000341551	Monarch	HP:0002683	Abnormal calvaria morphology
SMAD4	9606.ENSP00000341551	Monarch	HP:0002684	Thickened calvaria
SMAD4	9606.ENSP00000341551	Monarch	HP:0002686	Prenatal maternal abnormality
SMAD4	9606.ENSP00000341551	Monarch	HP:0002705	High, narrow palate
SMAD4	9606.ENSP00000341551	Monarch	HP:0002715	Abnormality of the immune system
SMAD4	9606.ENSP00000341551	Monarch	HP:0002716	Lymphadenopathy
SMAD4	9606.ENSP00000341551	Monarch	HP:0002733	Abnormal lymph node morphology
SMAD4	9606.ENSP00000341551	Monarch	HP:0002777	Tracheal stenosis
SMAD4	9606.ENSP00000341551	Monarch	HP:0002778	Abnormal tracheal morphology
SMAD4	9606.ENSP00000341551	Monarch	HP:0002793	Abnormal pattern of respiration
SMAD4	9606.ENSP00000341551	Monarch	HP:0002795	Abnormal respiratory system physiology
SMAD4	9606.ENSP00000341551	Monarch	HP:0002813	Abnormality of limb bone morphology
SMAD4	9606.ENSP00000341551	Monarch	HP:0002814	Abnormality of the lower limb
SMAD4	9606.ENSP00000341551	Monarch	HP:0002817	Abnormality of the upper limb
SMAD4	9606.ENSP00000341551	Monarch	HP:0002861	Melanoma
SMAD4	9606.ENSP00000341551	Monarch	HP:0002866	Hypoplastic iliac wing
SMAD4	9606.ENSP00000341551	Monarch	HP:0002867	Abnormal ilium morphology
SMAD4	9606.ENSP00000341551	Monarch	HP:0002875	Exertional dyspnea
SMAD4	9606.ENSP00000341551	Monarch	HP:0002894	Neoplasm of the pancreas
SMAD4	9606.ENSP00000341551	Monarch	HP:0002896	Neoplasm of the liver
SMAD4	9606.ENSP00000341551	Monarch	HP:0002900	Hypokalemia
SMAD4	9606.ENSP00000341551	Monarch	HP:0002910	Elevated hepatic transaminase
SMAD4	9606.ENSP00000341551	Monarch	HP:0002948	Vertebral fusion
SMAD4	9606.ENSP00000341551	Monarch	HP:0002977	Aplasia/Hypoplasia involving the central nervous system
SMAD4	9606.ENSP00000341551	Monarch	HP:0003002	Breast carcinoma
SMAD4	9606.ENSP00000341551	Monarch	HP:0003003	Colon cancer
SMAD4	9606.ENSP00000341551	Monarch	HP:0003011	Abnormality of the musculature
SMAD4	9606.ENSP00000341551	Monarch	HP:0003026	Short long bone
SMAD4	9606.ENSP00000341551	Monarch	HP:0003073	Hypoalbuminemia
SMAD4	9606.ENSP00000341551	Monarch	HP:0003075	Hypoproteinemia
SMAD4	9606.ENSP00000341551	Monarch	HP:0003110	Abnormality of urine homeostasis
SMAD4	9606.ENSP00000341551	Monarch	HP:0003111	Abnormal blood ion concentration
SMAD4	9606.ENSP00000341551	Monarch	HP:0003172	Abnormality of the pubic bone
SMAD4	9606.ENSP00000341551	Monarch	HP:0003241	External genital hypoplasia
SMAD4	9606.ENSP00000341551	Monarch	HP:0003271	Visceromegaly
SMAD4	9606.ENSP00000341551	Monarch	HP:0003272	Abnormal hip bone morphology
SMAD4	9606.ENSP00000341551	Monarch	HP:0003312	Abnormal form of the vertebral bodies
SMAD4	9606.ENSP00000341551	Monarch	HP:0003319	Abnormality of the cervical spine
SMAD4	9606.ENSP00000341551	Monarch	HP:0003418	Back pain
SMAD4	9606.ENSP00000341551	Monarch	HP:0003422	Vertebral segmentation defect
SMAD4	9606.ENSP00000341551	Monarch	HP:0003457	EMG abnormality
SMAD4	9606.ENSP00000341551	Monarch	HP:0003468	Abnormal vertebral morphology
SMAD4	9606.ENSP00000341551	Monarch	HP:0003508	Proportionate short stature
SMAD4	9606.ENSP00000341551	Monarch	HP:0003510	Severe short stature
SMAD4	9606.ENSP00000341551	Monarch	HP:0003549	Abnormality of connective tissue
SMAD4	9606.ENSP00000341551	Monarch	HP:0003561	Birth length less than 3rd percentile
SMAD4	9606.ENSP00000341551	Monarch	HP:0003712	Skeletal muscle hypertrophy
SMAD4	9606.ENSP00000341551	Monarch	HP:0003720	Generalized muscle hypertrophy
SMAD4	9606.ENSP00000341551	Monarch	HP:0004097	Deviation of finger
SMAD4	9606.ENSP00000341551	Monarch	HP:0004279	Short palm
SMAD4	9606.ENSP00000341551	Monarch	HP:0004297	Abnormality of the biliary system
SMAD4	9606.ENSP00000341551	Monarch	HP:0004298	Abnormality of the abdominal wall
SMAD4	9606.ENSP00000341551	Monarch	HP:0004299	Hernia of the abdominal wall
SMAD4	9606.ENSP00000341551	Monarch	HP:0004322	Short stature
SMAD4	9606.ENSP00000341551	Monarch	HP:0004323	Abnormality of body weight
SMAD4	9606.ENSP00000341551	Monarch	HP:0004324	Increased body weight
SMAD4	9606.ENSP00000341551	Monarch	HP:0004325	Decreased body weight
SMAD4	9606.ENSP00000341551	Monarch	HP:0004328	Abnormal anterior eye segment morphology
SMAD4	9606.ENSP00000341551	Monarch	HP:0004329	Abnormal posterior eye segment morphology
SMAD4	9606.ENSP00000341551	Monarch	HP:0004375	Neoplasm of the nervous system
SMAD4	9606.ENSP00000341551	Monarch	HP:0004389	Intestinal pseudo-obstruction
SMAD4	9606.ENSP00000341551	Monarch	HP:0004390	Hamartomatous polyposis
SMAD4	9606.ENSP00000341551	Monarch	HP:0004394	Multiple gastric polyps
SMAD4	9606.ENSP00000341551	Monarch	HP:0004396	Poor appetite
SMAD4	9606.ENSP00000341551	Monarch	HP:0004406	Spontaneous, recurrent epistaxis
SMAD4	9606.ENSP00000341551	Monarch	HP:0004437	Cranial hyperostosis
SMAD4	9606.ENSP00000341551	Monarch	HP:0004493	Craniofacial hyperostosis
SMAD4	9606.ENSP00000341551	Monarch	HP:0004621	Enlarged vertebral pedicles
SMAD4	9606.ENSP00000341551	Monarch	HP:0004691	2-3 toe syndactyly
SMAD4	9606.ENSP00000341551	Monarch	HP:0004783	Duodenal polyposis
SMAD4	9606.ENSP00000341551	Monarch	HP:0004784	Juvenile gastrointestinal polyposis
SMAD4	9606.ENSP00000341551	Monarch	HP:0004795	Hamartomatous stomach polyps
SMAD4	9606.ENSP00000341551	Monarch	HP:0004796	Gastrointestinal obstruction
SMAD4	9606.ENSP00000341551	Monarch	HP:0004890	Elevated pulmonary artery pressure
SMAD4	9606.ENSP00000341551	Monarch	HP:0004894	Laryngotracheal stenosis
SMAD4	9606.ENSP00000341551	Monarch	HP:0004930	Abnormality of the pulmonary vasculature
SMAD4	9606.ENSP00000341551	Monarch	HP:0004933	Ascending aortic dissection
SMAD4	9606.ENSP00000341551	Monarch	HP:0004936	Venous thrombosis
SMAD4	9606.ENSP00000341551	Monarch	HP:0004941	Extrahepatic portal hypertension
SMAD4	9606.ENSP00000341551	Monarch	HP:0004942	Aortic aneurysm
SMAD4	9606.ENSP00000341551	Monarch	HP:0004944	Dilatation of the cerebral artery
SMAD4	9606.ENSP00000341551	Monarch	HP:0004947	Arteriovenous fistula
SMAD4	9606.ENSP00000341551	Monarch	HP:0004950	Peripheral arterial stenosis
SMAD4	9606.ENSP00000341551	Monarch	HP:0004959	Descending thoracic aorta aneurysm
SMAD4	9606.ENSP00000341551	Monarch	HP:0005105	Abnormal nasal morphology
SMAD4	9606.ENSP00000341551	Monarch	HP:0005112	Abdominal aortic aneurysm
SMAD4	9606.ENSP00000341551	Monarch	HP:0005120	Abnormal cardiac atrium morphology
SMAD4	9606.ENSP00000341551	Monarch	HP:0005162	Abnormal left ventricular function
SMAD4	9606.ENSP00000341551	Monarch	HP:0005227	Adenomatous colonic polyposis
SMAD4	9606.ENSP00000341551	Monarch	HP:0005249	Functional intestinal obstruction
SMAD4	9606.ENSP00000341551	Monarch	HP:0005264	Abnormality of the gallbladder
SMAD4	9606.ENSP00000341551	Monarch	HP:0005266	Intestinal polyp
SMAD4	9606.ENSP00000341551	Monarch	HP:0005280	Depressed nasal bridge
SMAD4	9606.ENSP00000341551	Monarch	HP:0005344	Abnormal carotid artery morphology
SMAD4	9606.ENSP00000341551	Monarch	HP:0005607	Abnormal tracheobronchial morphology
SMAD4	9606.ENSP00000341551	Monarch	HP:0005922	Abnormal hand morphology
SMAD4	9606.ENSP00000341551	Monarch	HP:0005927	Aplasia/hypoplasia involving bones of the hand
SMAD4	9606.ENSP00000341551	Monarch	HP:0005930	Abnormal epiphysis morphology
SMAD4	9606.ENSP00000341551	Monarch	HP:0006265	Aplasia/Hypoplasia of fingers
SMAD4	9606.ENSP00000341551	Monarch	HP:0006493	Aplasia/hypoplasia involving bones of the lower limbs
SMAD4	9606.ENSP00000341551	Monarch	HP:0006494	Aplasia/Hypoplasia involving bones of the feet
SMAD4	9606.ENSP00000341551	Monarch	HP:0006496	Aplasia/hypoplasia involving bones of the upper limbs
SMAD4	9606.ENSP00000341551	Monarch	HP:0006548	Pulmonary arteriovenous malformation
SMAD4	9606.ENSP00000341551	Monarch	HP:0006574	Hepatic arteriovenous malformation
SMAD4	9606.ENSP00000341551	Monarch	HP:0006704	Abnormal coronary artery morphology
SMAD4	9606.ENSP00000341551	Monarch	HP:0006705	Abnormal atrioventricular valve morphology
SMAD4	9606.ENSP00000341551	Monarch	HP:0006707	Abnormality of the hepatic vasculature
SMAD4	9606.ENSP00000341551	Monarch	HP:0006725	Pancreatic adenocarcinoma
SMAD4	9606.ENSP00000341551	Monarch	HP:0006749	Malignant gastrointestinal tract tumors
SMAD4	9606.ENSP00000341551	Monarch	HP:0006753	Neoplasm of the stomach
SMAD4	9606.ENSP00000341551	Monarch	HP:0006771	Duodenal adenocarcinoma
SMAD4	9606.ENSP00000341551	Monarch	HP:0007364	Aplasia/Hypoplasia of the cerebrum
SMAD4	9606.ENSP00000341551	Monarch	HP:0007378	Neoplasm of the gastrointestinal tract
SMAD4	9606.ENSP00000341551	Monarch	HP:0007379	Neoplasm of the genitourinary tract
SMAD4	9606.ENSP00000341551	Monarch	HP:0007420	Spontaneous hematomas
SMAD4	9606.ENSP00000341551	Monarch	HP:0007430	Generalized edema
SMAD4	9606.ENSP00000341551	Monarch	HP:0007461	Hemangiomatosis
SMAD4	9606.ENSP00000341551	Monarch	HP:0007663	Reduced visual acuity
SMAD4	9606.ENSP00000341551	Monarch	HP:0007763	Retinal telangiectasia
SMAD4	9606.ENSP00000341551	Monarch	HP:0008046	Abnormal retinal vascular morphology
SMAD4	9606.ENSP00000341551	Monarch	HP:0008047	Abnormality of the vasculature of the eye
SMAD4	9606.ENSP00000341551	Monarch	HP:0008050	Abnormality of the palpebral fissures
SMAD4	9606.ENSP00000341551	Monarch	HP:0008054	Abnormal morphology of the conjunctival vasculature
SMAD4	9606.ENSP00000341551	Monarch	HP:0008056	Aplasia/Hypoplasia affecting the eye
SMAD4	9606.ENSP00000341551	Monarch	HP:0008070	Sparse hair
SMAD4	9606.ENSP00000341551	Monarch	HP:0008373	Puberty and gonadal disorders
SMAD4	9606.ENSP00000341551	Monarch	HP:0008438	Vertebral arch anomaly
SMAD4	9606.ENSP00000341551	Monarch	HP:0008499	High hypermetropia
SMAD4	9606.ENSP00000341551	Monarch	HP:0008551	Microtia
SMAD4	9606.ENSP00000341551	Monarch	HP:0008771	Aplasia/Hypoplasia of the ear
SMAD4	9606.ENSP00000341551	Monarch	HP:0008772	Aplasia/Hypoplasia of the external ear
SMAD4	9606.ENSP00000341551	Monarch	HP:0008818	Large iliac wing
SMAD4	9606.ENSP00000341551	Monarch	HP:0009115	Aplasia/hypoplasia involving the skeleton
SMAD4	9606.ENSP00000341551	Monarch	HP:0009121	Abnormal axial skeleton morphology
SMAD4	9606.ENSP00000341551	Monarch	HP:0009124	Abnormal adipose tissue morphology
SMAD4	9606.ENSP00000341551	Monarch	HP:0009145	Abnormal cerebral artery morphology
SMAD4	9606.ENSP00000341551	Monarch	HP:0009381	Short finger
SMAD4	9606.ENSP00000341551	Monarch	HP:0009466	Radial deviation of finger
SMAD4	9606.ENSP00000341551	Monarch	HP:0009484	Deviation of the hand or of fingers of the hand
SMAD4	9606.ENSP00000341551	Monarch	HP:0009485	Radial deviation of the hand or of fingers of the hand
SMAD4	9606.ENSP00000341551	Monarch	HP:0009815	Aplasia/hypoplasia of the extremities
SMAD4	9606.ENSP00000341551	Monarch	HP:0010303	Abnormal spinal meningeal morphology
SMAD4	9606.ENSP00000341551	Monarch	HP:0010438	Abnormal ventricular septum morphology
SMAD4	9606.ENSP00000341551	Monarch	HP:0010460	Abnormality of the female genitalia
SMAD4	9606.ENSP00000341551	Monarch	HP:0010461	Abnormality of the male genitalia
SMAD4	9606.ENSP00000341551	Monarch	HP:0010566	Hamartoma
SMAD4	9606.ENSP00000341551	Monarch	HP:0010579	Cone-shaped epiphysis
SMAD4	9606.ENSP00000341551	Monarch	HP:0010651	Abnormal meningeal morphology
SMAD4	9606.ENSP00000341551	Monarch	HP:0010668	Abnormal zygomatic bone morphology
SMAD4	9606.ENSP00000341551	Monarch	HP:0010674	Abnormality of the curvature of the vertebral column
SMAD4	9606.ENSP00000341551	Monarch	HP:0010719	Abnormality of hair texture
SMAD4	9606.ENSP00000341551	Monarch	HP:0010785	Gonadal neoplasm
SMAD4	9606.ENSP00000341551	Monarch	HP:0010787	Genital neoplasm
SMAD4	9606.ENSP00000341551	Monarch	HP:0010797	Hemangioblastoma
SMAD4	9606.ENSP00000341551	Monarch	HP:0010866	Abdominal wall defect
SMAD4	9606.ENSP00000341551	Monarch	HP:0010876	Abnormal circulating protein concentration
SMAD4	9606.ENSP00000341551	Monarch	HP:0010929	Abnormal blood cation concentration
SMAD4	9606.ENSP00000341551	Monarch	HP:0010930	Abnormal blood monovalent inorganic cation concentration
SMAD4	9606.ENSP00000341551	Monarch	HP:0010935	Abnormality of the upper urinary tract
SMAD4	9606.ENSP00000341551	Monarch	HP:0010936	Abnormality of the lower urinary tract
SMAD4	9606.ENSP00000341551	Monarch	HP:0010972	Anemia of inadequate production
SMAD4	9606.ENSP00000341551	Monarch	HP:0010978	Abnormality of immune system physiology
SMAD4	9606.ENSP00000341551	Monarch	HP:0011004	Abnormal systemic arterial morphology
SMAD4	9606.ENSP00000341551	Monarch	HP:0011014	Abnormal glucose homeostasis
SMAD4	9606.ENSP00000341551	Monarch	HP:0011024	Abnormality of the gastrointestinal tract
SMAD4	9606.ENSP00000341551	Monarch	HP:0011025	Abnormal cardiovascular system physiology
SMAD4	9606.ENSP00000341551	Monarch	HP:0011028	Abnormality of blood circulation
SMAD4	9606.ENSP00000341551	Monarch	HP:0011029	Internal hemorrhage
SMAD4	9606.ENSP00000341551	Monarch	HP:0011032	Abnormality of fluid regulation
SMAD4	9606.ENSP00000341551	Monarch	HP:0011042	Abnormal blood potassium concentration
SMAD4	9606.ENSP00000341551	Monarch	HP:0011104	Abnormality of blood volume homeostasis
SMAD4	9606.ENSP00000341551	Monarch	HP:0011106	Hypovolemia
SMAD4	9606.ENSP00000341551	Monarch	HP:0011121	Abnormality of skin morphology
SMAD4	9606.ENSP00000341551	Monarch	HP:0011122	Abnormality of skin physiology
SMAD4	9606.ENSP00000341551	Monarch	HP:0011123	Inflammatory abnormality of the skin
SMAD4	9606.ENSP00000341551	Monarch	HP:0011138	Abnormality of skin adnexa morphology
SMAD4	9606.ENSP00000341551	Monarch	HP:0011276	Vascular skin abnormality
SMAD4	9606.ENSP00000341551	Monarch	HP:0011277	Abnormality of the urinary system physiology
SMAD4	9606.ENSP00000341551	Monarch	HP:0011297	Abnormal digit morphology
SMAD4	9606.ENSP00000341551	Monarch	HP:0011314	Abnormal long bone morphology
SMAD4	9606.ENSP00000341551	Monarch	HP:0011337	Abnormality of mouth size
SMAD4	9606.ENSP00000341551	Monarch	HP:0011339	Abnormality of upper lip vermillion
SMAD4	9606.ENSP00000341551	Monarch	HP:0011354	Generalized abnormality of skin
SMAD4	9606.ENSP00000341551	Monarch	HP:0011362	Abnormal hair quantity
SMAD4	9606.ENSP00000341551	Monarch	HP:0011442	Abnormal central motor function
SMAD4	9606.ENSP00000341551	Monarch	HP:0011443	Abnormality of coordination
SMAD4	9606.ENSP00000341551	Monarch	HP:0011446	Abnormality of higher mental function
SMAD4	9606.ENSP00000341551	Monarch	HP:0011450	Unusual CNS infection
SMAD4	9606.ENSP00000341551	Monarch	HP:0011458	Abdominal symptom
SMAD4	9606.ENSP00000341551	Monarch	HP:0011603	Congenital malformation of the great arteries
SMAD4	9606.ENSP00000341551	Monarch	HP:0011729	Abnormality of joint mobility
SMAD4	9606.ENSP00000341551	Monarch	HP:0011792	Neoplasm by histology
SMAD4	9606.ENSP00000341551	Monarch	HP:0011793	Neoplasm by anatomical site
SMAD4	9606.ENSP00000341551	Monarch	HP:0011800	Midface retrusion
SMAD4	9606.ENSP00000341551	Monarch	HP:0011804	Abnormal muscle physiology
SMAD4	9606.ENSP00000341551	Monarch	HP:0011805	Abnormal skeletal muscle morphology
SMAD4	9606.ENSP00000341551	Monarch	HP:0011821	Abnormal facial skeleton morphology
SMAD4	9606.ENSP00000341551	Monarch	HP:0011830	Abnormal oral mucosa morphology
SMAD4	9606.ENSP00000341551	Monarch	HP:0011842	Abnormal skeletal morphology
SMAD4	9606.ENSP00000341551	Monarch	HP:0011843	Abnormal musculoskeletal physiology
SMAD4	9606.ENSP00000341551	Monarch	HP:0011844	Abnormal appendicular skeleton morphology
SMAD4	9606.ENSP00000341551	Monarch	HP:0011867	Abnormal iliac wing morphology
SMAD4	9606.ENSP00000341551	Monarch	HP:0011927	Short digit
SMAD4	9606.ENSP00000341551	Monarch	HP:0011994	Abnormal atrial septum morphology
SMAD4	9606.ENSP00000341551	Monarch	HP:0012031	Lipomatous tumor
SMAD4	9606.ENSP00000341551	Monarch	HP:0012050	Anasarca
SMAD4	9606.ENSP00000341551	Monarch	HP:0012091	Abnormality of pancreas physiology
SMAD4	9606.ENSP00000341551	Monarch	HP:0012092	Abnormality of exocrine pancreas physiology
SMAD4	9606.ENSP00000341551	Monarch	HP:0012116	Abnormal circulating albumin concentration
SMAD4	9606.ENSP00000341551	Monarch	HP:0012126	Stomach cancer
SMAD4	9606.ENSP00000341551	Monarch	HP:0012163	Carotid artery dilatation
SMAD4	9606.ENSP00000341551	Monarch	HP:0012180	Cystic medial necrosis
SMAD4	9606.ENSP00000341551	Monarch	HP:0012198	Juvenile colonic polyposis
SMAD4	9606.ENSP00000341551	Monarch	HP:0012210	Abnormal renal morphology
SMAD4	9606.ENSP00000341551	Monarch	HP:0012211	Abnormal renal physiology
SMAD4	9606.ENSP00000341551	Monarch	HP:0012243	Abnormal reproductive system morphology
SMAD4	9606.ENSP00000341551	Monarch	HP:0012252	Abnormal respiratory system morphology
SMAD4	9606.ENSP00000341551	Monarch	HP:0012334	Extrahepatic cholestasis
SMAD4	9606.ENSP00000341551	Monarch	HP:0012337	Abnormal homeostasis
SMAD4	9606.ENSP00000341551	Monarch	HP:0012372	Abnormal eye morphology
SMAD4	9606.ENSP00000341551	Monarch	HP:0012373	Abnormal eye physiology
SMAD4	9606.ENSP00000341551	Monarch	HP:0012378	Fatigue
SMAD4	9606.ENSP00000341551	Monarch	HP:0012379	Abnormal enzyme/coenzyme activity
SMAD4	9606.ENSP00000341551	Monarch	HP:0012385	Camptodactyly
SMAD4	9606.ENSP00000341551	Monarch	HP:0012432	Chronic fatigue
SMAD4	9606.ENSP00000341551	Monarch	HP:0012437	Abnormal gallbladder morphology
SMAD4	9606.ENSP00000341551	Monarch	HP:0012438	Abnormal gallbladder physiology
SMAD4	9606.ENSP00000341551	Monarch	HP:0012443	Abnormality of brain morphology
SMAD4	9606.ENSP00000341551	Monarch	HP:0012499	Descending aortic dissection
SMAD4	9606.ENSP00000341551	Monarch	HP:0012531	Pain
SMAD4	9606.ENSP00000341551	Monarch	HP:0012614	Abnormal urine cytology
SMAD4	9606.ENSP00000341551	Monarch	HP:0012638	Abnormal nervous system physiology
SMAD4	9606.ENSP00000341551	Monarch	HP:0012639	Abnormal nervous system morphology
SMAD4	9606.ENSP00000341551	Monarch	HP:0012647	Abnormal inflammatory response
SMAD4	9606.ENSP00000341551	Monarch	HP:0012649	Increased inflammatory response
SMAD4	9606.ENSP00000341551	Monarch	HP:0012703	Abnormal subarachnoid space morphology
SMAD4	9606.ENSP00000341551	Monarch	HP:0012718	Morphological abnormality of the gastrointestinal tract
SMAD4	9606.ENSP00000341551	Monarch	HP:0012719	Functional abnormality of the gastrointestinal tract
SMAD4	9606.ENSP00000341551	Monarch	HP:0012727	Thoracic aortic aneurysm
SMAD4	9606.ENSP00000341551	Monarch	HP:0012732	Anorectal anomaly
SMAD4	9606.ENSP00000341551	Monarch	HP:0012745	Short palpebral fissure
SMAD4	9606.ENSP00000341551	Monarch	HP:0012758	Neurodevelopmental delay
SMAD4	9606.ENSP00000341551	Monarch	HP:0012759	Neurodevelopmental abnormality
SMAD4	9606.ENSP00000341551	Monarch	HP:0012763	Paroxysmal dyspnea
SMAD4	9606.ENSP00000341551	Monarch	HP:0025015	Abnormal vascular morphology
SMAD4	9606.ENSP00000341551	Monarch	HP:0025031	Abnormality of the digestive system
SMAD4	9606.ENSP00000341551	Monarch	HP:0025032	Abnormality of digestive system physiology
SMAD4	9606.ENSP00000341551	Monarch	HP:0025033	Abnormality of digestive system morphology
SMAD4	9606.ENSP00000341551	Monarch	HP:0025085	Bloody diarrhea
SMAD4	9606.ENSP00000341551	Monarch	HP:0025142	Constitutional symptom
SMAD4	9606.ENSP00000341551	Monarch	HP:0025155	Abnormality of hepatobiliary system physiology
SMAD4	9606.ENSP00000341551	Monarch	HP:0025318	Ovarian carcinoma
SMAD4	9606.ENSP00000341551	Monarch	HP:0025323	Abnormal arterial physiology
SMAD4	9606.ENSP00000341551	Monarch	HP:0025408	Abnormal spleen morphology
SMAD4	9606.ENSP00000341551	Monarch	HP:0025423	Abnormal larynx morphology
SMAD4	9606.ENSP00000341551	Monarch	HP:0025615	Abscess
SMAD4	9606.ENSP00000341551	Monarch	HP:0025668	Abnormal neck morphology
SMAD4	9606.ENSP00000341551	Monarch	HP:0025722	Cerebral infarct
SMAD4	9606.ENSP00000341551	Monarch	HP:0030044	Flexion contracture of digit
SMAD4	9606.ENSP00000341551	Monarch	HP:0030049	Brain abscess
SMAD4	9606.ENSP00000341551	Monarch	HP:0030053	Stiff skin
SMAD4	9606.ENSP00000341551	Monarch	HP:0030084	Clinodactyly
SMAD4	9606.ENSP00000341551	Monarch	HP:0030163	Abnormal vascular physiology
SMAD4	9606.ENSP00000341551	Monarch	HP:0030236	Abnormality of muscle size
SMAD4	9606.ENSP00000341551	Monarch	HP:0030255	Large intestinal polyposis
SMAD4	9606.ENSP00000341551	Monarch	HP:0030256	Small intestinal polyposis
SMAD4	9606.ENSP00000341551	Monarch	HP:0030277	Abnormal vertebral pedicle morphology
SMAD4	9606.ENSP00000341551	Monarch	HP:0030669	Abnormal ocular adnexa morphology
SMAD4	9606.ENSP00000341551	Monarch	HP:0030680	Abnormality of cardiovascular system morphology
SMAD4	9606.ENSP00000341551	Monarch	HP:0030690	Gingival cleft
SMAD4	9606.ENSP00000341551	Monarch	HP:0030791	Abnormal jaw morphology
SMAD4	9606.ENSP00000341551	Monarch	HP:0030872	Abnormal cardiac ventricular function
SMAD4	9606.ENSP00000341551	Monarch	HP:0030875	Abnormality of pulmonary circulation
SMAD4	9606.ENSP00000341551	Monarch	HP:0030895	Abnormal gastrointestinal motility
SMAD4	9606.ENSP00000341551	Monarch	HP:0030962	Abnormal morphology of the great vessels
SMAD4	9606.ENSP00000341551	Monarch	HP:0030972	Abnormal systemic blood pressure
SMAD4	9606.ENSP00000341551	Monarch	HP:0031093	Abnormal breast morphology
SMAD4	9606.ENSP00000341551	Monarch	HP:0031481	Abnormal mitral valve physiology
SMAD4	9606.ENSP00000341551	Monarch	HP:0031567	Abnormal aortic valve cusp morphology
SMAD4	9606.ENSP00000341551	Monarch	HP:0031650	Abnormal atrioventricular valve physiology
SMAD4	9606.ENSP00000341551	Monarch	HP:0031652	Abnormal aortic valve physiology
SMAD4	9606.ENSP00000341551	Monarch	HP:0031653	Abnormal heart valve physiology
SMAD4	9606.ENSP00000341551	Monarch	HP:0031703	Abnormal ear morphology
SMAD4	9606.ENSP00000341551	Monarch	HP:0031704	Abnormal ear physiology
SMAD4	9606.ENSP00000341551	Monarch	HP:0031784	Abnormal ascending aorta morphology
SMAD4	9606.ENSP00000341551	Monarch	HP:0031816	Abnormal oral morphology
SMAD4	9606.ENSP00000341551	Monarch	HP:0031979	Abnormal urine carbohydrate level
SMAD4	9606.ENSP00000341551	Monarch	HP:0032016	Abnormal sputum
SMAD4	9606.ENSP00000341551	Monarch	HP:0032039	Abnormality of the ocular adnexa
SMAD4	9606.ENSP00000341551	Monarch	HP:0032076	Abnormal male urethral meatus morphology
SMAD4	9606.ENSP00000341551	Monarch	HP:0032079	Medial degeneration
SMAD4	9606.ENSP00000341551	Monarch	HP:0032101	Unusual infection
SMAD4	9606.ENSP00000341551	Monarch	HP:0032158	Unusual infection by anatomical site
SMAD4	9606.ENSP00000341551	Monarch	HP:0032180	Abnormal circulating metabolite concentration
SMAD4	9606.ENSP00000341551	Monarch	HP:0032251	Abnormal immune system morphology
SMAD4	9606.ENSP00000341551	Monarch	HP:0032263	Increased blood pressure
SMAD4	9606.ENSP00000341551	Monarch	HP:0033127	Abnormality of the musculoskeletal system
SMAD4	9606.ENSP00000341551	Monarch	HP:0033353	Abnormal blood vessel morphology
SMAD4	9606.ENSP00000341551	Monarch	HP:0033354	Abnormal urine metabolite level
SMAD4	9606.ENSP00000341551	Monarch	HP:0033401	Tissue ischemia
SMAD4	9606.ENSP00000341551	Monarch	HP:0033578	Pre-capillary pulmonary hypertension
SMAD4	9606.ENSP00000341551	Monarch	HP:0034376	Atrioventricular valve regurgitation
SMAD4	9606.ENSP00000341551	Monarch	HP:0034392	Joint contracture
SMAD4	9606.ENSP00000341551	Monarch	HP:0034398	Toe deformity
SMAD4	9606.ENSP00000341551	Monarch	HP:0034430	Abnormal joint physiology
SMAD4	9606.ENSP00000341551	Monarch	HP:0040064	Abnormality of limbs
SMAD4	9606.ENSP00000341551	Monarch	HP:0040068	Abnormality of limb bone
SMAD4	9606.ENSP00000341551	Monarch	HP:0040069	Abnormal lower limb bone morphology
SMAD4	9606.ENSP00000341551	Monarch	HP:0040194	Increased head circumference
SMAD4	9606.ENSP00000341551	Monarch	HP:0040195	Decreased head circumference
SMAD4	9606.ENSP00000341551	Monarch	HP:0040231	Abnormal onset of bleeding
SMAD4	9606.ENSP00000341551	Monarch	HP:0040273	Adenocarcinoma of the intestines
SMAD4	9606.ENSP00000341551	Monarch	HP:0040274	Adenocarcinoma of the small intestine
SMAD4	9606.ENSP00000341551	Monarch	HP:0045025	Narrow palpebral fissure
SMAD4	9606.ENSP00000341551	Monarch	HP:0045060	Aplasia/hypoplasia involving bones of the extremities
SMAD4	9606.ENSP00000341551	Monarch	HP:0100000	Early onset of sexual maturation
SMAD4	9606.ENSP00000341551	Monarch	HP:0100006	Neoplasm of the central nervous system
SMAD4	9606.ENSP00000341551	Monarch	HP:0100013	Neoplasm of the breast
SMAD4	9606.ENSP00000341551	Monarch	HP:0100026	Arteriovenous malformation
SMAD4	9606.ENSP00000341551	Monarch	HP:0100240	Synostosis of joints
SMAD4	9606.ENSP00000341551	Monarch	HP:0100261	Abnormal tendon morphology
SMAD4	9606.ENSP00000341551	Monarch	HP:0100273	Neoplasm of the colon
SMAD4	9606.ENSP00000341551	Monarch	HP:0100333	Unilateral cleft lip
SMAD4	9606.ENSP00000341551	Monarch	HP:0100335	Non-midline cleft lip
SMAD4	9606.ENSP00000341551	Monarch	HP:0100541	Femoral hernia
SMAD4	9606.ENSP00000341551	Monarch	HP:0100543	Cognitive impairment
SMAD4	9606.ENSP00000341551	Monarch	HP:0100545	Arterial stenosis
SMAD4	9606.ENSP00000341551	Monarch	HP:0100547	Abnormal forebrain morphology
SMAD4	9606.ENSP00000341551	Monarch	HP:0100579	Mucosal telangiectasiae
SMAD4	9606.ENSP00000341551	Monarch	HP:0100585	Telangiectasia of the skin
SMAD4	9606.ENSP00000341551	Monarch	HP:0100592	Peritoneal abscess
SMAD4	9606.ENSP00000341551	Monarch	HP:0100615	Ovarian neoplasm
SMAD4	9606.ENSP00000341551	Monarch	HP:0100627	Displacement of the urethral meatus
SMAD4	9606.ENSP00000341551	Monarch	HP:0100659	Abnormal cerebral vascular morphology
SMAD4	9606.ENSP00000341551	Monarch	HP:0100672	Vaginal hernia
SMAD4	9606.ENSP00000341551	Monarch	HP:0100736	Abnormal soft palate morphology
SMAD4	9606.ENSP00000341551	Monarch	HP:0100742	Vascular neoplasm
SMAD4	9606.ENSP00000341551	Monarch	HP:0100743	Neoplasm of the rectum
SMAD4	9606.ENSP00000341551	Monarch	HP:0100749	Chest pain
SMAD4	9606.ENSP00000341551	Monarch	HP:0100759	Clubbing of fingers
SMAD4	9606.ENSP00000341551	Monarch	HP:0100761	Visceral angiomatosis
SMAD4	9606.ENSP00000341551	Monarch	HP:0100763	Abnormality of the lymphatic system
SMAD4	9606.ENSP00000341551	Monarch	HP:0100774	Hyperostosis
SMAD4	9606.ENSP00000341551	Monarch	HP:0100775	Dural ectasia
SMAD4	9606.ENSP00000341551	Monarch	HP:0100784	Peripheral arteriovenous fistula
SMAD4	9606.ENSP00000341551	Monarch	HP:0100790	Hernia
SMAD4	9606.ENSP00000341551	Monarch	HP:0100807	Long fingers
SMAD4	9606.ENSP00000341551	Monarch	HP:0100822	Rectocele
SMAD4	9606.ENSP00000341551	Monarch	HP:0100823	Genital hernia
SMAD4	9606.ENSP00000341551	Monarch	HP:0100833	Neoplasm of the small intestine
SMAD4	9606.ENSP00000341551	Monarch	HP:0100834	Neoplasm of the large intestine
SMAD4	9606.ENSP00000341551	Monarch	HP:0100835	Benign neoplasm of the central nervous system
SMAD4	9606.ENSP00000341551	Monarch	HP:0100871	Abnormal palm morphology
SMAD4	9606.ENSP00000341551	Monarch	HP:0100886	Abnormality of globe location
SMAD4	9606.ENSP00000341551	Monarch	HP:0100887	Abnormality of globe size
SMAD4	9606.ENSP00000341551	Monarch	HP:0100896	Rectal polyposis
SMAD4	9606.ENSP00000341551	Monarch	HP:0200006	Slanting of the palpebral fissure
SMAD4	9606.ENSP00000341551	Monarch	HP:0200007	Abnormal size of the palpebral fissures
SMAD4	9606.ENSP00000341551	Monarch	HP:0200008	Intestinal polyposis
SMAD4	9606.ENSP00000341551	Monarch	HP:0200013	Neoplasm of fatty tissue
SMAD4	9606.ENSP00000341551	Monarch	HP:0200146	Mucoid extracellular matrix accumulation
SMAD4	9606.ENSP00000341551	Monarch	HP:0410030	Cleft lip
SMAD4	9606.ENSP00000341551	Monarch	HP:0410031	Submucous cleft of soft and hard palate
SMAD4	9606.ENSP00000341551	Monarch	HP:0410042	Abnormal liver morphology
SMAD4	9606.ENSP00000341551	Monarch	HP:0410067	Increased level of L-fucose in urine
SMAD4	9606.ENSP00000341551	UniProt Keywords	KW-0007	Acetylation
SMAD4	9606.ENSP00000341551	UniProt Keywords	KW-0238	DNA-binding
SMAD4	9606.ENSP00000341551	UniProt Keywords	KW-0479	Metal-binding
SMAD4	9606.ENSP00000341551	UniProt Keywords	KW-0539	Nucleus
SMAD4	9606.ENSP00000341551	UniProt Keywords	KW-0597	Phosphoprotein
SMAD4	9606.ENSP00000341551	UniProt Keywords	KW-0804	Transcription
SMAD4	9606.ENSP00000341551	UniProt Keywords	KW-0805	Transcription regulation
SMAD4	9606.ENSP00000341551	UniProt Keywords	KW-0832	Ubl conjugation
SMAD4	9606.ENSP00000341551	UniProt Keywords	KW-0862	Zinc
SMAD4	9606.ENSP00000341551	UniProt Keywords	KW-0963	Cytoplasm
SMAD4	9606.ENSP00000341551	UniProt Keywords	KW-1017	Isopeptide bond
SMAD4	9606.ENSP00000341551	InterPro	IPR001132	SMAD domain, Dwarfin-type
SMAD4	9606.ENSP00000341551	InterPro	IPR003619	MAD homology 1, Dwarfin-type
SMAD4	9606.ENSP00000341551	InterPro	IPR008984	SMAD/FHA domain superfamily
SMAD4	9606.ENSP00000341551	InterPro	IPR013019	MAD homology, MH1
SMAD4	9606.ENSP00000341551	InterPro	IPR013790	Dwarfin
SMAD4	9606.ENSP00000341551	InterPro	IPR017855	SMAD-like domain superfamily
SMAD4	9606.ENSP00000341551	InterPro	IPR036578	SMAD MH1 domain superfamily
SMAD4	9606.ENSP00000341551	SMART	SM00523	Domain A in dwarfin family proteins
SMAD4	9606.ENSP00000341551	SMART	SM00524	Domain B in dwarfin family proteins
SNRNP48	9606.ENSP00000339834	GO Process	GO:0006139	Nucleobase-containing compound metabolic process
SNRNP48	9606.ENSP00000339834	GO Process	GO:0006396	RNA processing
SNRNP48	9606.ENSP00000339834	GO Process	GO:0006397	mRNA processing
SNRNP48	9606.ENSP00000339834	GO Process	GO:0006725	Cellular aromatic compound metabolic process
SNRNP48	9606.ENSP00000339834	GO Process	GO:0006807	Nitrogen compound metabolic process
SNRNP48	9606.ENSP00000339834	GO Process	GO:0008152	Metabolic process
SNRNP48	9606.ENSP00000339834	GO Process	GO:0008380	RNA splicing
SNRNP48	9606.ENSP00000339834	GO Process	GO:0009987	Cellular process
SNRNP48	9606.ENSP00000339834	GO Process	GO:0010467	Gene expression
SNRNP48	9606.ENSP00000339834	GO Process	GO:0016070	RNA metabolic process
SNRNP48	9606.ENSP00000339834	GO Process	GO:0016071	mRNA metabolic process
SNRNP48	9606.ENSP00000339834	GO Process	GO:0034641	Cellular nitrogen compound metabolic process
SNRNP48	9606.ENSP00000339834	GO Process	GO:0043170	Macromolecule metabolic process
SNRNP48	9606.ENSP00000339834	GO Process	GO:0044237	Cellular metabolic process
SNRNP48	9606.ENSP00000339834	GO Process	GO:0044238	Primary metabolic process
SNRNP48	9606.ENSP00000339834	GO Process	GO:0046483	Heterocycle metabolic process
SNRNP48	9606.ENSP00000339834	GO Process	GO:0071704	Organic substance metabolic process
SNRNP48	9606.ENSP00000339834	GO Process	GO:0090304	Nucleic acid metabolic process
SNRNP48	9606.ENSP00000339834	GO Process	GO:1901360	Organic cyclic compound metabolic process
SNRNP48	9606.ENSP00000339834	GO Function	GO:0005488	Binding
SNRNP48	9606.ENSP00000339834	GO Function	GO:0043167	Ion binding
SNRNP48	9606.ENSP00000339834	GO Function	GO:0043169	Cation binding
SNRNP48	9606.ENSP00000339834	GO Function	GO:0046872	Metal ion binding
SNRNP48	9606.ENSP00000339834	GO Component	GO:0005622	Intracellular anatomical structure
SNRNP48	9606.ENSP00000339834	GO Component	GO:0005634	Nucleus
SNRNP48	9606.ENSP00000339834	GO Component	GO:0005654	Nucleoplasm
SNRNP48	9606.ENSP00000339834	GO Component	GO:0005681	Spliceosomal complex
SNRNP48	9606.ENSP00000339834	GO Component	GO:0005689	U12-type spliceosomal complex
SNRNP48	9606.ENSP00000339834	GO Component	GO:0005737	Cytoplasm
SNRNP48	9606.ENSP00000339834	GO Component	GO:0005829	Cytosol
SNRNP48	9606.ENSP00000339834	GO Component	GO:0031974	Membrane-enclosed lumen
SNRNP48	9606.ENSP00000339834	GO Component	GO:0031981	Nuclear lumen
SNRNP48	9606.ENSP00000339834	GO Component	GO:0032991	Protein-containing complex
SNRNP48	9606.ENSP00000339834	GO Component	GO:0043226	Organelle
SNRNP48	9606.ENSP00000339834	GO Component	GO:0043227	Membrane-bounded organelle
SNRNP48	9606.ENSP00000339834	GO Component	GO:0043229	Intracellular organelle
SNRNP48	9606.ENSP00000339834	GO Component	GO:0043231	Intracellular membrane-bounded organelle
SNRNP48	9606.ENSP00000339834	GO Component	GO:0043233	Organelle lumen
SNRNP48	9606.ENSP00000339834	GO Component	GO:0070013	Intracellular organelle lumen
SNRNP48	9606.ENSP00000339834	GO Component	GO:0110165	Cellular anatomical entity
SNRNP48	9606.ENSP00000339834	GO Component	GO:0140513	Nuclear protein-containing complex
SNRNP48	9606.ENSP00000339834	GO Component	GO:1990904	Ribonucleoprotein complex
SNRNP48	9606.ENSP00000339834	STRING clusters	CL:2493	U12-type spliceosomal complex
SNRNP48	9606.ENSP00000339834	STRING clusters	CL:2498	U12-type spliceosomal complex
SNRNP48	9606.ENSP00000339834	Reactome	HSA-72165	mRNA Splicing - Minor Pathway
SNRNP48	9606.ENSP00000339834	Reactome	HSA-72172	mRNA Splicing
SNRNP48	9606.ENSP00000339834	Reactome	HSA-72203	Processing of Capped Intron-Containing Pre-mRNA
SNRNP48	9606.ENSP00000339834	Reactome	HSA-8953854	Metabolism of RNA
SNRNP48	9606.ENSP00000339834	TISSUES	BTO:0000000	Tissues, cell types and enzyme sources
SNRNP48	9606.ENSP00000339834	TISSUES	BTO:0000042	Animal
SNRNP48	9606.ENSP00000339834	TISSUES	BTO:0000720	Plant form
SNRNP48	9606.ENSP00000339834	TISSUES	BTO:0001461	Whole plant
SNRNP48	9606.ENSP00000339834	TISSUES	BTO:0001481	Plant
SNRNP48	9606.ENSP00000339834	TISSUES	BTO:0004531	Bolting stage
SNRNP48	9606.ENSP00000339834	COMPARTMENTS	GOCC:0005622	Intracellular
SNRNP48	9606.ENSP00000339834	COMPARTMENTS	GOCC:0005634	Nucleus
SNRNP48	9606.ENSP00000339834	COMPARTMENTS	GOCC:0005681	Spliceosomal complex
SNRNP48	9606.ENSP00000339834	COMPARTMENTS	GOCC:0005689	U12-type spliceosomal complex
SNRNP48	9606.ENSP00000339834	COMPARTMENTS	GOCC:0005692	U11 snRNP
SNRNP48	9606.ENSP00000339834	COMPARTMENTS	GOCC:0030532	Small nuclear ribonucleoprotein complex
SNRNP48	9606.ENSP00000339834	COMPARTMENTS	GOCC:0032991	Protein-containing complex
SNRNP48	9606.ENSP00000339834	COMPARTMENTS	GOCC:0043226	Organelle
SNRNP48	9606.ENSP00000339834	COMPARTMENTS	GOCC:0043227	Membrane-bounded organelle
SNRNP48	9606.ENSP00000339834	COMPARTMENTS	GOCC:0043229	Intracellular organelle
SNRNP48	9606.ENSP00000339834	COMPARTMENTS	GOCC:0043231	Intracellular membrane-bounded organelle
SNRNP48	9606.ENSP00000339834	COMPARTMENTS	GOCC:0097525	Spliceosomal snRNP complex
SNRNP48	9606.ENSP00000339834	COMPARTMENTS	GOCC:0110165	Cellular anatomical entity
SNRNP48	9606.ENSP00000339834	COMPARTMENTS	GOCC:0120114	Sm-like protein family complex
SNRNP48	9606.ENSP00000339834	COMPARTMENTS	GOCC:1990904	Ribonucleoprotein complex
SNRNP48	9606.ENSP00000339834	UniProt Keywords	KW-0025	Alternative splicing
SNRNP48	9606.ENSP00000339834	UniProt Keywords	KW-0479	Metal-binding
SNRNP48	9606.ENSP00000339834	UniProt Keywords	KW-0507	mRNA processing
SNRNP48	9606.ENSP00000339834	UniProt Keywords	KW-0508	mRNA splicing
SNRNP48	9606.ENSP00000339834	UniProt Keywords	KW-0539	Nucleus
SNRNP48	9606.ENSP00000339834	UniProt Keywords	KW-0747	Spliceosome
SNRNP48	9606.ENSP00000339834	UniProt Keywords	KW-0832	Ubl conjugation
SNRNP48	9606.ENSP00000339834	UniProt Keywords	KW-0862	Zinc
SNRNP48	9606.ENSP00000339834	UniProt Keywords	KW-0863	Zinc-finger
SNRNP48	9606.ENSP00000339834	UniProt Keywords	KW-1017	Isopeptide bond
SNRNP48	9606.ENSP00000339834	Pfam	PF05253	U11-48K-like CHHC zinc finger
SNRNP48	9606.ENSP00000339834	InterPro	IPR022776	TRM13/UPF0224 family, U11-48K-like CHHC zinc finger domain
SNRNP48	9606.ENSP00000339834	InterPro	IPR036236	Zinc finger C2H2 superfamily
TRAPPC1	9606.ENSP00000302783	GO Process	GO:0006810	Transport
TRAPPC1	9606.ENSP00000302783	GO Process	GO:0006888	Endoplasmic reticulum to Golgi vesicle-mediated transport
TRAPPC1	9606.ENSP00000302783	GO Process	GO:0006900	Vesicle budding from membrane
TRAPPC1	9606.ENSP00000302783	GO Process	GO:0006901	Vesicle coating
TRAPPC1	9606.ENSP00000302783	GO Process	GO:0006903	Vesicle targeting
TRAPPC1	9606.ENSP00000302783	GO Process	GO:0006996	Organelle organization
TRAPPC1	9606.ENSP00000302783	GO Process	GO:0009987	Cellular process
TRAPPC1	9606.ENSP00000302783	GO Process	GO:0016043	Cellular component organization
TRAPPC1	9606.ENSP00000302783	GO Process	GO:0016050	Vesicle organization
TRAPPC1	9606.ENSP00000302783	GO Process	GO:0016192	Vesicle-mediated transport
TRAPPC1	9606.ENSP00000302783	GO Process	GO:0022607	Cellular component assembly
TRAPPC1	9606.ENSP00000302783	GO Process	GO:0043933	Protein-containing complex organization
TRAPPC1	9606.ENSP00000302783	GO Process	GO:0044085	Cellular component biogenesis
TRAPPC1	9606.ENSP00000302783	GO Process	GO:0046907	Intracellular transport
TRAPPC1	9606.ENSP00000302783	GO Process	GO:0048193	Golgi vesicle transport
TRAPPC1	9606.ENSP00000302783	GO Process	GO:0048199	Vesicle targeting, to, from or within Golgi
TRAPPC1	9606.ENSP00000302783	GO Process	GO:0048207	Vesicle targeting, rough ER to cis-Golgi
TRAPPC1	9606.ENSP00000302783	GO Process	GO:0048208	COPII vesicle coating
TRAPPC1	9606.ENSP00000302783	GO Process	GO:0051179	Localization
TRAPPC1	9606.ENSP00000302783	GO Process	GO:0051234	Establishment of localization
TRAPPC1	9606.ENSP00000302783	GO Process	GO:0051640	Organelle localization
TRAPPC1	9606.ENSP00000302783	GO Process	GO:0051641	Cellular localization
TRAPPC1	9606.ENSP00000302783	GO Process	GO:0051648	Vesicle localization
TRAPPC1	9606.ENSP00000302783	GO Process	GO:0051649	Establishment of localization in cell
TRAPPC1	9606.ENSP00000302783	GO Process	GO:0051650	Establishment of vesicle localization
TRAPPC1	9606.ENSP00000302783	GO Process	GO:0051656	Establishment of organelle localization
TRAPPC1	9606.ENSP00000302783	GO Process	GO:0061024	Membrane organization
TRAPPC1	9606.ENSP00000302783	GO Process	GO:0065003	Protein-containing complex assembly
TRAPPC1	9606.ENSP00000302783	GO Process	GO:0071840	Cellular component organization or biogenesis
TRAPPC1	9606.ENSP00000302783	GO Process	GO:0090114	COPII-coated vesicle budding
TRAPPC1	9606.ENSP00000302783	GO Process	GO:0099022	Vesicle tethering
TRAPPC1	9606.ENSP00000302783	GO Component	GO:0000323	Lytic vacuole
TRAPPC1	9606.ENSP00000302783	GO Component	GO:0005576	Extracellular region
TRAPPC1	9606.ENSP00000302783	GO Component	GO:0005622	Intracellular anatomical structure
TRAPPC1	9606.ENSP00000302783	GO Component	GO:0005737	Cytoplasm
TRAPPC1	9606.ENSP00000302783	GO Component	GO:0005764	Lysosome
TRAPPC1	9606.ENSP00000302783	GO Component	GO:0005766	Primary lysosome
TRAPPC1	9606.ENSP00000302783	GO Component	GO:0005768	Endosome
TRAPPC1	9606.ENSP00000302783	GO Component	GO:0005773	Vacuole
TRAPPC1	9606.ENSP00000302783	GO Component	GO:0005775	Vacuolar lumen
TRAPPC1	9606.ENSP00000302783	GO Component	GO:0005783	Endoplasmic reticulum
TRAPPC1	9606.ENSP00000302783	GO Component	GO:0005794	Golgi apparatus
TRAPPC1	9606.ENSP00000302783	GO Component	GO:0005829	Cytosol
TRAPPC1	9606.ENSP00000302783	GO Component	GO:0012505	Endomembrane system
TRAPPC1	9606.ENSP00000302783	GO Component	GO:0030008	TRAPP complex
TRAPPC1	9606.ENSP00000302783	GO Component	GO:0030141	Secretory granule
TRAPPC1	9606.ENSP00000302783	GO Component	GO:0031410	Cytoplasmic vesicle
TRAPPC1	9606.ENSP00000302783	GO Component	GO:0031974	Membrane-enclosed lumen
TRAPPC1	9606.ENSP00000302783	GO Component	GO:0031982	Vesicle
TRAPPC1	9606.ENSP00000302783	GO Component	GO:0031983	Vesicle lumen
TRAPPC1	9606.ENSP00000302783	GO Component	GO:0032991	Protein-containing complex
TRAPPC1	9606.ENSP00000302783	GO Component	GO:0034774	Secretory granule lumen
TRAPPC1	9606.ENSP00000302783	GO Component	GO:0035578	Azurophil granule lumen
TRAPPC1	9606.ENSP00000302783	GO Component	GO:0042582	Azurophil granule
TRAPPC1	9606.ENSP00000302783	GO Component	GO:0043226	Organelle
TRAPPC1	9606.ENSP00000302783	GO Component	GO:0043227	Membrane-bounded organelle
TRAPPC1	9606.ENSP00000302783	GO Component	GO:0043229	Intracellular organelle
TRAPPC1	9606.ENSP00000302783	GO Component	GO:0043231	Intracellular membrane-bounded organelle
TRAPPC1	9606.ENSP00000302783	GO Component	GO:0043233	Organelle lumen
TRAPPC1	9606.ENSP00000302783	GO Component	GO:0060205	Cytoplasmic vesicle lumen
TRAPPC1	9606.ENSP00000302783	GO Component	GO:0070013	Intracellular organelle lumen
TRAPPC1	9606.ENSP00000302783	GO Component	GO:0097708	Intracellular vesicle
TRAPPC1	9606.ENSP00000302783	GO Component	GO:0099023	Vesicle tethering complex
TRAPPC1	9606.ENSP00000302783	GO Component	GO:0099503	Secretory vesicle
TRAPPC1	9606.ENSP00000302783	GO Component	GO:0110165	Cellular anatomical entity
TRAPPC1	9606.ENSP00000302783	GO Component	GO:0140535	Intracellular protein-containing complex
TRAPPC1	9606.ENSP00000302783	GO Component	GO:1990071	TRAPPII protein complex
TRAPPC1	9606.ENSP00000302783	GO Component	GO:1990072	TRAPPIII protein complex
TRAPPC1	9606.ENSP00000302783	STRING clusters	CL:13673	TRAPP complex
TRAPPC1	9606.ENSP00000302783	STRING clusters	CL:13677	TRAPP complex
TRAPPC1	9606.ENSP00000302783	STRING clusters	CL:13680	TRAPP complex
TRAPPC1	9606.ENSP00000302783	STRING clusters	CL:13683	TRAPPIII protein complex
TRAPPC1	9606.ENSP00000302783	Reactome	HSA-168249	Innate Immune System
TRAPPC1	9606.ENSP00000302783	Reactome	HSA-168256	Immune System
TRAPPC1	9606.ENSP00000302783	Reactome	HSA-199977	ER to Golgi Anterograde Transport
TRAPPC1	9606.ENSP00000302783	Reactome	HSA-199991	Membrane Trafficking
TRAPPC1	9606.ENSP00000302783	Reactome	HSA-204005	COPII-mediated vesicle transport
TRAPPC1	9606.ENSP00000302783	Reactome	HSA-392499	Metabolism of proteins
TRAPPC1	9606.ENSP00000302783	Reactome	HSA-446203	Asparagine N-linked glycosylation
TRAPPC1	9606.ENSP00000302783	Reactome	HSA-5653656	Vesicle-mediated transport
TRAPPC1	9606.ENSP00000302783	Reactome	HSA-597592	Post-translational protein modification
TRAPPC1	9606.ENSP00000302783	Reactome	HSA-6798695	Neutrophil degranulation
TRAPPC1	9606.ENSP00000302783	Reactome	HSA-8876198	RAB GEFs exchange GTP for GDP on RABs
TRAPPC1	9606.ENSP00000302783	Reactome	HSA-9007101	Rab regulation of trafficking
TRAPPC1	9606.ENSP00000302783	Reactome	HSA-948021	Transport to the Golgi and subsequent modification
TRAPPC1	9606.ENSP00000302783	TISSUES	BTO:0000000	Tissues, cell types and enzyme sources
TRAPPC1	9606.ENSP00000302783	TISSUES	BTO:0000042	Animal
TRAPPC1	9606.ENSP00000302783	TISSUES	BTO:0000081	Reproductive system
TRAPPC1	9606.ENSP00000302783	TISSUES	BTO:0000083	Female reproductive system
TRAPPC1	9606.ENSP00000302783	TISSUES	BTO:0001424	Uterus
TRAPPC1	9606.ENSP00000302783	TISSUES	BTO:0001489	Whole body
TRAPPC1	9606.ENSP00000302783	TISSUES	BTO:0003091	Urogenital system
TRAPPC1	9606.ENSP00000302783	TISSUES	BTO:0003099	Internal female genital organ
TRAPPC1	9606.ENSP00000302783	COMPARTMENTS	GOCC:0000323	Lytic vacuole
TRAPPC1	9606.ENSP00000302783	COMPARTMENTS	GOCC:0005622	Intracellular
TRAPPC1	9606.ENSP00000302783	COMPARTMENTS	GOCC:0005737	Cytoplasm
TRAPPC1	9606.ENSP00000302783	COMPARTMENTS	GOCC:0005764	Lysosome
TRAPPC1	9606.ENSP00000302783	COMPARTMENTS	GOCC:0005766	Primary lysosome
TRAPPC1	9606.ENSP00000302783	COMPARTMENTS	GOCC:0005768	Endosome
TRAPPC1	9606.ENSP00000302783	COMPARTMENTS	GOCC:0005773	Vacuole
TRAPPC1	9606.ENSP00000302783	COMPARTMENTS	GOCC:0005775	Vacuolar lumen
TRAPPC1	9606.ENSP00000302783	COMPARTMENTS	GOCC:0005794	Golgi apparatus
TRAPPC1	9606.ENSP00000302783	COMPARTMENTS	GOCC:0012505	Endomembrane system
TRAPPC1	9606.ENSP00000302783	COMPARTMENTS	GOCC:0030008	TRAPP complex
TRAPPC1	9606.ENSP00000302783	COMPARTMENTS	GOCC:0030141	Secretory granule
TRAPPC1	9606.ENSP00000302783	COMPARTMENTS	GOCC:0031410	Cytoplasmic vesicle
TRAPPC1	9606.ENSP00000302783	COMPARTMENTS	GOCC:0031974	Membrane-enclosed lumen
TRAPPC1	9606.ENSP00000302783	COMPARTMENTS	GOCC:0031982	Vesicle
TRAPPC1	9606.ENSP00000302783	COMPARTMENTS	GOCC:0031983	Vesicle lumen
TRAPPC1	9606.ENSP00000302783	COMPARTMENTS	GOCC:0032991	Protein-containing complex
TRAPPC1	9606.ENSP00000302783	COMPARTMENTS	GOCC:0034774	Secretory granule lumen
TRAPPC1	9606.ENSP00000302783	COMPARTMENTS	GOCC:0035578	Azurophil granule lumen
TRAPPC1	9606.ENSP00000302783	COMPARTMENTS	GOCC:0042582	Azurophil granule
TRAPPC1	9606.ENSP00000302783	COMPARTMENTS	GOCC:0043226	Organelle
TRAPPC1	9606.ENSP00000302783	COMPARTMENTS	GOCC:0043227	Membrane-bounded organelle
TRAPPC1	9606.ENSP00000302783	COMPARTMENTS	GOCC:0043229	Intracellular organelle
TRAPPC1	9606.ENSP00000302783	COMPARTMENTS	GOCC:0043231	Intracellular membrane-bounded organelle
TRAPPC1	9606.ENSP00000302783	COMPARTMENTS	GOCC:0043233	Organelle lumen
TRAPPC1	9606.ENSP00000302783	COMPARTMENTS	GOCC:0060205	Cytoplasmic vesicle lumen
TRAPPC1	9606.ENSP00000302783	COMPARTMENTS	GOCC:0070013	Intracellular organelle lumen
TRAPPC1	9606.ENSP00000302783	COMPARTMENTS	GOCC:0097708	Intracellular vesicle
TRAPPC1	9606.ENSP00000302783	COMPARTMENTS	GOCC:0099023	Vesicle tethering complex
TRAPPC1	9606.ENSP00000302783	COMPARTMENTS	GOCC:0099503	Secretory vesicle
TRAPPC1	9606.ENSP00000302783	COMPARTMENTS	GOCC:0110165	Cellular anatomical entity
TRAPPC1	9606.ENSP00000302783	COMPARTMENTS	GOCC:1990071	TRAPPII protein complex
TRAPPC1	9606.ENSP00000302783	UniProt Keywords	KW-0256	Endoplasmic reticulum
TRAPPC1	9606.ENSP00000302783	UniProt Keywords	KW-0333	Golgi apparatus
TRAPPC1	9606.ENSP00000302783	UniProt Keywords	KW-0813	Transport
TRAPPC1	9606.ENSP00000302783	UniProt Keywords	KW-0931	ER-Golgi transport
TRAPPC1	9606.ENSP00000302783	InterPro	IPR007233	Trafficking protein particle complex subunit
TRAPPC1	9606.ENSP00000302783	InterPro	IPR011012	Longin-like domain superfamily
TRAPPC1	9606.ENSP00000302783	SMART	SM01399	Sybindin-like family
TXN2	9606.ENSP00000216185	GO Process	GO:0001666	Response to hypoxia
TXN2	9606.ENSP00000216185	GO Process	GO:0006950	Response to stress
TXN2	9606.ENSP00000216185	GO Process	GO:0006979	Response to oxidative stress
TXN2	9606.ENSP00000216185	GO Process	GO:0007154	Cell communication
TXN2	9606.ENSP00000216185	GO Process	GO:0009410	Response to xenobiotic stimulus
TXN2	9606.ENSP00000216185	GO Process	GO:0009605	Response to external stimulus
TXN2	9606.ENSP00000216185	GO Process	GO:0009611	Response to wounding
TXN2	9606.ENSP00000216185	GO Process	GO:0009628	Response to abiotic stimulus
TXN2	9606.ENSP00000216185	GO Process	GO:0009719	Response to endogenous stimulus
TXN2	9606.ENSP00000216185	GO Process	GO:0009725	Response to hormone
TXN2	9606.ENSP00000216185	GO Process	GO:0009743	Response to carbohydrate
TXN2	9606.ENSP00000216185	GO Process	GO:0009746	Response to hexose
TXN2	9606.ENSP00000216185	GO Process	GO:0009749	Response to glucose
TXN2	9606.ENSP00000216185	GO Process	GO:0009987	Cellular process
TXN2	9606.ENSP00000216185	GO Process	GO:0009991	Response to extracellular stimulus
TXN2	9606.ENSP00000216185	GO Process	GO:0010033	Response to organic substance
TXN2	9606.ENSP00000216185	GO Process	GO:0014070	Response to organic cyclic compound
TXN2	9606.ENSP00000216185	GO Process	GO:0019725	Cellular homeostasis
TXN2	9606.ENSP00000216185	GO Process	GO:0031667	Response to nutrient levels
TXN2	9606.ENSP00000216185	GO Process	GO:0031668	Cellular response to extracellular stimulus
TXN2	9606.ENSP00000216185	GO Process	GO:0031669	Cellular response to nutrient levels
TXN2	9606.ENSP00000216185	GO Process	GO:0034284	Response to monosaccharide
TXN2	9606.ENSP00000216185	GO Process	GO:0036293	Response to decreased oxygen levels
TXN2	9606.ENSP00000216185	GO Process	GO:0042221	Response to chemical
TXN2	9606.ENSP00000216185	GO Process	GO:0042592	Homeostatic process
TXN2	9606.ENSP00000216185	GO Process	GO:0045454	Cell redox homeostasis
TXN2	9606.ENSP00000216185	GO Process	GO:0048678	Response to axon injury
TXN2	9606.ENSP00000216185	GO Process	GO:0050789	Regulation of biological process
TXN2	9606.ENSP00000216185	GO Process	GO:0050794	Regulation of cellular process
TXN2	9606.ENSP00000216185	GO Process	GO:0050896	Response to stimulus
TXN2	9606.ENSP00000216185	GO Process	GO:0051716	Cellular response to stimulus
TXN2	9606.ENSP00000216185	GO Process	GO:0065007	Biological regulation
TXN2	9606.ENSP00000216185	GO Process	GO:0065008	Regulation of biological quality
TXN2	9606.ENSP00000216185	GO Process	GO:0070482	Response to oxygen levels
TXN2	9606.ENSP00000216185	GO Process	GO:0071496	Cellular response to external stimulus
TXN2	9606.ENSP00000216185	GO Process	GO:1901700	Response to oxygen-containing compound
TXN2	9606.ENSP00000216185	GO Function	GO:0003824	Catalytic activity
TXN2	9606.ENSP00000216185	GO Function	GO:0005488	Binding
TXN2	9606.ENSP00000216185	GO Function	GO:0008113	Peptide-methionine (S)-S-oxide reductase activity
TXN2	9606.ENSP00000216185	GO Function	GO:0015035	Protein-disulfide reductase activity
TXN2	9606.ENSP00000216185	GO Function	GO:0015036	Disulfide oxidoreductase activity
TXN2	9606.ENSP00000216185	GO Function	GO:0016491	Oxidoreductase activity
TXN2	9606.ENSP00000216185	GO Function	GO:0016667	Oxidoreductase activity, acting on a sulfur group of donors
TXN2	9606.ENSP00000216185	GO Function	GO:0016671	Oxidoreductase activity, acting on a sulfur group of donors, disulfide as acceptor
TXN2	9606.ENSP00000216185	GO Function	GO:0033743	Peptide-methionine (R)-S-oxide reductase activity
TXN2	9606.ENSP00000216185	GO Function	GO:0044877	Protein-containing complex binding
TXN2	9606.ENSP00000216185	GO Function	GO:0140096	Catalytic activity, acting on a protein
TXN2	9606.ENSP00000216185	GO Component	GO:0005622	Intracellular anatomical structure
TXN2	9606.ENSP00000216185	GO Component	GO:0005634	Nucleus
TXN2	9606.ENSP00000216185	GO Component	GO:0005730	Nucleolus
TXN2	9606.ENSP00000216185	GO Component	GO:0005737	Cytoplasm
TXN2	9606.ENSP00000216185	GO Component	GO:0005739	Mitochondrion
TXN2	9606.ENSP00000216185	GO Component	GO:0005759	Mitochondrial matrix
TXN2	9606.ENSP00000216185	GO Component	GO:0030425	Dendrite
TXN2	9606.ENSP00000216185	GO Component	GO:0031974	Membrane-enclosed lumen
TXN2	9606.ENSP00000216185	GO Component	GO:0031981	Nuclear lumen
TXN2	9606.ENSP00000216185	GO Component	GO:0036477	Somatodendritic compartment
TXN2	9606.ENSP00000216185	GO Component	GO:0042995	Cell projection
TXN2	9606.ENSP00000216185	GO Component	GO:0043005	Neuron projection
TXN2	9606.ENSP00000216185	GO Component	GO:0043025	Neuronal cell body
TXN2	9606.ENSP00000216185	GO Component	GO:0043226	Organelle
TXN2	9606.ENSP00000216185	GO Component	GO:0043227	Membrane-bounded organelle
TXN2	9606.ENSP00000216185	GO Component	GO:0043228	Non-membrane-bounded organelle
TXN2	9606.ENSP00000216185	GO Component	GO:0043229	Intracellular organelle
TXN2	9606.ENSP00000216185	GO Component	GO:0043231	Intracellular membrane-bounded organelle
TXN2	9606.ENSP00000216185	GO Component	GO:0043232	Intracellular non-membrane-bounded organelle
TXN2	9606.ENSP00000216185	GO Component	GO:0043233	Organelle lumen
TXN2	9606.ENSP00000216185	GO Component	GO:0044297	Cell body
TXN2	9606.ENSP00000216185	GO Component	GO:0070013	Intracellular organelle lumen
TXN2	9606.ENSP00000216185	GO Component	GO:0097447	Dendritic tree
TXN2	9606.ENSP00000216185	GO Component	GO:0110165	Cellular anatomical entity
TXN2	9606.ENSP00000216185	GO Component	GO:0120025	Plasma membrane bounded cell projection
TXN2	9606.ENSP00000216185	STRING clusters	CL:9654	Mixed, incl. Glutathione metabolism, and Detoxification of Reactive Oxygen Species
TXN2	9606.ENSP00000216185	STRING clusters	CL:9655	Mixed, incl. Glutathione metabolism, and Detoxification of Reactive Oxygen Species
TXN2	9606.ENSP00000216185	STRING clusters	CL:9656	Mixed, incl. Glutathione metabolism, and Detoxification of Reactive Oxygen Species
TXN2	9606.ENSP00000216185	STRING clusters	CL:9657	Mixed, incl. Glutathione metabolism, and Detoxification of Reactive Oxygen Species
TXN2	9606.ENSP00000216185	STRING clusters	CL:9658	Detoxification of Reactive Oxygen Species, and Copper transport
TXN2	9606.ENSP00000216185	STRING clusters	CL:9660	Detoxification of Reactive Oxygen Species, and Heme catabolic process
TXN2	9606.ENSP00000216185	KEGG	hsa04621	NOD-like receptor signaling pathway
TXN2	9606.ENSP00000216185	KEGG	hsa05012	Parkinson disease
TXN2	9606.ENSP00000216185	KEGG	hsa05132	Salmonella infection
TXN2	9606.ENSP00000216185	KEGG	hsa05418	Fluid shear stress and atherosclerosis
TXN2	9606.ENSP00000216185	Reactome	HSA-1430728	Metabolism
TXN2	9606.ENSP00000216185	Reactome	HSA-1614558	Degradation of cysteine and homocysteine
TXN2	9606.ENSP00000216185	Reactome	HSA-1614635	Sulfur amino acid metabolism
TXN2	9606.ENSP00000216185	Reactome	HSA-2262752	Cellular responses to stress
TXN2	9606.ENSP00000216185	Reactome	HSA-3299685	Detoxification of Reactive Oxygen Species
TXN2	9606.ENSP00000216185	Reactome	HSA-71291	Metabolism of amino acids and derivatives
TXN2	9606.ENSP00000216185	Reactome	HSA-8953897	Cellular responses to stimuli
TXN2	9606.ENSP00000216185	Reactome	HSA-9711123	Cellular response to chemical stress
TXN2	9606.ENSP00000216185	WikiPathways	WP408	Oxidative stress response
TXN2	9606.ENSP00000216185	DISEASES	DOID:1289	Neurodegenerative disease
TXN2	9606.ENSP00000216185	DISEASES	DOID:331	Central nervous system disease
TXN2	9606.ENSP00000216185	DISEASES	DOID:4	Disease
TXN2	9606.ENSP00000216185	DISEASES	DOID:7	Disease of anatomical entity
TXN2	9606.ENSP00000216185	DISEASES	DOID:863	Nervous system disease
TXN2	9606.ENSP00000216185	TISSUES	BTO:0000000	Tissues, cell types and enzyme sources
TXN2	9606.ENSP00000216185	TISSUES	BTO:0000042	Animal
TXN2	9606.ENSP00000216185	TISSUES	BTO:0000081	Reproductive system
TXN2	9606.ENSP00000216185	TISSUES	BTO:0000083	Female reproductive system
TXN2	9606.ENSP00000216185	TISSUES	BTO:0000174	Embryonic structure
TXN2	9606.ENSP00000216185	TISSUES	BTO:0000202	Sense organ
TXN2	9606.ENSP00000216185	TISSUES	BTO:0000282	Head
TXN2	9606.ENSP00000216185	TISSUES	BTO:0000284	Organism form
TXN2	9606.ENSP00000216185	TISSUES	BTO:0000345	Digestive gland
TXN2	9606.ENSP00000216185	TISSUES	BTO:0000372	Bone cancer cell
TXN2	9606.ENSP00000216185	TISSUES	BTO:0000439	Eye
TXN2	9606.ENSP00000216185	TISSUES	BTO:0000449	Fetus
TXN2	9606.ENSP00000216185	TISSUES	BTO:0000522	Gland
TXN2	9606.ENSP00000216185	TISSUES	BTO:0000580	Blood cancer cell
TXN2	9606.ENSP00000216185	TISSUES	BTO:0000723	Lens
TXN2	9606.ENSP00000216185	TISSUES	BTO:0000759	Liver
TXN2	9606.ENSP00000216185	TISSUES	BTO:0000970	Osteosarcoma cell
TXN2	9606.ENSP00000216185	TISSUES	BTO:0000988	Pancreas
TXN2	9606.ENSP00000216185	TISSUES	BTO:0001078	Placenta
TXN2	9606.ENSP00000216185	TISSUES	BTO:0001207	Sarcoma cell
TXN2	9606.ENSP00000216185	TISSUES	BTO:0001271	Leukemia cell
TXN2	9606.ENSP00000216185	TISSUES	BTO:0001488	Endocrine gland
TXN2	9606.ENSP00000216185	TISSUES	BTO:0001489	Whole body
TXN2	9606.ENSP00000216185	TISSUES	BTO:0001491	Viscus
TXN2	9606.ENSP00000216185	TISSUES	BTO:0001801	Skeletal muscle cancer cell
TXN2	9606.ENSP00000216185	TISSUES	BTO:0003091	Urogenital system
TXN2	9606.ENSP00000216185	TISSUES	BTO:0003099	Internal female genital organ
TXN2	9606.ENSP00000216185	COMPARTMENTS	GOCC:0005622	Intracellular
TXN2	9606.ENSP00000216185	COMPARTMENTS	GOCC:0005634	Nucleus
TXN2	9606.ENSP00000216185	COMPARTMENTS	GOCC:0005730	Nucleolus
TXN2	9606.ENSP00000216185	COMPARTMENTS	GOCC:0005737	Cytoplasm
TXN2	9606.ENSP00000216185	COMPARTMENTS	GOCC:0005739	Mitochondrion
TXN2	9606.ENSP00000216185	COMPARTMENTS	GOCC:0005759	Mitochondrial matrix
TXN2	9606.ENSP00000216185	COMPARTMENTS	GOCC:0031974	Membrane-enclosed lumen
TXN2	9606.ENSP00000216185	COMPARTMENTS	GOCC:0031981	Nuclear lumen
TXN2	9606.ENSP00000216185	COMPARTMENTS	GOCC:0043226	Organelle
TXN2	9606.ENSP00000216185	COMPARTMENTS	GOCC:0043227	Membrane-bounded organelle
TXN2	9606.ENSP00000216185	COMPARTMENTS	GOCC:0043228	Non-membrane-bounded organelle
TXN2	9606.ENSP00000216185	COMPARTMENTS	GOCC:0043229	Intracellular organelle
TXN2	9606.ENSP00000216185	COMPARTMENTS	GOCC:0043231	Intracellular membrane-bounded organelle
TXN2	9606.ENSP00000216185	COMPARTMENTS	GOCC:0043232	Intracellular non-membrane-bounded organelle
TXN2	9606.ENSP00000216185	COMPARTMENTS	GOCC:0043233	Organelle lumen
TXN2	9606.ENSP00000216185	COMPARTMENTS	GOCC:0070013	Intracellular organelle lumen
TXN2	9606.ENSP00000216185	COMPARTMENTS	GOCC:0110165	Cellular anatomical entity
TXN2	9606.ENSP00000216185	Monarch	HP:0000118	Phenotypic abnormality
TXN2	9606.ENSP00000216185	Monarch	HP:0000152	Abnormality of head or neck
TXN2	9606.ENSP00000216185	Monarch	HP:0000234	Abnormality of the head
TXN2	9606.ENSP00000216185	Monarch	HP:0000240	Abnormality of skull size
TXN2	9606.ENSP00000216185	Monarch	HP:0000252	Microcephaly
TXN2	9606.ENSP00000216185	Monarch	HP:0000478	Abnormality of the eye
TXN2	9606.ENSP00000216185	Monarch	HP:0000479	Abnormal retinal morphology
TXN2	9606.ENSP00000216185	Monarch	HP:0000488	Retinopathy
TXN2	9606.ENSP00000216185	Monarch	HP:0000587	Abnormality of the optic nerve
TXN2	9606.ENSP00000216185	Monarch	HP:0000707	Abnormality of the nervous system
TXN2	9606.ENSP00000216185	Monarch	HP:0000759	Abnormal peripheral nervous system morphology
TXN2	9606.ENSP00000216185	Monarch	HP:0000764	Peripheral axonal degeneration
TXN2	9606.ENSP00000216185	Monarch	HP:0000924	Abnormality of the skeletal system
TXN2	9606.ENSP00000216185	Monarch	HP:0000929	Abnormal skull morphology
TXN2	9606.ENSP00000216185	Monarch	HP:0001098	Abnormal fundus morphology
TXN2	9606.ENSP00000216185	Monarch	HP:0001138	Optic neuropathy
TXN2	9606.ENSP00000216185	Monarch	HP:0001250	Seizure
TXN2	9606.ENSP00000216185	Monarch	HP:0001263	Global developmental delay
TXN2	9606.ENSP00000216185	Monarch	HP:0001272	Cerebellar atrophy
TXN2	9606.ENSP00000216185	Monarch	HP:0001317	Abnormal cerebellum morphology
TXN2	9606.ENSP00000216185	Monarch	HP:0001336	Myoclonus
TXN2	9606.ENSP00000216185	Monarch	HP:0001939	Abnormality of metabolism/homeostasis
TXN2	9606.ENSP00000216185	Monarch	HP:0001941	Acidosis
TXN2	9606.ENSP00000216185	Monarch	HP:0002011	Morphological central nervous system abnormality
TXN2	9606.ENSP00000216185	Monarch	HP:0002060	Abnormal cerebral morphology
TXN2	9606.ENSP00000216185	Monarch	HP:0002069	Bilateral tonic-clonic seizure
TXN2	9606.ENSP00000216185	Monarch	HP:0002118	Abnormal cerebral ventricle morphology
TXN2	9606.ENSP00000216185	Monarch	HP:0002151	Increased serum lactate
TXN2	9606.ENSP00000216185	Monarch	HP:0002180	Neurodegeneration
TXN2	9606.ENSP00000216185	Monarch	HP:0002270	Abnormality of the autonomic nervous system
TXN2	9606.ENSP00000216185	Monarch	HP:0002283	Global brain atrophy
TXN2	9606.ENSP00000216185	Monarch	HP:0002311	Incoordination
TXN2	9606.ENSP00000216185	Monarch	HP:0002370	Poor coordination
TXN2	9606.ENSP00000216185	Monarch	HP:0002416	Subependymal cysts
TXN2	9606.ENSP00000216185	Monarch	HP:0002490	Increased CSF lactate
TXN2	9606.ENSP00000216185	Monarch	HP:0002579	Gastrointestinal dysmotility
TXN2	9606.ENSP00000216185	Monarch	HP:0002921	Abnormal cerebrospinal fluid morphology
TXN2	9606.ENSP00000216185	Monarch	HP:0002922	Increased CSF protein concentration
TXN2	9606.ENSP00000216185	Monarch	HP:0002977	Aplasia/Hypoplasia involving the central nervous system
TXN2	9606.ENSP00000216185	Monarch	HP:0003011	Abnormality of the musculature
TXN2	9606.ENSP00000216185	Monarch	HP:0003287	Abnormality of mitochondrial metabolism
TXN2	9606.ENSP00000216185	Monarch	HP:0003739	Myoclonic spasms
TXN2	9606.ENSP00000216185	Monarch	HP:0003808	Abnormal muscle tone
TXN2	9606.ENSP00000216185	Monarch	HP:0004305	Involuntary movements
TXN2	9606.ENSP00000216185	Monarch	HP:0004329	Abnormal posterior eye segment morphology
TXN2	9606.ENSP00000216185	Monarch	HP:0004360	Abnormality of acid-base homeostasis
TXN2	9606.ENSP00000216185	Monarch	HP:0007364	Aplasia/Hypoplasia of the cerebrum
TXN2	9606.ENSP00000216185	Monarch	HP:0007367	Atrophy/Degeneration affecting the central nervous system
TXN2	9606.ENSP00000216185	Monarch	HP:0008872	Feeding difficulties in infancy
TXN2	9606.ENSP00000216185	Monarch	HP:0008972	Decreased activity of mitochondrial respiratory chain
TXN2	9606.ENSP00000216185	Monarch	HP:0009121	Abnormal axial skeleton morphology
TXN2	9606.ENSP00000216185	Monarch	HP:0010576	Intracranial cystic lesion
TXN2	9606.ENSP00000216185	Monarch	HP:0011017	Abnormal cellular physiology
TXN2	9606.ENSP00000216185	Monarch	HP:0011024	Abnormality of the gastrointestinal tract
TXN2	9606.ENSP00000216185	Monarch	HP:0011282	Abnormal hindbrain morphology
TXN2	9606.ENSP00000216185	Monarch	HP:0011283	Abnormal metencephalon morphology
TXN2	9606.ENSP00000216185	Monarch	HP:0011344	Severe global developmental delay
TXN2	9606.ENSP00000216185	Monarch	HP:0011442	Abnormal central motor function
TXN2	9606.ENSP00000216185	Monarch	HP:0011443	Abnormality of coordination
TXN2	9606.ENSP00000216185	Monarch	HP:0011451	Primary microcephaly
TXN2	9606.ENSP00000216185	Monarch	HP:0011458	Abdominal symptom
TXN2	9606.ENSP00000216185	Monarch	HP:0011804	Abnormal muscle physiology
TXN2	9606.ENSP00000216185	Monarch	HP:0011842	Abnormal skeletal morphology
TXN2	9606.ENSP00000216185	Monarch	HP:0011922	Abnormal activity of mitochondrial respiratory chain
TXN2	9606.ENSP00000216185	Monarch	HP:0011923	Decreased activity of mitochondrial complex I
TXN2	9606.ENSP00000216185	Monarch	HP:0011924	Decreased activity of mitochondrial complex III
TXN2	9606.ENSP00000216185	Monarch	HP:0011968	Feeding difficulties
TXN2	9606.ENSP00000216185	Monarch	HP:0012103	Abnormality of the mitochondrion
TXN2	9606.ENSP00000216185	Monarch	HP:0012332	Abnormal autonomic nervous system physiology
TXN2	9606.ENSP00000216185	Monarch	HP:0012337	Abnormal homeostasis
TXN2	9606.ENSP00000216185	Monarch	HP:0012372	Abnormal eye morphology
TXN2	9606.ENSP00000216185	Monarch	HP:0012443	Abnormality of brain morphology
TXN2	9606.ENSP00000216185	Monarch	HP:0012444	Brain atrophy
TXN2	9606.ENSP00000216185	Monarch	HP:0012447	Abnormal myelination
TXN2	9606.ENSP00000216185	Monarch	HP:0012448	Delayed myelination
TXN2	9606.ENSP00000216185	Monarch	HP:0012638	Abnormal nervous system physiology
TXN2	9606.ENSP00000216185	Monarch	HP:0012639	Abnormal nervous system morphology
TXN2	9606.ENSP00000216185	Monarch	HP:0012719	Functional abnormality of the gastrointestinal tract
TXN2	9606.ENSP00000216185	Monarch	HP:0012758	Neurodevelopmental delay
TXN2	9606.ENSP00000216185	Monarch	HP:0012759	Neurodevelopmental abnormality
TXN2	9606.ENSP00000216185	Monarch	HP:0025031	Abnormality of the digestive system
TXN2	9606.ENSP00000216185	Monarch	HP:0025032	Abnormality of digestive system physiology
TXN2	9606.ENSP00000216185	Monarch	HP:0025354	Abnormal cellular phenotype
TXN2	9606.ENSP00000216185	Monarch	HP:0025454	Abnormal CSF metabolite concentration
TXN2	9606.ENSP00000216185	Monarch	HP:0025456	Abnormal CSF protein concentration
TXN2	9606.ENSP00000216185	Monarch	HP:0030085	Abnormal CSF lactate concentration
TXN2	9606.ENSP00000216185	Monarch	HP:0030724	Central nervous system cyst
TXN2	9606.ENSP00000216185	Monarch	HP:0030884	Gastrojejunal tube feeding in infancy
TXN2	9606.ENSP00000216185	Monarch	HP:0030895	Abnormal gastrointestinal motility
TXN2	9606.ENSP00000216185	Monarch	HP:0033127	Abnormality of the musculoskeletal system
TXN2	9606.ENSP00000216185	Monarch	HP:0033454	Tube feeding
TXN2	9606.ENSP00000216185	Monarch	HP:0040078	Axonal degeneration
TXN2	9606.ENSP00000216185	Monarch	HP:0040195	Decreased head circumference
TXN2	9606.ENSP00000216185	Monarch	HP:0100022	Abnormality of movement
TXN2	9606.ENSP00000216185	Monarch	HP:0100275	Diffuse cerebellar atrophy
TXN2	9606.ENSP00000216185	Monarch	HP:0100547	Abnormal forebrain morphology
TXN2	9606.ENSP00000216185	Monarch	HP:0410008	Abnormality of the peripheral nervous system
TXN2	9606.ENSP00000216185	UniProt Keywords	KW-0007	Acetylation
TXN2	9606.ENSP00000216185	UniProt Keywords	KW-0249	Electron transport
TXN2	9606.ENSP00000216185	UniProt Keywords	KW-0496	Mitochondrion
TXN2	9606.ENSP00000216185	UniProt Keywords	KW-0523	Neurodegeneration
TXN2	9606.ENSP00000216185	UniProt Keywords	KW-0676	Redox-active center
TXN2	9606.ENSP00000216185	UniProt Keywords	KW-0809	Transit peptide
TXN2	9606.ENSP00000216185	UniProt Keywords	KW-0813	Transport
TXN2	9606.ENSP00000216185	UniProt Keywords	KW-1015	Disulfide bond
TXN2	9606.ENSP00000216185	UniProt Keywords	KW-1274	Primary mitochondrial disease
TXN2	9606.ENSP00000216185	Pfam	PF13098	Thioredoxin-like domain
TXN2	9606.ENSP00000216185	InterPro	IPR005746	Thioredoxin
TXN2	9606.ENSP00000216185	InterPro	IPR013766	Thioredoxin domain
TXN2	9606.ENSP00000216185	InterPro	IPR017937	Thioredoxin, conserved site
TXN2	9606.ENSP00000216185	InterPro	IPR036249	Thioredoxin-like superfamily
VGF	9606.ENSP00000249330	GO Process	GO:0000003	Reproduction
VGF	9606.ENSP00000249330	GO Process	GO:0001541	Ovarian follicle development
VGF	9606.ENSP00000249330	GO Process	GO:0002021	Response to dietary excess
VGF	9606.ENSP00000249330	GO Process	GO:0002790	Peptide secretion
VGF	9606.ENSP00000249330	GO Process	GO:0003006	Developmental process involved in reproduction
VGF	9606.ENSP00000249330	GO Process	GO:0006091	Generation of precursor metabolites and energy
VGF	9606.ENSP00000249330	GO Process	GO:0006810	Transport
VGF	9606.ENSP00000249330	GO Process	GO:0006950	Response to stress
VGF	9606.ENSP00000249330	GO Process	GO:0006952	Defense response
VGF	9606.ENSP00000249330	GO Process	GO:0007154	Cell communication
VGF	9606.ENSP00000249330	GO Process	GO:0007165	Signal transduction
VGF	9606.ENSP00000249330	GO Process	GO:0007267	Cell-cell signaling
VGF	9606.ENSP00000249330	GO Process	GO:0007275	Multicellular organism development
VGF	9606.ENSP00000249330	GO Process	GO:0007548	Sex differentiation
VGF	9606.ENSP00000249330	GO Process	GO:0007610	Behavior
VGF	9606.ENSP00000249330	GO Process	GO:0007617	Mating behavior
VGF	9606.ENSP00000249330	GO Process	GO:0007620	Copulation
VGF	9606.ENSP00000249330	GO Process	GO:0008104	Protein localization
VGF	9606.ENSP00000249330	GO Process	GO:0008152	Metabolic process
VGF	9606.ENSP00000249330	GO Process	GO:0008406	Gonad development
VGF	9606.ENSP00000249330	GO Process	GO:0008585	Female gonad development
VGF	9606.ENSP00000249330	GO Process	GO:0009266	Response to temperature stimulus
VGF	9606.ENSP00000249330	GO Process	GO:0009306	Protein secretion
VGF	9606.ENSP00000249330	GO Process	GO:0009409	Response to cold
VGF	9606.ENSP00000249330	GO Process	GO:0009605	Response to external stimulus
VGF	9606.ENSP00000249330	GO Process	GO:0009607	Response to biotic stimulus
VGF	9606.ENSP00000249330	GO Process	GO:0009617	Response to bacterium
VGF	9606.ENSP00000249330	GO Process	GO:0009628	Response to abiotic stimulus
VGF	9606.ENSP00000249330	GO Process	GO:0009719	Response to endogenous stimulus
VGF	9606.ENSP00000249330	GO Process	GO:0009725	Response to hormone
VGF	9606.ENSP00000249330	GO Process	GO:0009914	Hormone transport
VGF	9606.ENSP00000249330	GO Process	GO:0009987	Cellular process
VGF	9606.ENSP00000249330	GO Process	GO:0009991	Response to extracellular stimulus
VGF	9606.ENSP00000249330	GO Process	GO:0010033	Response to organic substance
VGF	9606.ENSP00000249330	GO Process	GO:0010243	Response to organonitrogen compound
VGF	9606.ENSP00000249330	GO Process	GO:0010646	Regulation of cell communication
VGF	9606.ENSP00000249330	GO Process	GO:0010817	Regulation of hormone levels
VGF	9606.ENSP00000249330	GO Process	GO:0014070	Response to organic cyclic compound
VGF	9606.ENSP00000249330	GO Process	GO:0014074	Response to purine-containing compound
VGF	9606.ENSP00000249330	GO Process	GO:0015031	Protein transport
VGF	9606.ENSP00000249330	GO Process	GO:0015833	Peptide transport
VGF	9606.ENSP00000249330	GO Process	GO:0019098	Reproductive behavior
VGF	9606.ENSP00000249330	GO Process	GO:0019953	Sexual reproduction
VGF	9606.ENSP00000249330	GO Process	GO:0022414	Reproductive process
VGF	9606.ENSP00000249330	GO Process	GO:0023051	Regulation of signaling
VGF	9606.ENSP00000249330	GO Process	GO:0023052	Signaling
VGF	9606.ENSP00000249330	GO Process	GO:0023061	Signal release
VGF	9606.ENSP00000249330	GO Process	GO:0030072	Peptide hormone secretion
VGF	9606.ENSP00000249330	GO Process	GO:0030073	Insulin secretion
VGF	9606.ENSP00000249330	GO Process	GO:0031667	Response to nutrient levels
VGF	9606.ENSP00000249330	GO Process	GO:0032501	Multicellular organismal process
VGF	9606.ENSP00000249330	GO Process	GO:0032502	Developmental process
VGF	9606.ENSP00000249330	GO Process	GO:0032504	Multicellular organism reproduction
VGF	9606.ENSP00000249330	GO Process	GO:0032868	Response to insulin
VGF	9606.ENSP00000249330	GO Process	GO:0032940	Secretion by cell
VGF	9606.ENSP00000249330	GO Process	GO:0033036	Macromolecule localization
VGF	9606.ENSP00000249330	GO Process	GO:0033500	Carbohydrate homeostasis
VGF	9606.ENSP00000249330	GO Process	GO:0035592	Establishment of protein localization to extracellular region
VGF	9606.ENSP00000249330	GO Process	GO:0042221	Response to chemical
VGF	9606.ENSP00000249330	GO Process	GO:0042592	Homeostatic process
VGF	9606.ENSP00000249330	GO Process	GO:0042593	Glucose homeostasis
VGF	9606.ENSP00000249330	GO Process	GO:0042742	Defense response to bacterium
VGF	9606.ENSP00000249330	GO Process	GO:0042886	Amide transport
VGF	9606.ENSP00000249330	GO Process	GO:0043084	Penile erection
VGF	9606.ENSP00000249330	GO Process	GO:0043207	Response to external biotic stimulus
VGF	9606.ENSP00000249330	GO Process	GO:0043434	Response to peptide hormone
VGF	9606.ENSP00000249330	GO Process	GO:0044237	Cellular metabolic process
VGF	9606.ENSP00000249330	GO Process	GO:0044419	Biological process involved in interspecies interaction between organisms
VGF	9606.ENSP00000249330	GO Process	GO:0045137	Development of primary sexual characteristics
VGF	9606.ENSP00000249330	GO Process	GO:0045184	Establishment of protein localization
VGF	9606.ENSP00000249330	GO Process	GO:0046545	Development of primary female sexual characteristics
VGF	9606.ENSP00000249330	GO Process	GO:0046660	Female sex differentiation
VGF	9606.ENSP00000249330	GO Process	GO:0046683	Response to organophosphorus
VGF	9606.ENSP00000249330	GO Process	GO:0046879	Hormone secretion
VGF	9606.ENSP00000249330	GO Process	GO:0046903	Secretion
VGF	9606.ENSP00000249330	GO Process	GO:0048167	Regulation of synaptic plasticity
VGF	9606.ENSP00000249330	GO Process	GO:0048168	Regulation of neuronal synaptic plasticity
VGF	9606.ENSP00000249330	GO Process	GO:0048513	Animal organ development
VGF	9606.ENSP00000249330	GO Process	GO:0048608	Reproductive structure development
VGF	9606.ENSP00000249330	GO Process	GO:0048609	Multicellular organismal reproductive process
VGF	9606.ENSP00000249330	GO Process	GO:0048731	System development
VGF	9606.ENSP00000249330	GO Process	GO:0048856	Anatomical structure development
VGF	9606.ENSP00000249330	GO Process	GO:0048878	Chemical homeostasis
VGF	9606.ENSP00000249330	GO Process	GO:0050789	Regulation of biological process
VGF	9606.ENSP00000249330	GO Process	GO:0050794	Regulation of cellular process
VGF	9606.ENSP00000249330	GO Process	GO:0050804	Modulation of chemical synaptic transmission
VGF	9606.ENSP00000249330	GO Process	GO:0050896	Response to stimulus
VGF	9606.ENSP00000249330	GO Process	GO:0051179	Localization
VGF	9606.ENSP00000249330	GO Process	GO:0051234	Establishment of localization
VGF	9606.ENSP00000249330	GO Process	GO:0051591	Response to cAMP
VGF	9606.ENSP00000249330	GO Process	GO:0051641	Cellular localization
VGF	9606.ENSP00000249330	GO Process	GO:0051707	Response to other organism
VGF	9606.ENSP00000249330	GO Process	GO:0051716	Cellular response to stimulus
VGF	9606.ENSP00000249330	GO Process	GO:0061458	Reproductive system development
VGF	9606.ENSP00000249330	GO Process	GO:0065007	Biological regulation
VGF	9606.ENSP00000249330	GO Process	GO:0065008	Regulation of biological quality
VGF	9606.ENSP00000249330	GO Process	GO:0070727	Cellular macromolecule localization
VGF	9606.ENSP00000249330	GO Process	GO:0071692	Protein localization to extracellular region
VGF	9606.ENSP00000249330	GO Process	GO:0071702	Organic substance transport
VGF	9606.ENSP00000249330	GO Process	GO:0071705	Nitrogen compound transport
VGF	9606.ENSP00000249330	GO Process	GO:0098542	Defense response to other organism
VGF	9606.ENSP00000249330	GO Process	GO:0099177	Regulation of trans-synaptic signaling
VGF	9606.ENSP00000249330	GO Process	GO:0140352	Export from cell
VGF	9606.ENSP00000249330	GO Process	GO:1901652	Response to peptide
VGF	9606.ENSP00000249330	GO Process	GO:1901698	Response to nitrogen compound
VGF	9606.ENSP00000249330	GO Process	GO:1901700	Response to oxygen-containing compound
VGF	9606.ENSP00000249330	GO Function	GO:0005102	Signaling receptor binding
VGF	9606.ENSP00000249330	GO Function	GO:0005179	Hormone activity
VGF	9606.ENSP00000249330	GO Function	GO:0005184	Neuropeptide hormone activity
VGF	9606.ENSP00000249330	GO Function	GO:0005488	Binding
VGF	9606.ENSP00000249330	GO Function	GO:0005515	Protein binding
VGF	9606.ENSP00000249330	GO Function	GO:0008083	Growth factor activity
VGF	9606.ENSP00000249330	GO Function	GO:0030545	Signaling receptor regulator activity
VGF	9606.ENSP00000249330	GO Function	GO:0030546	Signaling receptor activator activity
VGF	9606.ENSP00000249330	GO Function	GO:0048018	Receptor ligand activity
VGF	9606.ENSP00000249330	GO Function	GO:0098772	Molecular function regulator activity
VGF	9606.ENSP00000249330	GO Component	GO:0005576	Extracellular region
VGF	9606.ENSP00000249330	GO Component	GO:0005615	Extracellular space
VGF	9606.ENSP00000249330	GO Component	GO:0005622	Intracellular anatomical structure
VGF	9606.ENSP00000249330	GO Component	GO:0005737	Cytoplasm
VGF	9606.ENSP00000249330	GO Component	GO:0005783	Endoplasmic reticulum
VGF	9606.ENSP00000249330	GO Component	GO:0005788	Endoplasmic reticulum lumen
VGF	9606.ENSP00000249330	GO Component	GO:0005794	Golgi apparatus
VGF	9606.ENSP00000249330	GO Component	GO:0012505	Endomembrane system
VGF	9606.ENSP00000249330	GO Component	GO:0012506	Vesicle membrane
VGF	9606.ENSP00000249330	GO Component	GO:0016020	Membrane
VGF	9606.ENSP00000249330	GO Component	GO:0030054	Cell junction
VGF	9606.ENSP00000249330	GO Component	GO:0030133	Transport vesicle
VGF	9606.ENSP00000249330	GO Component	GO:0030141	Secretory granule
VGF	9606.ENSP00000249330	GO Component	GO:0030659	Cytoplasmic vesicle membrane
VGF	9606.ENSP00000249330	GO Component	GO:0030667	Secretory granule membrane
VGF	9606.ENSP00000249330	GO Component	GO:0031090	Organelle membrane
VGF	9606.ENSP00000249330	GO Component	GO:0031410	Cytoplasmic vesicle
VGF	9606.ENSP00000249330	GO Component	GO:0031974	Membrane-enclosed lumen
VGF	9606.ENSP00000249330	GO Component	GO:0031982	Vesicle
VGF	9606.ENSP00000249330	GO Component	GO:0036477	Somatodendritic compartment
VGF	9606.ENSP00000249330	GO Component	GO:0042995	Cell projection
VGF	9606.ENSP00000249330	GO Component	GO:0043005	Neuron projection
VGF	9606.ENSP00000249330	GO Component	GO:0043025	Neuronal cell body
VGF	9606.ENSP00000249330	GO Component	GO:0043226	Organelle
VGF	9606.ENSP00000249330	GO Component	GO:0043227	Membrane-bounded organelle
VGF	9606.ENSP00000249330	GO Component	GO:0043229	Intracellular organelle
VGF	9606.ENSP00000249330	GO Component	GO:0043231	Intracellular membrane-bounded organelle
VGF	9606.ENSP00000249330	GO Component	GO:0043233	Organelle lumen
VGF	9606.ENSP00000249330	GO Component	GO:0044297	Cell body
VGF	9606.ENSP00000249330	GO Component	GO:0045202	Synapse
VGF	9606.ENSP00000249330	GO Component	GO:0070013	Intracellular organelle lumen
VGF	9606.ENSP00000249330	GO Component	GO:0097708	Intracellular vesicle
VGF	9606.ENSP00000249330	GO Component	GO:0098588	Bounding membrane of organelle
VGF	9606.ENSP00000249330	GO Component	GO:0099503	Secretory vesicle
VGF	9606.ENSP00000249330	GO Component	GO:0110165	Cellular anatomical entity
VGF	9606.ENSP00000249330	GO Component	GO:0120025	Plasma membrane bounded cell projection
VGF	9606.ENSP00000249330	STRING clusters	CL:23280	Mixed, incl. Exocytic vesicle membrane, and Acetylcholine Neurotransmitter Release Cycle
VGF	9606.ENSP00000249330	STRING clusters	CL:23409	Mixed, incl. Chromogranin A/B/C, and Protein-tyrosine phosphatase receptor IA-2
VGF	9606.ENSP00000249330	STRING clusters	CL:23410	Mixed, incl. Chromogranin A/B/C, and Protein localization to secretory granule
VGF	9606.ENSP00000249330	Reactome	HSA-162582	Signal Transduction
VGF	9606.ENSP00000249330	Reactome	HSA-166520	Signaling by NTRKs
VGF	9606.ENSP00000249330	Reactome	HSA-187037	Signaling by NTRK1 (TRKA)
VGF	9606.ENSP00000249330	Reactome	HSA-198725	Nuclear Events (kinase and transcription factor activation)
VGF	9606.ENSP00000249330	Reactome	HSA-381426	Regulation of Insulin-like Growth Factor (IGF) transport and uptake by Insulin-like Growth Factor Binding Proteins (IGFBPs)
VGF	9606.ENSP00000249330	Reactome	HSA-392499	Metabolism of proteins
VGF	9606.ENSP00000249330	Reactome	HSA-597592	Post-translational protein modification
VGF	9606.ENSP00000249330	Reactome	HSA-8957275	Post-translational protein phosphorylation
VGF	9606.ENSP00000249330	Reactome	HSA-9006934	Signaling by Receptor Tyrosine Kinases
VGF	9606.ENSP00000249330	Reactome	HSA-9031628	NGF-stimulated transcription
VGF	9606.ENSP00000249330	TISSUES	BTO:0000000	Tissues, cell types and enzyme sources
VGF	9606.ENSP00000249330	TISSUES	BTO:0000042	Animal
VGF	9606.ENSP00000249330	TISSUES	BTO:0001028	Peripheral nervous system
VGF	9606.ENSP00000249330	TISSUES	BTO:0001484	Nervous system
VGF	9606.ENSP00000249330	TISSUES	BTO:0001489	Whole body
VGF	9606.ENSP00000249330	COMPARTMENTS	GOCC:0005576	Extracellular region
VGF	9606.ENSP00000249330	COMPARTMENTS	GOCC:0005615	Extracellular space
VGF	9606.ENSP00000249330	COMPARTMENTS	GOCC:0005622	Intracellular
VGF	9606.ENSP00000249330	COMPARTMENTS	GOCC:0005737	Cytoplasm
VGF	9606.ENSP00000249330	COMPARTMENTS	GOCC:0031410	Cytoplasmic vesicle
VGF	9606.ENSP00000249330	COMPARTMENTS	GOCC:0031982	Vesicle
VGF	9606.ENSP00000249330	COMPARTMENTS	GOCC:0043226	Organelle
VGF	9606.ENSP00000249330	COMPARTMENTS	GOCC:0043227	Membrane-bounded organelle
VGF	9606.ENSP00000249330	COMPARTMENTS	GOCC:0043229	Intracellular organelle
VGF	9606.ENSP00000249330	COMPARTMENTS	GOCC:0043231	Intracellular membrane-bounded organelle
VGF	9606.ENSP00000249330	COMPARTMENTS	GOCC:0097708	Intracellular vesicle
VGF	9606.ENSP00000249330	COMPARTMENTS	GOCC:0110165	Cellular anatomical entity
VGF	9606.ENSP00000249330	UniProt Keywords	KW-0027	Amidation
VGF	9606.ENSP00000249330	UniProt Keywords	KW-0044	Antibiotic
VGF	9606.ENSP00000249330	UniProt Keywords	KW-0165	Cleavage on pair of basic residues
VGF	9606.ENSP00000249330	UniProt Keywords	KW-0339	Growth factor
VGF	9606.ENSP00000249330	UniProt Keywords	KW-0597	Phosphoprotein
VGF	9606.ENSP00000249330	UniProt Keywords	KW-0732	Signal
VGF	9606.ENSP00000249330	UniProt Keywords	KW-0873	Pyrrolidone carboxylic acid
VGF	9606.ENSP00000249330	UniProt Keywords	KW-0929	Antimicrobial
VGF	9606.ENSP00000249330	UniProt Keywords	KW-0964	Secreted
VGF	9606.ENSP00000249330	UniProt Keywords	KW-0968	Cytoplasmic vesicle
VGF	9606.ENSP00000249330	InterPro	IPR026128	Neurosecretory protein VGF
